DateTime,Symbol,Open,High,Low,Close,Volume,Trades
2024-06-24 00:00,@MES#C,5500.24,5500.54,5499.24,5499.62,140,0
2024-06-24 00:01,@MES#C,5498.58,5498.78,5498.57,5498.65,92,0
2024-06-24 00:02,@MES#C,5497.97,5498.81,5497.95,5498.5,231,0
2024-06-24 00:03,@MES#C,5498.87,5499.02,5497.97,5498.36,420,0
2024-06-24 00:04,@MES#C,5499.06,5499.14,5498.76,5499.03,80,0
2024-06-24 00:05,@MES#C,5498.91,5499.05,5498.44,5498.65,486,0
2024-06-24 00:06,@MES#C,5498.94,5499.36,5498.09,5499.19,214,0
2024-06-24 00:07,@MES#C,5498.78,5499.03,5497.84,5498.29,485,0
2024-06-24 00:08,@MES#C,5498.2,5498.53,5497.44,5497.7,473,0
2024-06-24 00:09,@MES#C,5498.13,5498.22,5497.69,5497.73,246,0
2024-06-24 00:10,@MES#C,5497.91,5498.52,5497.64,5498.43,412,0
2024-06-24 00:11,@MES#C,5498.66,5499.62,5498.53,5499.04,53,0
2024-06-24 00:12,@MES#C,5498.66,5498.77,5497.68,5498.28,247,0
2024-06-24 00:13,@MES#C,5499.06,5499.19,5497.98,5498.05,350,0
2024-06-24 00:14,@MES#C,5498.51,5499.26,5498.38,5498.94,206,0
2024-06-24 00:15,@MES#C,5499.63,5500.14,5499.06,5499.51,246,0
2024-06-24 00:16,@MES#C,5498.78,5499.13,5498.5,5499.08,106,0
2024-06-24 00:17,@MES#C,5499.2,5499.7,5499.02,5499.58,300,0
2024-06-24 00:18,@MES#C,5499.05,5499.2,5498.35,5498.83,363,0
2024-06-24 00:19,@MES#C,5498.45,5498.65,5498.28,5498.46,257,0
2024-06-24 00:20,@MES#C,5498.99,5499.16,5498.9,5498.94,323,0
2024-06-24 00:21,@MES#C,5497.78,5498.18,5496.82,5496.98,212,0
2024-06-24 00:22,@MES#C,5496.26,5496.78,5495.89,5496.03,167,0
2024-06-24 00:23,@MES#C,5495.29,5495.67,5495.03,5495.16,372,0
2024-06-24 00:24,@MES#C,5495.84,5496.01,5494.7,5494.8,296,0
2024-06-24 00:25,@MES#C,5493.64,5493.9,5493.55,5493.69,129,0
2024-06-24 00:26,@MES#C,5493.7,5494.76,5493.29,5494.66,390,0
2024-06-24 00:27,@MES#C,5494.84,5495.99,5494.7,5495.66,237,0
2024-06-24 00:28,@MES#C,5496.83,5497.08,5495.74,5496.11,495,0
2024-06-24 00:29,@MES#C,5495.01,5495.48,5494.42,5495.39,311,0
2024-06-24 00:30,@MES#C,5494.58,5495.1,5493.78,5494.77,352,0
2024-06-24 00:31,@MES#C,5495.1,5495.95,5494.4,5494.51,270,0
2024-06-24 00:32,@MES#C,5493.86,5494.1,5493.55,5493.61,213,0
2024-06-24 00:33,@MES#C,5493.73,5494.15,5492.97,5493.64,421,0
2024-06-24 00:34,@MES#C,5493.25,5493.95,5493.16,5493.22,194,0
2024-06-24 00:35,@MES#C,5492.82,5493.2,5491.81,5492.11,98,0
2024-06-24 00:36,@MES#C,5493.81,5494.14,5492.95,5493.31,141,0
2024-06-24 00:37,@MES#C,5493.62,5493.64,5493.27,5493.53,478,0
2024-06-24 00:38,@MES#C,5493.89,5494.38,5493.1,5493.61,118,0
2024-06-24 00:39,@MES#C,5494.88,5495.02,5494.76,5494.97,451,0
2024-06-24 00:40,@MES#C,5496.02,5496.31,5495.57,5496.15,448,0
2024-06-24 00:41,@MES#C,5497.38,5497.98,5496.83,5497.49,92,0
2024-06-24 00:42,@MES#C,5498.81,5499.91,5498.65,5499.84,215,0
2024-06-24 00:43,@MES#C,5498.96,5499.21,5498.26,5498.42,319,0
2024-06-24 00:44,@MES#C,5498.42,5498.55,5497.75,5498.32,175,0
2024-06-24 00:45,@MES#C,5498.83,5498.85,5497.27,5497.6,109,0
2024-06-24 00:46,@MES#C,5496.63,5496.76,5495.73,5496.1,87,0
2024-06-24 00:47,@MES#C,5496.12,5496.26,5495.43,5495.83,382,0
2024-06-24 00:48,@MES#C,5496.26,5497.13,5495.99,5497.07,274,0
2024-06-24 00:49,@MES#C,5497.26,5497.8,5497.23,5497.37,61,0
2024-06-24 00:50,@MES#C,5497.55,5499.81,5497.21,5499.06,382,0
2024-06-24 00:51,@MES#C,5497.89,5498.02,5497.05,5497.54,411,0
2024-06-24 00:52,@MES#C,5496.95,5497.81,5496.49,5496.56,394,0
2024-06-24 00:53,@MES#C,5496.14,5496.17,5494.91,5495.61,322,0
2024-06-24 00:54,@MES#C,5494.44,5496.23,5494.0,5495.71,428,0
2024-06-24 00:55,@MES#C,5498.04,5498.19,5497.2,5497.33,417,0
2024-06-24 00:56,@MES#C,5498.72,5498.82,5497.81,5498.13,319,0
2024-06-24 00:57,@MES#C,5497.82,5498.37,5497.65,5497.74,124,0
2024-06-24 00:58,@MES#C,5497.53,5497.89,5497.34,5497.67,282,0
2024-06-24 00:59,@MES#C,5497.79,5498.03,5497.79,5498.01,356,0
2024-06-24 01:00,@MES#C,5497.43,5497.66,5496.59,5497.62,339,0
2024-06-24 01:01,@MES#C,5497.93,5498.37,5496.99,5497.47,307,0
2024-06-24 01:02,@MES#C,5497.68,5498.67,5497.31,5497.97,410,0
2024-06-24 01:03,@MES#C,5497.08,5497.18,5496.78,5496.8,456,0
2024-06-24 01:04,@MES#C,5496.56,5496.66,5496.44,5496.5,485,0
2024-06-24 01:05,@MES#C,5494.45,5494.52,5494.19,5494.31,435,0
2024-06-24 01:06,@MES#C,5494.01,5494.14,5492.26,5492.95,202,0
2024-06-24 01:07,@MES#C,5493.64,5493.67,5493.03,5493.45,215,0
2024-06-24 01:08,@MES#C,5493.18,5494.19,5492.49,5493.96,396,0
2024-06-24 01:09,@MES#C,5494.31,5495.53,5493.98,5495.36,197,0
2024-06-24 01:10,@MES#C,5495.12,5495.44,5494.72,5495.16,65,0
2024-06-24 01:11,@MES#C,5495.79,5496.25,5495.37,5495.67,141,0
2024-06-24 01:12,@MES#C,5497.13,5498.2,5497.1,5497.57,481,0
2024-06-24 01:13,@MES#C,5497.15,5498.31,5496.87,5498.06,481,0
2024-06-24 01:14,@MES#C,5497.25,5497.75,5496.98,5497.27,284,0
2024-06-24 01:15,@MES#C,5496.75,5497.68,5495.83,5497.44,327,0
2024-06-24 01:16,@MES#C,5497.68,5497.89,5497.04,5497.73,156,0
2024-06-24 01:17,@MES#C,5497.25,5498.24,5496.66,5497.61,319,0
2024-06-24 01:18,@MES#C,5497.9,5498.64,5497.58,5498.41,378,0
2024-06-24 01:19,@MES#C,5498.6,5498.85,5498.25,5498.74,200,0
2024-06-24 01:20,@MES#C,5498.62,5498.77,5498.13,5498.53,299,0
2024-06-24 01:21,@MES#C,5498.43,5499.61,5498.1,5499.32,247,0
2024-06-24 01:22,@MES#C,5499.48,5499.99,5498.95,5499.98,52,0
2024-06-24 01:23,@MES#C,5500.66,5501.92,5500.58,5500.99,372,0
2024-06-24 01:24,@MES#C,5499.39,5500.53,5499.34,5500.35,93,0
2024-06-24 01:25,@MES#C,5499.07,5499.71,5498.0,5498.32,254,0
2024-06-24 01:26,@MES#C,5498.67,5499.09,5498.1,5498.98,225,0
2024-06-24 01:27,@MES#C,5499.03,5499.21,5498.46,5498.74,498,0
2024-06-24 01:28,@MES#C,5498.85,5499.4,5498.64,5499.31,160,0
2024-06-24 01:29,@MES#C,5499.17,5499.61,5499.01,5499.29,158,0
2024-06-24 01:30,@MES#C,5499.7,5499.75,5499.21,5499.54,418,0
2024-06-24 01:31,@MES#C,5498.51,5499.44,5497.35,5497.62,322,0
2024-06-24 01:32,@MES#C,5498.22,5498.29,5497.61,5498.04,418,0
2024-06-24 01:33,@MES#C,5497.99,5498.84,5497.65,5498.8,427,0
2024-06-24 01:34,@MES#C,5498.33,5498.68,5497.29,5497.44,94,0
2024-06-24 01:35,@MES#C,5498.81,5498.97,5497.57,5497.99,369,0
2024-06-24 01:36,@MES#C,5498.36,5499.1,5497.92,5498.29,217,0
2024-06-24 01:37,@MES#C,5497.86,5498.12,5497.05,5497.22,91,0
2024-06-24 01:38,@MES#C,5497.07,5497.41,5496.54,5497.26,293,0
2024-06-24 01:39,@MES#C,5496.08,5496.85,5495.64,5496.72,185,0
2024-06-24 01:40,@MES#C,5497.03,5497.17,5496.17,5496.95,108,0
2024-06-24 01:41,@MES#C,5497.01,5497.53,5496.67,5497.1,103,0
2024-06-24 01:42,@MES#C,5497.37,5497.49,5497.02,5497.35,428,0
2024-06-24 01:43,@MES#C,5495.69,5495.88,5494.91,5495.02,147,0
2024-06-24 01:44,@MES#C,5496.57,5497.62,5496.43,5497.24,315,0
2024-06-24 01:45,@MES#C,5497.01,5497.37,5496.87,5497.12,365,0
2024-06-24 01:46,@MES#C,5497.97,5497.97,5496.25,5497.29,482,0
2024-06-24 01:47,@MES#C,5498.43,5498.72,5498.41,5498.49,280,0
2024-06-24 01:48,@MES#C,5498.35,5498.52,5497.54,5497.88,222,0
2024-06-24 01:49,@MES#C,5498.37,5499.21,5498.23,5498.77,272,0
2024-06-24 01:50,@MES#C,5498.54,5498.94,5498.17,5498.82,79,0
2024-06-24 01:51,@MES#C,5498.55,5499.15,5496.81,5497.35,384,0
2024-06-24 01:52,@MES#C,5498.07,5498.67,5496.45,5497.64,275,0
2024-06-24 01:53,@MES#C,5499.57,5500.06,5499.39,5499.84,481,0
2024-06-24 01:54,@MES#C,5498.59,5498.63,5498.37,5498.41,353,0
2024-06-24 01:55,@MES#C,5498.68,5499.36,5498.33,5499.09,144,0
2024-06-24 01:56,@MES#C,5500.39,5500.74,5499.27,5499.81,342,0
2024-06-24 01:57,@MES#C,5500.93,5501.51,5500.61,5500.66,113,0
2024-06-24 01:58,@MES#C,5500.87,5501.95,5500.49,5501.81,159,0
2024-06-24 01:59,@MES#C,5502.17,5502.43,5501.02,5501.23,458,0
2024-06-24 02:00,@MES#C,5502.15,5502.46,5500.04,5500.71,428,0
2024-06-24 02:01,@MES#C,5500.91,5501.01,5500.74,5500.8,429,0
2024-06-24 02:02,@MES#C,5500.97,5501.25,5500.1,5500.36,469,0
2024-06-24 02:03,@MES#C,5500.81,5501.8,5500.77,5500.98,430,0
2024-06-24 02:04,@MES#C,5500.74,5501.15,5499.79,5500.29,312,0
2024-06-24 02:05,@MES#C,5499.88,5499.9,5499.21,5499.34,274,0
2024-06-24 02:06,@MES#C,5499.38,5499.74,5498.63,5498.92,166,0
2024-06-24 02:07,@MES#C,5498.4,5498.81,5497.82,5498.73,61,0
2024-06-24 02:08,@MES#C,5498.68,5499.19,5498.6,5498.83,371,0
2024-06-24 02:09,@MES#C,5499.9,5500.75,5499.76,5500.65,491,0
2024-06-24 02:10,@MES#C,5498.72,5498.84,5497.6,5498.03,83,0
2024-06-24 02:11,@MES#C,5499.63,5499.96,5498.83,5498.92,101,0
2024-06-24 02:12,@MES#C,5500.21,5500.31,5498.75,5499.48,486,0
2024-06-24 02:13,@MES#C,5499.14,5499.65,5497.98,5498.15,387,0
2024-06-24 02:14,@MES#C,5497.73,5498.31,5497.02,5498.22,158,0
2024-06-24 02:15,@MES#C,5497.76,5498.77,5497.5,5498.52,235,0
2024-06-24 02:16,@MES#C,5498.95,5499.59,5498.28,5499.41,478,0
2024-06-24 02:17,@MES#C,5498.58,5499.29,5498.41,5498.72,71,0
2024-06-24 02:18,@MES#C,5498.08,5498.37,5497.21,5497.31,458,0
2024-06-24 02:19,@MES#C,5498.47,5498.48,5498.1,5498.21,155,0
2024-06-24 02:20,@MES#C,5497.71,5498.21,5497.55,5497.99,324,0
2024-06-24 02:21,@MES#C,5497.16,5497.81,5494.69,5495.71,352,0
2024-06-24 02:22,@MES#C,5495.39,5495.51,5494.11,5494.23,297,0
2024-06-24 02:23,@MES#C,5493.34,5493.89,5492.74,5493.68,448,0
2024-06-24 02:24,@MES#C,5494.24,5495.54,5494.11,5495.48,290,0
2024-06-24 02:25,@MES#C,5495.97,5496.03,5494.77,5494.93,111,0
2024-06-24 02:26,@MES#C,5496.41,5497.07,5495.86,5496.3,207,0
2024-06-24 02:27,@MES#C,5496.56,5496.63,5495.55,5496.04,140,0
2024-06-24 02:28,@MES#C,5495.78,5495.78,5494.4,5494.76,491,0
2024-06-24 02:29,@MES#C,5494.7,5495.34,5493.48,5493.67,178,0
2024-06-24 02:30,@MES#C,5493.26,5493.57,5491.61,5491.72,61,0
2024-06-24 02:31,@MES#C,5490.66,5491.3,5489.71,5491.16,184,0
2024-06-24 02:32,@MES#C,5491.5,5491.8,5491.17,5491.73,437,0
2024-06-24 02:33,@MES#C,5492.74,5492.91,5492.23,5492.42,264,0
2024-06-24 02:34,@MES#C,5493.05,5494.14,5492.89,5493.95,400,0
2024-06-24 02:35,@MES#C,5493.76,5495.23,5493.43,5494.33,280,0
2024-06-24 02:36,@MES#C,5493.7,5494.09,5491.94,5492.31,168,0
2024-06-24 02:37,@MES#C,5493.2,5493.61,5493.03,5493.05,282,0
2024-06-24 02:38,@MES#C,5493.89,5494.26,5493.08,5493.31,270,0
2024-06-24 02:39,@MES#C,5493.83,5494.11,5493.4,5493.82,227,0
2024-06-24 02:40,@MES#C,5493.81,5494.29,5493.06,5493.68,234,0
2024-06-24 02:41,@MES#C,5493.4,5493.44,5492.34,5492.79,244,0
2024-06-24 02:42,@MES#C,5490.96,5491.33,5489.48,5490.06,384,0
2024-06-24 02:43,@MES#C,5490.68,5491.13,5489.82,5489.99,198,0
2024-06-24 02:44,@MES#C,5490.04,5490.45,5489.93,5490.37,90,0
2024-06-24 02:45,@MES#C,5490.99,5492.12,5490.09,5491.48,54,0
2024-06-24 02:46,@MES#C,5492.28,5493.4,5491.53,5492.99,272,0
2024-06-24 02:47,@MES#C,5493.74,5495.02,5493.59,5494.81,52,0
2024-06-24 02:48,@MES#C,5494.1,5494.23,5493.69,5494.11,485,0
2024-06-24 02:49,@MES#C,5495.53,5496.58,5495.19,5496.22,321,0
2024-06-24 02:50,@MES#C,5496.73,5497.49,5496.47,5496.99,336,0
2024-06-24 02:51,@MES#C,5497.5,5498.42,5497.47,5497.71,192,0
2024-06-24 02:52,@MES#C,5497.26,5497.93,5495.8,5496.49,421,0
2024-06-24 02:53,@MES#C,5496.7,5497.51,5496.62,5497.51,192,0
2024-06-24 02:54,@MES#C,5496.63,5496.9,5496.11,5496.87,169,0
2024-06-24 02:55,@MES#C,5496.81,5498.24,5496.8,5497.89,51,0
2024-06-24 02:56,@MES#C,5498.09,5498.19,5497.65,5498.11,132,0
2024-06-24 02:57,@MES#C,5497.52,5497.72,5496.61,5496.77,172,0
2024-06-24 02:58,@MES#C,5495.34,5495.73,5494.84,5495.26,431,0
2024-06-24 02:59,@MES#C,5495.29,5495.73,5494.65,5494.79,443,0
2024-06-24 03:00,@MES#C,5495.09,5496.3,5495.04,5495.86,372,0
2024-06-24 03:01,@MES#C,5495.61,5495.82,5495.38,5495.74,492,0
2024-06-24 03:02,@MES#C,5495.94,5496.19,5495.51,5495.64,345,0
2024-06-24 03:03,@MES#C,5495.83,5496.45,5495.64,5496.0,227,0
2024-06-24 03:04,@MES#C,5497.15,5497.99,5495.7,5496.45,339,0
2024-06-24 03:05,@MES#C,5496.47,5496.96,5495.33,5496.4,445,0
2024-06-24 03:06,@MES#C,5496.72,5498.11,5496.57,5497.66,364,0
2024-06-24 03:07,@MES#C,5496.94,5497.51,5496.01,5496.75,439,0
2024-06-24 03:08,@MES#C,5496.48,5497.63,5495.78,5497.62,469,0
2024-06-24 03:09,@MES#C,5497.73,5499.22,5497.38,5497.94,449,0
2024-06-24 03:10,@MES#C,5497.38,5498.1,5497.18,5497.96,80,0
2024-06-24 03:11,@MES#C,5497.99,5498.16,5497.85,5498.15,138,0
2024-06-24 03:12,@MES#C,5498.49,5498.76,5496.94,5497.33,139,0
2024-06-24 03:13,@MES#C,5497.28,5497.61,5496.95,5497.33,94,0
2024-06-24 03:14,@MES#C,5496.26,5496.49,5496.0,5496.02,107,0
2024-06-24 03:15,@MES#C,5495.21,5495.67,5494.45,5495.64,70,0
2024-06-24 03:16,@MES#C,5494.08,5494.17,5494.03,5494.07,185,0
2024-06-24 03:17,@MES#C,5494.25,5495.26,5493.78,5494.82,444,0
2024-06-24 03:18,@MES#C,5493.94,5494.62,5493.77,5494.12,241,0
2024-06-24 03:19,@MES#C,5492.75,5492.98,5492.09,5492.25,93,0
2024-06-24 03:20,@MES#C,5492.29,5492.71,5491.83,5492.1,285,0
2024-06-24 03:21,@MES#C,5492.48,5492.64,5491.52,5491.56,380,0
2024-06-24 03:22,@MES#C,5491.44,5492.64,5490.62,5492.39,154,0
2024-06-24 03:23,@MES#C,5491.37,5491.85,5491.07,5491.42,453,0
2024-06-24 03:24,@MES#C,5491.73,5492.32,5491.34,5492.07,110,0
2024-06-24 03:25,@MES#C,5493.22,5494.08,5492.46,5493.53,433,0
2024-06-24 03:26,@MES#C,5493.28,5493.33,5492.53,5492.76,197,0
2024-06-24 03:27,@MES#C,5494.26,5494.43,5494.07,5494.16,282,0
2024-06-24 03:28,@MES#C,5494.22,5494.41,5493.76,5494.23,425,0
2024-06-24 03:29,@MES#C,5494.47,5495.29,5494.44,5494.83,478,0
2024-06-24 03:30,@MES#C,5495.58,5496.18,5495.23,5496.1,461,0
2024-06-24 03:31,@MES#C,5497.06,5497.38,5496.93,5497.23,323,0
2024-06-24 03:32,@MES#C,5494.89,5496.58,5494.2,5495.12,427,0
2024-06-24 03:33,@MES#C,5495.5,5495.79,5494.26,5494.8,118,0
2024-06-24 03:34,@MES#C,5494.42,5495.76,5494.25,5495.76,422,0
2024-06-24 03:35,@MES#C,5495.87,5495.91,5495.25,5495.27,145,0
2024-06-24 03:36,@MES#C,5494.17,5494.47,5493.65,5494.02,409,0
2024-06-24 03:37,@MES#C,5493.79,5493.88,5493.48,5493.73,108,0
2024-06-24 03:38,@MES#C,5492.93,5493.37,5492.14,5492.31,346,0
2024-06-24 03:39,@MES#C,5492.66,5493.55,5492.57,5492.94,319,0
2024-06-24 03:40,@MES#C,5493.53,5494.0,5492.97,5493.75,180,0
2024-06-24 03:41,@MES#C,5493.51,5493.86,5492.63,5493.22,451,0
2024-06-24 03:42,@MES#C,5494.66,5495.49,5494.51,5495.44,117,0
2024-06-24 03:43,@MES#C,5495.54,5495.95,5495.52,5495.62,373,0
2024-06-24 03:44,@MES#C,5495.04,5495.29,5494.79,5494.79,422,0
2024-06-24 03:45,@MES#C,5495.32,5495.63,5494.95,5495.1,91,0
2024-06-24 03:46,@MES#C,5494.11,5495.18,5493.45,5494.98,388,0
2024-06-24 03:47,@MES#C,5494.16,5494.3,5494.02,5494.19,161,0
2024-06-24 03:48,@MES#C,5494.69,5495.02,5494.52,5494.89,482,0
2024-06-24 03:49,@MES#C,5493.2,5494.08,5492.97,5492.99,293,0
2024-06-24 03:50,@MES#C,5492.98,5494.08,5492.9,5493.61,248,0
2024-06-24 03:51,@MES#C,5494.0,5494.0,5493.29,5493.68,358,0
2024-06-24 03:52,@MES#C,5493.23,5493.99,5492.85,5493.72,435,0
2024-06-24 03:53,@MES#C,5494.28,5494.64,5493.93,5494.34,295,0
2024-06-24 03:54,@MES#C,5493.91,5494.62,5493.73,5494.23,59,0
2024-06-24 03:55,@MES#C,5494.07,5495.11,5493.52,5494.14,385,0
2024-06-24 03:56,@MES#C,5495.31,5495.57,5495.27,5495.4,257,0
2024-06-24 03:57,@MES#C,5495.28,5496.34,5494.83,5496.15,313,0
2024-06-24 03:58,@MES#C,5495.64,5496.07,5495.42,5495.6,110,0
2024-06-24 03:59,@MES#C,5495.54,5495.98,5495.33,5495.42,427,0
2024-06-24 04:00,@MES#C,5494.15,5494.24,5493.07,5493.6,230,0
2024-06-24 04:01,@MES#C,5493.13,5494.09,5493.07,5493.99,328,0
2024-06-24 04:02,@MES#C,5494.34,5494.42,5494.17,5494.37,253,0
2024-06-24 04:03,@MES#C,5493.14,5493.64,5492.9,5493.53,100,0
2024-06-24 04:04,@MES#C,5493.54,5494.09,5493.28,5494.01,60,0
2024-06-24 04:05,@MES#C,5493.96,5495.11,5493.57,5494.91,499,0
2024-06-24 04:06,@MES#C,5495.9,5496.83,5495.66,5496.58,215,0
2024-06-24 04:07,@MES#C,5495.7,5496.67,5495.38,5496.12,352,0
2024-06-24 04:08,@MES#C,5497.17,5498.26,5497.06,5497.67,125,0
2024-06-24 04:09,@MES#C,5497.48,5497.57,5497.02,5497.54,271,0
2024-06-24 04:10,@MES#C,5497.25,5497.86,5497.07,5497.46,152,0
2024-06-24 04:11,@MES#C,5496.86,5496.93,5496.61,5496.72,50,0
2024-06-24 04:12,@MES#C,5498.14,5498.23,5497.24,5498.08,170,0
2024-06-24 04:13,@MES#C,5497.87,5498.42,5497.39,5497.46,420,0
2024-06-24 04:14,@MES#C,5498.49,5498.54,5498.45,5498.52,292,0
2024-06-24 04:15,@MES#C,5499.9,5500.7,5498.29,5498.51,387,0
2024-06-24 04:16,@MES#C,5498.52,5499.12,5498.36,5498.93,123,0
2024-06-24 04:17,@MES#C,5499.76,5500.25,5499.65,5499.87,128,0
2024-06-24 04:18,@MES#C,5499.42,5499.88,5499.42,5499.84,478,0
2024-06-24 04:19,@MES#C,5497.88,5498.35,5496.88,5497.03,489,0
2024-06-24 04:20,@MES#C,5496.82,5497.22,5495.57,5495.92,222,0
2024-06-24 04:21,@MES#C,5497.36,5497.5,5496.65,5497.11,422,0
2024-06-24 04:22,@MES#C,5495.58,5495.98,5495.48,5495.51,96,0
2024-06-24 04:23,@MES#C,5494.91,5495.14,5494.74,5494.99,421,0
2024-06-24 04:24,@MES#C,5493.94,5494.77,5493.68,5494.45,213,0
2024-06-24 04:25,@MES#C,5493.35,5493.5,5492.91,5493.16,50,0
2024-06-24 04:26,@MES#C,5493.05,5494.37,5492.94,5493.97,263,0
2024-06-24 04:27,@MES#C,5495.51,5497.18,5495.14,5496.69,76,0
2024-06-24 04:28,@MES#C,5497.88,5498.41,5497.05,5497.24,284,0
2024-06-24 04:29,@MES#C,5497.16,5497.43,5496.49,5496.77,129,0
2024-06-24 04:30,@MES#C,5496.07,5497.55,5495.71,5497.44,238,0
2024-06-24 04:31,@MES#C,5497.29,5498.35,5496.31,5496.86,142,0
2024-06-24 04:32,@MES#C,5495.41,5495.89,5493.53,5494.06,483,0
2024-06-24 04:33,@MES#C,5495.09,5495.65,5494.73,5495.34,389,0
2024-06-24 04:34,@MES#C,5495.76,5496.43,5495.53,5496.2,462,0
2024-06-24 04:35,@MES#C,5495.76,5496.23,5495.05,5495.08,412,0
2024-06-24 04:36,@MES#C,5495.34,5495.35,5494.64,5494.87,147,0
2024-06-24 04:37,@MES#C,5496.11,5497.28,5495.44,5496.88,136,0
2024-06-24 04:38,@MES#C,5496.45,5497.11,5496.29,5497.08,410,0
2024-06-24 04:39,@MES#C,5496.94,5497.33,5495.4,5496.01,469,0
2024-06-24 04:40,@MES#C,5495.37,5495.84,5495.12,5495.55,486,0
2024-06-24 04:41,@MES#C,5495.52,5496.76,5495.12,5496.56,205,0
2024-06-24 04:42,@MES#C,5496.64,5497.3,5496.62,5497.12,289,0
2024-06-24 04:43,@MES#C,5496.45,5497.11,5496.21,5496.85,165,0
2024-06-24 04:44,@MES#C,5498.08,5499.1,5497.93,5498.95,464,0
2024-06-24 04:45,@MES#C,5498.96,5499.61,5498.46,5498.6,310,0
2024-06-24 04:46,@MES#C,5498.43,5500.01,5497.62,5499.15,141,0
2024-06-24 04:47,@MES#C,5499.19,5499.87,5499.18,5499.34,259,0
2024-06-24 04:48,@MES#C,5500.95,5501.51,5500.77,5501.44,245,0
2024-06-24 04:49,@MES#C,5499.74,5500.23,5499.11,5499.89,398,0
2024-06-24 04:50,@MES#C,5499.36,5499.75,5498.65,5498.67,310,0
2024-06-24 04:51,@MES#C,5496.63,5497.3,5496.53,5497.0,218,0
2024-06-24 04:52,@MES#C,5495.02,5495.51,5493.31,5494.42,107,0
2024-06-24 04:53,@MES#C,5493.47,5494.23,5493.31,5493.96,237,0
2024-06-24 04:54,@MES#C,5494.41,5495.59,5494.26,5495.51,277,0
2024-06-24 04:55,@MES#C,5496.46,5496.69,5496.0,5496.01,258,0
2024-06-24 04:56,@MES#C,5494.76,5495.28,5494.64,5494.89,469,0
2024-06-24 04:57,@MES#C,5494.8,5495.99,5494.37,5495.24,146,0
2024-06-24 04:58,@MES#C,5495.94,5496.27,5495.2,5496.1,160,0
2024-06-24 04:59,@MES#C,5496.63,5498.34,5496.31,5498.26,86,0
2024-06-24 05:00,@MES#C,5498.6,5499.07,5498.19,5498.86,265,0
2024-06-24 05:01,@MES#C,5499.12,5499.49,5498.64,5498.68,481,0
2024-06-24 05:02,@MES#C,5498.48,5499.34,5498.34,5498.82,52,0
2024-06-24 05:03,@MES#C,5499.19,5499.4,5498.8,5498.97,425,0
2024-06-24 05:04,@MES#C,5498.76,5499.13,5497.84,5498.54,179,0
2024-06-24 05:05,@MES#C,5498.23,5498.91,5497.7,5498.46,189,0
2024-06-24 05:06,@MES#C,5499.46,5500.64,5499.12,5500.03,328,0
2024-06-24 05:07,@MES#C,5498.75,5498.89,5498.51,5498.73,428,0
2024-06-24 05:08,@MES#C,5498.87,5499.64,5498.38,5499.05,393,0
2024-06-24 05:09,@MES#C,5498.8,5499.5,5498.66,5498.7,267,0
2024-06-24 05:10,@MES#C,5499.7,5499.83,5498.68,5499.04,137,0
2024-06-24 05:11,@MES#C,5500.23,5500.41,5499.15,5499.9,468,0
2024-06-24 05:12,@MES#C,5501.39,5501.82,5501.16,5501.75,442,0
2024-06-24 05:13,@MES#C,5502.7,5502.78,5502.31,5502.5,489,0
2024-06-24 05:14,@MES#C,5502.04,5502.56,5501.78,5502.46,347,0
2024-06-24 05:15,@MES#C,5502.87,5503.76,5501.99,5502.61,331,0
2024-06-24 05:16,@MES#C,5503.62,5504.78,5502.73,5504.44,233,0
2024-06-24 05:17,@MES#C,5505.22,5505.32,5505.14,5505.24,247,0
2024-06-24 05:18,@MES#C,5505.55,5506.46,5505.19,5506.39,122,0
2024-06-24 05:19,@MES#C,5507.13,5507.82,5507.02,5507.52,245,0
2024-06-24 05:20,@MES#C,5506.78,5507.43,5506.16,5506.26,64,0
2024-06-24 05:21,@MES#C,5505.9,5506.4,5503.68,5504.13,278,0
2024-06-24 05:22,@MES#C,5503.6,5504.37,5503.02,5503.82,373,0
2024-06-24 05:23,@MES#C,5504.05,5506.05,5503.93,5505.44,336,0
2024-06-24 05:24,@MES#C,5504.97,5505.17,5504.73,5504.77,386,0
2024-06-24 05:25,@MES#C,5505.95,5506.87,5505.84,5505.88,401,0
2024-06-24 05:26,@MES#C,5507.31,5507.91,5507.02,5507.52,367,0
2024-06-24 05:27,@MES#C,5507.89,5508.5,5507.37,5508.48,216,0
2024-06-24 05:28,@MES#C,5507.39,5508.1,5506.49,5506.54,224,0
2024-06-24 05:29,@MES#C,5506.53,5506.6,5505.11,5505.17,139,0
2024-06-24 05:30,@MES#C,5506.85,5507.0,5505.29,5505.97,227,0
2024-06-24 05:31,@MES#C,5506.42,5506.62,5506.11,5506.49,181,0
2024-06-24 05:32,@MES#C,5505.84,5506.92,5505.71,5506.37,225,0
2024-06-24 05:33,@MES#C,5505.88,5506.13,5505.44,5505.87,173,0
2024-06-24 05:34,@MES#C,5505.58,5505.71,5504.46,5504.92,99,0
2024-06-24 05:35,@MES#C,5503.97,5504.22,5503.1,5503.63,416,0
2024-06-24 05:36,@MES#C,5503.9,5504.1,5502.93,5503.77,459,0
2024-06-24 05:37,@MES#C,5505.37,5505.48,5505.15,5505.45,388,0
2024-06-24 05:38,@MES#C,5506.17,5506.84,5504.88,5504.97,76,0
2024-06-24 05:39,@MES#C,5506.02,5506.79,5505.32,5505.83,468,0
2024-06-24 05:40,@MES#C,5503.63,5503.7,5503.32,5503.49,211,0
2024-06-24 05:41,@MES#C,5504.45,5505.3,5504.1,5504.34,257,0
2024-06-24 05:42,@MES#C,5504.79,5505.37,5504.32,5504.97,495,0
2024-06-24 05:43,@MES#C,5504.21,5505.33,5503.83,5504.66,98,0
2024-06-24 05:44,@MES#C,5505.87,5506.21,5505.62,5505.71,387,0
2024-06-24 05:45,@MES#C,5506.8,5507.52,5506.34,5506.66,170,0
2024-06-24 05:46,@MES#C,5507.1,5507.97,5506.81,5507.34,333,0
2024-06-24 05:47,@MES#C,5507.05,5507.3,5505.93,5506.22,477,0
2024-06-24 05:48,@MES#C,5506.84,5507.38,5506.68,5507.32,396,0
2024-06-24 05:49,@MES#C,5506.67,5507.05,5505.73,5505.98,113,0
2024-06-24 05:50,@MES#C,5505.05,5505.44,5504.42,5505.15,364,0
2024-06-24 05:51,@MES#C,5504.97,5505.18,5504.39,5505.18,163,0
2024-06-24 05:52,@MES#C,5504.17,5504.6,5503.28,5504.19,447,0
2024-06-24 05:53,@MES#C,5505.14,5505.36,5504.77,5505.05,67,0
2024-06-24 05:54,@MES#C,5504.95,5505.89,5503.6,5503.98,127,0
2024-06-24 05:55,@MES#C,5503.61,5504.18,5502.71,5502.78,137,0
2024-06-24 05:56,@MES#C,5502.2,5502.61,5502.07,5502.43,159,0
2024-06-24 05:57,@MES#C,5503.69,5503.71,5502.59,5503.05,465,0
2024-06-24 05:58,@MES#C,5504.06,5504.18,5502.66,5503.21,157,0
2024-06-24 05:59,@MES#C,5503.36,5503.52,5503.12,5503.23,180,0
2024-06-24 06:00,@MES#C,5503.03,5503.06,5502.73,5503.0,281,0
2024-06-24 06:01,@MES#C,5505.34,5505.46,5503.96,5504.27,230,0
2024-06-24 06:02,@MES#C,5504.73,5505.06,5504.26,5504.76,226,0
2024-06-24 06:03,@MES#C,5505.66,5506.3,5504.11,5504.26,462,0
2024-06-24 06:04,@MES#C,5505.12,5505.45,5504.33,5504.39,321,0
2024-06-24 06:05,@MES#C,5504.61,5505.97,5504.23,5505.27,107,0
2024-06-24 06:06,@MES#C,5505.27,5505.86,5504.95,5505.15,122,0
2024-06-24 06:07,@MES#C,5504.78,5505.77,5504.76,5505.17,387,0
2024-06-24 06:08,@MES#C,5505.07,5505.85,5504.8,5505.78,482,0
2024-06-24 06:09,@MES#C,5506.79,5507.27,5506.7,5507.12,460,0
2024-06-24 06:10,@MES#C,5505.86,5506.8,5505.56,5506.1,416,0
2024-06-24 06:11,@MES#C,5508.01,5508.05,5506.63,5507.35,463,0
2024-06-24 06:12,@MES#C,5508.3,5508.39,5507.88,5507.88,93,0
2024-06-24 06:13,@MES#C,5507.32,5507.96,5507.21,5507.27,177,0
2024-06-24 06:14,@MES#C,5507.63,5508.27,5507.1,5507.49,182,0
2024-06-24 06:15,@MES#C,5506.91,5507.51,5506.33,5506.74,346,0
2024-06-24 06:16,@MES#C,5506.31,5507.31,5506.06,5507.05,418,0
2024-06-24 06:17,@MES#C,5507.25,5507.6,5506.95,5507.16,439,0
2024-06-24 06:18,@MES#C,5505.91,5506.12,5504.58,5505.08,296,0
2024-06-24 06:19,@MES#C,5504.7,5506.82,5504.62,5506.13,289,0
2024-06-24 06:20,@MES#C,5505.23,5505.28,5504.0,5504.93,467,0
2024-06-24 06:21,@MES#C,5506.45,5506.56,5505.77,5506.18,289,0
2024-06-24 06:22,@MES#C,5506.05,5506.96,5505.44,5505.7,107,0
2024-06-24 06:23,@MES#C,5504.89,5505.2,5504.68,5504.97,113,0
2024-06-24 06:24,@MES#C,5505.45,5505.87,5504.09,5504.65,221,0
2024-06-24 06:25,@MES#C,5506.19,5506.9,5505.81,5506.86,82,0
2024-06-24 06:26,@MES#C,5506.44,5506.5,5506.4,5506.48,188,0
2024-06-24 06:27,@MES#C,5506.31,5506.52,5505.08,5505.45,337,0
2024-06-24 06:28,@MES#C,5504.35,5504.68,5504.19,5504.24,239,0
2024-06-24 06:29,@MES#C,5505.42,5506.25,5505.15,5505.72,119,0
2024-06-24 06:30,@MES#C,5505.1,5505.23,5504.56,5504.76,388,0
2024-06-24 06:31,@MES#C,5504.14,5504.4,5503.54,5503.77,147,0
2024-06-24 06:32,@MES#C,5504.65,5505.71,5503.74,5505.02,119,0
2024-06-24 06:33,@MES#C,5505.08,5505.39,5504.12,5504.37,330,0
2024-06-24 06:34,@MES#C,5503.53,5503.59,5502.41,5502.9,498,0
2024-06-24 06:35,@MES#C,5502.16,5504.03,5502.13,5503.85,150,0
2024-06-24 06:36,@MES#C,5502.81,5504.28,5502.69,5503.84,468,0
2024-06-24 06:37,@MES#C,5504.0,5504.59,5503.01,5503.33,271,0
2024-06-24 06:38,@MES#C,5503.41,5503.8,5501.67,5501.95,300,0
2024-06-24 06:39,@MES#C,5502.83,5502.95,5501.47,5501.88,260,0
2024-06-24 06:40,@MES#C,5500.55,5500.66,5500.43,5500.55,292,0
2024-06-24 06:41,@MES#C,5500.29,5500.35,5499.87,5500.09,380,0
2024-06-24 06:42,@MES#C,5499.74,5499.91,5499.59,5499.71,188,0
2024-06-24 06:43,@MES#C,5499.79,5499.98,5498.63,5498.63,235,0
2024-06-24 06:44,@MES#C,5498.67,5500.02,5497.88,5499.24,376,0
2024-06-24 06:45,@MES#C,5499.24,5499.52,5498.97,5499.34,179,0
2024-06-24 06:46,@MES#C,5500.08,5500.48,5499.24,5500.37,230,0
2024-06-24 06:47,@MES#C,5501.35,5502.09,5501.08,5501.74,469,0
2024-06-24 06:48,@MES#C,5502.43,5503.71,5502.34,5503.36,311,0
2024-06-24 06:49,@MES#C,5503.41,5503.57,5502.51,5502.74,409,0
2024-06-24 06:50,@MES#C,5502.81,5503.04,5502.22,5502.94,413,0
2024-06-24 06:51,@MES#C,5502.47,5502.83,5501.87,5502.48,200,0
2024-06-24 06:52,@MES#C,5501.43,5501.44,5499.76,5500.21,129,0
2024-06-24 06:53,@MES#C,5500.74,5500.83,5500.23,5500.35,59,0
2024-06-24 06:54,@MES#C,5500.89,5501.45,5500.82,5501.17,60,0
2024-06-24 06:55,@MES#C,5501.49,5501.75,5500.22,5500.65,431,0
2024-06-24 06:56,@MES#C,5501.78,5502.51,5501.72,5502.39,296,0
2024-06-24 06:57,@MES#C,5502.94,5503.03,5502.37,5502.71,130,0
2024-06-24 06:58,@MES#C,5502.26,5502.74,5501.47,5501.9,442,0
2024-06-24 06:59,@MES#C,5502.48,5504.13,5501.83,5503.56,272,0
2024-06-24 07:00,@MES#C,5504.14,5505.18,5504.1,5505.0,196,0
2024-06-24 07:01,@MES#C,5505.21,5505.29,5503.95,5504.57,247,0
2024-06-24 07:02,@MES#C,5505.01,5505.93,5504.55,5505.62,362,0
2024-06-24 07:03,@MES#C,5505.41,5506.03,5504.88,5505.06,160,0
2024-06-24 07:04,@MES#C,5504.7,5504.92,5503.63,5504.05,323,0
2024-06-24 07:05,@MES#C,5503.95,5504.79,5503.94,5504.32,468,0
2024-06-24 07:06,@MES#C,5504.44,5504.61,5503.85,5504.16,136,0
2024-06-24 07:07,@MES#C,5504.6,5505.08,5501.63,5502.85,297,0
2024-06-24 07:08,@MES#C,5502.36,5503.1,5501.77,5502.97,368,0
2024-06-24 07:09,@MES#C,5503.79,5504.24,5502.62,5502.64,83,0
2024-06-24 07:10,@MES#C,5501.69,5502.09,5500.99,5501.34,486,0
2024-06-24 07:11,@MES#C,5499.96,5500.31,5499.2,5499.72,128,0
2024-06-24 07:12,@MES#C,5498.64,5499.61,5498.17,5499.6,403,0
2024-06-24 07:13,@MES#C,5498.96,5499.0,5497.7,5498.19,158,0
2024-06-24 07:14,@MES#C,5496.45,5497.17,5495.92,5496.22,435,0
2024-06-24 07:15,@MES#C,5495.53,5496.75,5495.43,5496.73,202,0
2024-06-24 07:16,@MES#C,5495.31,5495.39,5494.5,5494.91,65,0
2024-06-24 07:17,@MES#C,5493.95,5494.19,5493.71,5493.78,250,0
2024-06-24 07:18,@MES#C,5493.27,5493.36,5492.81,5493.1,109,0
2024-06-24 07:19,@MES#C,5493.29,5493.47,5492.92,5493.24,71,0
2024-06-24 07:20,@MES#C,5493.05,5493.09,5492.19,5492.87,187,0
2024-06-24 07:21,@MES#C,5493.48,5493.57,5491.72,5492.35,218,0
2024-06-24 07:22,@MES#C,5492.74,5493.07,5492.73,5492.84,431,0
2024-06-24 07:23,@MES#C,5492.21,5492.29,5491.73,5492.04,288,0
2024-06-24 07:24,@MES#C,5491.39,5491.55,5490.36,5490.58,196,0
2024-06-24 07:25,@MES#C,5491.35,5491.56,5491.23,5491.4,60,0
2024-06-24 07:26,@MES#C,5491.33,5492.22,5490.83,5491.01,214,0
2024-06-24 07:27,@MES#C,5491.36,5492.07,5490.91,5491.51,250,0
2024-06-24 07:28,@MES#C,5491.43,5491.91,5490.52,5490.77,51,0
2024-06-24 07:29,@MES#C,5492.19,5492.59,5491.55,5492.58,265,0
2024-06-24 07:30,@MES#C,5492.71,5492.98,5492.46,5492.7,53,0
2024-06-24 07:31,@MES#C,5492.71,5492.76,5492.21,5492.23,468,0
2024-06-24 07:32,@MES#C,5491.17,5491.39,5489.24,5490.28,438,0
2024-06-24 07:33,@MES#C,5489.9,5490.88,5489.64,5490.69,225,0
2024-06-24 07:34,@MES#C,5490.37,5490.73,5490.18,5490.44,258,0
2024-06-24 07:35,@MES#C,5489.64,5490.19,5489.38,5489.82,131,0
2024-06-24 07:36,@MES#C,5491.35,5491.9,5490.5,5490.89,75,0
2024-06-24 07:37,@MES#C,5491.29,5491.8,5490.98,5491.35,307,0
2024-06-24 07:38,@MES#C,5490.37,5492.21,5490.23,5491.07,183,0
2024-06-24 07:39,@MES#C,5490.67,5490.92,5489.15,5489.59,413,0
2024-06-24 07:40,@MES#C,5488.43,5489.57,5488.28,5489.46,421,0
2024-06-24 07:41,@MES#C,5489.33,5489.92,5489.11,5489.9,289,0
2024-06-24 07:42,@MES#C,5489.75,5490.31,5488.75,5489.54,201,0
2024-06-24 07:43,@MES#C,5489.59,5489.6,5488.79,5488.82,173,0
2024-06-24 07:44,@MES#C,5487.09,5487.25,5486.39,5486.54,151,0
2024-06-24 07:45,@MES#C,5486.67,5487.59,5486.63,5487.28,140,0
2024-06-24 07:46,@MES#C,5486.91,5487.1,5486.45,5486.53,380,0
2024-06-24 07:47,@MES#C,5486.64,5487.16,5486.32,5487.13,429,0
2024-06-24 07:48,@MES#C,5487.82,5488.55,5486.72,5487.34,250,0
2024-06-24 07:49,@MES#C,5485.97,5486.28,5485.43,5485.54,396,0
2024-06-24 07:50,@MES#C,5485.13,5486.39,5484.81,5485.97,388,0
2024-06-24 07:51,@MES#C,5486.28,5486.95,5486.2,5486.58,174,0
2024-06-24 07:52,@MES#C,5486.97,5487.0,5486.78,5486.82,437,0
2024-06-24 07:53,@MES#C,5487.44,5487.79,5487.11,5487.77,452,0
2024-06-24 07:54,@MES#C,5487.82,5487.9,5486.92,5487.81,323,0
2024-06-24 07:55,@MES#C,5488.14,5488.82,5487.21,5488.79,304,0
2024-06-24 07:56,@MES#C,5488.48,5489.0,5488.34,5488.68,466,0
2024-06-24 07:57,@MES#C,5489.35,5490.05,5489.32,5489.55,286,0
2024-06-24 07:58,@MES#C,5489.28,5491.06,5488.99,5490.9,167,0
2024-06-24 07:59,@MES#C,5490.15,5490.86,5490.1,5490.71,76,0
2024-06-24 08:00,@MES#C,5490.66,5491.44,5490.23,5491.1,167,0
2024-06-24 08:01,@MES#C,5491.58,5492.1,5491.31,5491.78,452,0
2024-06-24 08:02,@MES#C,5491.18,5491.56,5490.35,5490.87,165,0
2024-06-24 08:03,@MES#C,5491.35,5493.23,5490.67,5492.1,267,0
2024-06-24 08:04,@MES#C,5491.51,5491.85,5490.71,5491.14,381,0
2024-06-24 08:05,@MES#C,5490.17,5490.39,5489.98,5490.37,237,0
2024-06-24 08:06,@MES#C,5490.78,5491.29,5489.93,5491.14,314,0
2024-06-24 08:07,@MES#C,5489.65,5490.34,5489.04,5489.05,344,0
2024-06-24 08:08,@MES#C,5488.95,5489.75,5488.45,5488.67,260,0
2024-06-24 08:09,@MES#C,5487.92,5487.94,5487.26,5487.32,183,0
2024-06-24 08:10,@MES#C,5485.84,5485.84,5485.64,5485.73,160,0
2024-06-24 08:11,@MES#C,5485.3,5485.34,5484.95,5485.19,205,0
2024-06-24 08:12,@MES#C,5486.06,5486.24,5485.71,5485.88,208,0
2024-06-24 08:13,@MES#C,5485.53,5486.4,5485.02,5486.01,76,0
2024-06-24 08:14,@MES#C,5487.43,5487.44,5486.91,5486.91,63,0
2024-06-24 08:15,@MES#C,5486.39,5486.43,5485.19,5485.5,278,0
2024-06-24 08:16,@MES#C,5485.57,5486.01,5485.0,5485.09,94,0
2024-06-24 08:17,@MES#C,5485.56,5486.98,5485.36,5486.87,300,0
2024-06-24 08:18,@MES#C,5486.01,5486.64,5484.86,5485.23,361,0
2024-06-24 08:19,@MES#C,5485.2,5485.56,5485.03,5485.15,92,0
2024-06-24 08:20,@MES#C,5486.13,5486.69,5485.27,5485.65,322,0
2024-06-24 08:21,@MES#C,5485.15,5485.45,5484.18,5484.2,184,0
2024-06-24 08:22,@MES#C,5485.13,5485.17,5484.24,5484.51,158,0
2024-06-24 08:23,@MES#C,5485.34,5485.47,5484.53,5484.63,268,0
2024-06-24 08:24,@MES#C,5485.5,5486.78,5485.18,5485.83,226,0
2024-06-24 08:25,@MES#C,5485.67,5486.27,5485.43,5485.96,223,0
2024-06-24 08:26,@MES#C,5485.79,5485.97,5484.51,5484.68,478,0
2024-06-24 08:27,@MES#C,5485.18,5485.78,5483.96,5485.73,80,0
2024-06-24 08:28,@MES#C,5484.71,5486.06,5483.91,5485.84,424,0
2024-06-24 08:29,@MES#C,5485.85,5486.62,5485.67,5486.51,311,0
2024-06-24 08:30,@MES#C,5486.8,5488.13,5486.41,5487.22,344,0
2024-06-24 08:31,@MES#C,5487.58,5488.75,5487.41,5488.26,81,0
2024-06-24 08:32,@MES#C,5489.2,5490.78,5488.9,5489.75,83,0
2024-06-24 08:33,@MES#C,5489.51,5489.86,5488.11,5489.21,90,0
2024-06-24 08:34,@MES#C,5488.87,5489.28,5488.09,5489.09,62,0
2024-06-24 08:35,@MES#C,5490.12,5490.61,5490.01,5490.28,275,0
2024-06-24 08:36,@MES#C,5491.37,5491.6,5491.23,5491.41,393,0
2024-06-24 08:37,@MES#C,5491.73,5493.18,5491.56,5493.07,168,0
2024-06-24 08:38,@MES#C,5494.08,5494.77,5493.12,5494.76,68,0
2024-06-24 08:39,@MES#C,5492.99,5493.93,5492.59,5493.87,117,0
2024-06-24 08:40,@MES#C,5493.15,5493.25,5492.2,5492.21,101,0
2024-06-24 08:41,@MES#C,5492.28,5494.28,5491.86,5493.94,71,0
2024-06-24 08:42,@MES#C,5494.62,5495.58,5493.8,5495.5,302,0
2024-06-24 08:43,@MES#C,5496.15,5496.22,5495.3,5495.57,54,0
2024-06-24 08:44,@MES#C,5496.77,5497.48,5496.53,5497.22,361,0
2024-06-24 08:45,@MES#C,5497.38,5498.26,5496.61,5496.67,388,0
2024-06-24 08:46,@MES#C,5496.93,5498.28,5496.3,5497.66,458,0
2024-06-24 08:47,@MES#C,5497.37,5498.67,5496.78,5497.66,488,0
2024-06-24 08:48,@MES#C,5498.56,5498.91,5498.01,5498.32,393,0
2024-06-24 08:49,@MES#C,5498.13,5498.77,5497.92,5498.06,105,0
2024-06-24 08:50,@MES#C,5496.11,5496.7,5496.1,5496.42,167,0
2024-06-24 08:51,@MES#C,5496.2,5497.28,5495.99,5496.67,390,0
2024-06-24 08:52,@MES#C,5497.22,5497.86,5496.58,5496.85,235,0
2024-06-24 08:53,@MES#C,5496.81,5497.1,5494.97,5495.64,246,0
2024-06-24 08:54,@MES#C,5495.88,5496.35,5495.18,5495.35,266,0
2024-06-24 08:55,@MES#C,5494.84,5495.37,5494.44,5495.19,231,0
2024-06-24 08:56,@MES#C,5495.42,5495.76,5494.34,5495.0,97,0
2024-06-24 08:57,@MES#C,5494.71,5494.93,5492.93,5493.29,172,0
2024-06-24 08:58,@MES#C,5494.55,5495.13,5493.08,5493.53,220,0
2024-06-24 08:59,@MES#C,5492.93,5493.18,5491.62,5492.55,317,0
2024-06-24 09:00,@MES#C,5491.06,5491.68,5490.72,5490.9,402,0
2024-06-24 09:01,@MES#C,5491.8,5493.3,5491.8,5493.07,114,0
2024-06-24 09:02,@MES#C,5494.52,5494.94,5493.2,5493.61,434,0
2024-06-24 09:03,@MES#C,5493.42,5493.81,5492.73,5492.84,222,0
2024-06-24 09:04,@MES#C,5493.64,5493.67,5493.33,5493.56,496,0
2024-06-24 09:05,@MES#C,5494.15,5495.69,5494.0,5494.64,298,0
2024-06-24 09:06,@MES#C,5494.28,5495.07,5494.06,5494.74,430,0
2024-06-24 09:07,@MES#C,5495.17,5495.34,5494.64,5494.68,73,0
2024-06-24 09:08,@MES#C,5495.47,5496.21,5494.34,5495.11,365,0
2024-06-24 09:09,@MES#C,5494.06,5494.53,5493.69,5493.97,154,0
2024-06-24 09:10,@MES#C,5493.35,5493.88,5492.82,5493.08,397,0
2024-06-24 09:11,@MES#C,5492.71,5492.85,5492.22,5492.45,331,0
2024-06-24 09:12,@MES#C,5491.73,5492.56,5491.64,5491.75,281,0
2024-06-24 09:13,@MES#C,5491.53,5492.97,5491.44,5492.62,360,0
2024-06-24 09:14,@MES#C,5492.59,5492.63,5492.48,5492.53,50,0
2024-06-24 09:15,@MES#C,5493.63,5493.96,5493.35,5493.63,246,0
2024-06-24 09:16,@MES#C,5494.24,5494.68,5492.9,5493.78,99,0
2024-06-24 09:17,@MES#C,5492.03,5492.52,5491.48,5491.7,339,0
2024-06-24 09:18,@MES#C,5491.9,5492.7,5491.41,5492.5,326,0
2024-06-24 09:19,@MES#C,5493.72,5494.3,5493.6,5493.94,355,0
2024-06-24 09:20,@MES#C,5493.46,5494.57,5493.13,5494.48,219,0
2024-06-24 09:21,@MES#C,5494.01,5494.59,5493.79,5494.02,57,0
2024-06-24 09:22,@MES#C,5492.65,5493.36,5492.43,5492.52,179,0
2024-06-24 09:23,@MES#C,5494.03,5494.47,5493.89,5494.44,426,0
2024-06-24 09:24,@MES#C,5495.31,5495.77,5494.77,5494.98,434,0
2024-06-24 09:25,@MES#C,5495.1,5495.52,5494.65,5495.0,395,0
2024-06-24 09:26,@MES#C,5493.7,5494.32,5493.51,5494.07,246,0
2024-06-24 09:27,@MES#C,5493.81,5494.3,5493.62,5494.28,235,0
2024-06-24 09:28,@MES#C,5494.03,5495.94,5493.83,5495.25,73,0
2024-06-24 09:29,@MES#C,5495.16,5495.99,5494.74,5494.9,208,0
2024-06-24 09:30,@MES#C,5494.59,5494.93,5492.76,5493.33,301,0
2024-06-24 09:31,@MES#C,5493.62,5494.18,5492.95,5493.65,420,0
2024-06-24 09:32,@MES#C,5494.56,5494.64,5493.82,5493.99,205,0
2024-06-24 09:33,@MES#C,5494.37,5495.99,5493.78,5495.73,204,0
2024-06-24 09:34,@MES#C,5495.88,5496.03,5495.51,5495.83,158,0
2024-06-24 09:35,@MES#C,5496.85,5498.07,5496.46,5497.67,258,0
2024-06-24 09:36,@MES#C,5497.6,5497.99,5497.2,5497.8,422,0
2024-06-24 09:37,@MES#C,5498.93,5499.37,5498.6,5499.12,446,0
2024-06-24 09:38,@MES#C,5500.84,5501.41,5500.2,5501.13,80,0
2024-06-24 09:39,@MES#C,5502.12,5503.05,5501.7,5502.29,253,0
2024-06-24 09:40,@MES#C,5501.85,5502.74,5501.77,5502.7,304,0
2024-06-24 09:41,@MES#C,5501.98,5502.06,5501.06,5501.39,160,0
2024-06-24 09:42,@MES#C,5500.32,5500.65,5499.08,5499.32,178,0
2024-06-24 09:43,@MES#C,5497.84,5497.84,5497.06,5497.43,229,0
2024-06-24 09:44,@MES#C,5496.81,5498.08,5496.54,5497.81,312,0
2024-06-24 09:45,@MES#C,5497.98,5498.04,5497.1,5497.64,434,0
2024-06-24 09:46,@MES#C,5498.82,5498.83,5498.29,5498.33,124,0
2024-06-24 09:47,@MES#C,5498.28,5498.74,5497.8,5498.29,476,0
2024-06-24 09:48,@MES#C,5498.02,5498.29,5497.66,5497.89,352,0
2024-06-24 09:49,@MES#C,5497.82,5498.21,5496.66,5497.24,289,0
2024-06-24 09:50,@MES#C,5497.12,5498.31,5497.0,5498.1,410,0
2024-06-24 09:51,@MES#C,5497.26,5497.77,5495.79,5496.12,487,0
2024-06-24 09:52,@MES#C,5496.1,5496.21,5495.37,5495.75,282,0
2024-06-24 09:53,@MES#C,5496.11,5496.39,5495.36,5495.5,280,0
2024-06-24 09:54,@MES#C,5494.36,5494.41,5493.95,5494.11,282,0
2024-06-24 09:55,@MES#C,5494.09,5494.37,5493.12,5493.7,451,0
2024-06-24 09:56,@MES#C,5493.33,5493.71,5493.18,5493.62,165,0
2024-06-24 09:57,@MES#C,5494.02,5494.21,5492.47,5492.96,368,0
2024-06-24 09:58,@MES#C,5492.78,5493.66,5492.19,5493.38,398,0
2024-06-24 09:59,@MES#C,5491.97,5492.49,5491.07,5491.83,133,0
2024-06-24 10:00,@MES#C,5490.81,5490.83,5490.04,5490.19,457,0
2024-06-24 10:01,@MES#C,5490.95,5491.31,5490.79,5491.25,441,0
2024-06-24 10:02,@MES#C,5490.56,5491.52,5490.23,5491.07,316,0
2024-06-24 10:03,@MES#C,5491.24,5491.4,5489.99,5491.14,475,0
2024-06-24 10:04,@MES#C,5491.38,5491.4,5491.03,5491.31,148,0
2024-06-24 10:05,@MES#C,5490.4,5490.43,5490.27,5490.31,389,0
2024-06-24 10:06,@MES#C,5490.44,5491.5,5490.37,5491.07,149,0
2024-06-24 10:07,@MES#C,5489.68,5490.02,5489.53,5489.79,208,0
2024-06-24 10:08,@MES#C,5489.06,5489.8,5488.46,5488.96,256,0
2024-06-24 10:09,@MES#C,5487.92,5489.14,5487.91,5488.96,382,0
2024-06-24 10:10,@MES#C,5488.63,5488.73,5487.08,5488.07,54,0
2024-06-24 10:11,@MES#C,5487.38,5488.11,5486.67,5487.77,271,0
2024-06-24 10:12,@MES#C,5488.59,5489.7,5488.4,5489.28,59,0
2024-06-24 10:13,@MES#C,5489.88,5490.28,5489.24,5490.12,70,0
2024-06-24 10:14,@MES#C,5490.21,5491.34,5489.96,5490.86,388,0
2024-06-24 10:15,@MES#C,5491.46,5492.26,5490.81,5491.98,179,0
2024-06-24 10:16,@MES#C,5491.55,5492.3,5491.28,5492.09,284,0
2024-06-24 10:17,@MES#C,5493.49,5494.29,5493.1,5493.99,381,0
2024-06-24 10:18,@MES#C,5494.45,5494.51,5494.13,5494.3,285,0
2024-06-24 10:19,@MES#C,5494.75,5494.93,5494.06,5494.47,217,0
2024-06-24 10:20,@MES#C,5495.67,5495.87,5494.85,5495.27,314,0
2024-06-24 10:21,@MES#C,5495.35,5495.38,5495.12,5495.36,78,0
2024-06-24 10:22,@MES#C,5495.0,5495.93,5494.68,5495.88,258,0
2024-06-24 10:23,@MES#C,5496.76,5497.39,5496.66,5497.17,347,0
2024-06-24 10:24,@MES#C,5497.63,5497.73,5496.85,5497.24,429,0
2024-06-24 10:25,@MES#C,5496.46,5496.5,5495.25,5495.94,234,0
2024-06-24 10:26,@MES#C,5494.41,5495.13,5494.16,5494.58,103,0
2024-06-24 10:27,@MES#C,5494.24,5494.24,5493.71,5493.92,173,0
2024-06-24 10:28,@MES#C,5492.75,5493.52,5492.41,5493.22,198,0
2024-06-24 10:29,@MES#C,5493.46,5494.28,5493.45,5493.86,149,0
2024-06-24 10:30,@MES#C,5493.77,5495.65,5493.11,5494.88,294,0
2024-06-24 10:31,@MES#C,5494.14,5495.12,5493.75,5494.73,494,0
2024-06-24 10:32,@MES#C,5495.13,5495.35,5494.97,5495.06,242,0
2024-06-24 10:33,@MES#C,5495.12,5495.56,5494.79,5495.02,498,0
2024-06-24 10:34,@MES#C,5495.61,5496.03,5494.98,5495.21,282,0
2024-06-24 10:35,@MES#C,5495.84,5496.49,5495.27,5496.42,290,0
2024-06-24 10:36,@MES#C,5497.52,5497.99,5496.89,5497.66,299,0
2024-06-24 10:37,@MES#C,5497.77,5498.12,5496.97,5497.56,53,0
2024-06-24 10:38,@MES#C,5498.07,5499.29,5497.16,5497.6,281,0
2024-06-24 10:39,@MES#C,5498.01,5498.95,5497.78,5498.92,317,0
2024-06-24 10:40,@MES#C,5497.45,5497.88,5496.28,5497.04,345,0
2024-06-24 10:41,@MES#C,5495.25,5495.46,5494.12,5494.45,55,0
2024-06-24 10:42,@MES#C,5494.77,5495.31,5494.47,5494.95,59,0
2024-06-24 10:43,@MES#C,5494.95,5495.34,5494.9,5495.14,480,0
2024-06-24 10:44,@MES#C,5494.82,5495.14,5494.45,5494.62,285,0
2024-06-24 10:45,@MES#C,5494.09,5494.57,5493.3,5493.69,55,0
2024-06-24 10:46,@MES#C,5493.75,5494.08,5493.01,5493.24,121,0
2024-06-24 10:47,@MES#C,5494.05,5494.22,5493.71,5493.73,308,0
2024-06-24 10:48,@MES#C,5494.64,5495.14,5494.43,5494.66,356,0
2024-06-24 10:49,@MES#C,5496.17,5497.06,5496.02,5496.17,369,0
2024-06-24 10:50,@MES#C,5497.72,5499.4,5497.31,5498.67,273,0
2024-06-24 10:51,@MES#C,5498.09,5498.73,5497.83,5498.22,77,0
2024-06-24 10:52,@MES#C,5497.68,5498.54,5497.57,5498.22,72,0
2024-06-24 10:53,@MES#C,5497.97,5498.32,5497.05,5497.53,262,0
2024-06-24 10:54,@MES#C,5498.37,5499.47,5497.21,5497.92,81,0
2024-06-24 10:55,@MES#C,5497.6,5498.25,5496.64,5497.15,88,0
2024-06-24 10:56,@MES#C,5497.17,5497.22,5496.9,5496.99,251,0
2024-06-24 10:57,@MES#C,5497.33,5498.23,5496.86,5497.76,364,0
2024-06-24 10:58,@MES#C,5498.37,5499.37,5497.34,5498.19,100,0
2024-06-24 10:59,@MES#C,5498.62,5498.76,5497.83,5498.68,306,0
2024-06-24 11:00,@MES#C,5497.67,5497.79,5497.36,5497.65,217,0
2024-06-24 11:01,@MES#C,5496.37,5497.49,5495.56,5497.22,164,0
2024-06-24 11:02,@MES#C,5497.19,5497.83,5497.18,5497.81,156,0
2024-06-24 11:03,@MES#C,5497.9,5498.41,5497.85,5498.09,465,0
2024-06-24 11:04,@MES#C,5497.61,5499.02,5496.99,5498.99,421,0
2024-06-24 11:05,@MES#C,5499.19,5499.37,5498.32,5498.4,341,0
2024-06-24 11:06,@MES#C,5499.67,5500.36,5499.41,5499.8,112,0
2024-06-24 11:07,@MES#C,5499.76,5501.38,5499.45,5501.19,160,0
2024-06-24 11:08,@MES#C,5500.22,5501.95,5500.09,5501.62,289,0
2024-06-24 11:09,@MES#C,5502.17,5503.97,5502.06,5503.35,483,0
2024-06-24 11:10,@MES#C,5502.98,5503.4,5501.69,5501.8,157,0
2024-06-24 11:11,@MES#C,5503.68,5503.85,5503.42,5503.47,149,0
2024-06-24 11:12,@MES#C,5504.26,5504.51,5503.5,5503.92,409,0
2024-06-24 11:13,@MES#C,5502.29,5502.89,5501.39,5501.55,463,0
2024-06-24 11:14,@MES#C,5500.94,5500.95,5500.54,5500.84,149,0
2024-06-24 11:15,@MES#C,5500.17,5500.37,5499.94,5500.33,137,0
2024-06-24 11:16,@MES#C,5499.35,5500.0,5499.15,5499.56,176,0
2024-06-24 11:17,@MES#C,5499.48,5499.51,5498.48,5498.98,185,0
2024-06-24 11:18,@MES#C,5498.89,5499.08,5498.27,5498.35,498,0
2024-06-24 11:19,@MES#C,5498.74,5499.41,5498.17,5499.06,172,0
2024-06-24 11:20,@MES#C,5499.85,5500.21,5499.26,5499.29,330,0
2024-06-24 11:21,@MES#C,5498.38,5498.57,5497.85,5498.12,360,0
2024-06-24 11:22,@MES#C,5497.86,5498.65,5496.87,5498.57,303,0
2024-06-24 11:23,@MES#C,5498.34,5498.44,5498.16,5498.34,75,0
2024-06-24 11:24,@MES#C,5500.0,5500.35,5499.41,5499.49,65,0
2024-06-24 11:25,@MES#C,5500.11,5501.21,5500.11,5500.87,380,0
2024-06-24 11:26,@MES#C,5499.49,5499.91,5498.55,5498.74,267,0
2024-06-24 11:27,@MES#C,5498.92,5499.11,5498.31,5498.61,199,0
2024-06-24 11:28,@MES#C,5497.68,5497.74,5496.75,5497.13,84,0
2024-06-24 11:29,@MES#C,5496.6,5497.48,5495.87,5497.16,320,0
2024-06-24 11:30,@MES#C,5496.26,5497.32,5495.45,5497.05,301,0
2024-06-24 11:31,@MES#C,5496.24,5496.55,5495.51,5495.93,493,0
2024-06-24 11:32,@MES#C,5495.87,5496.2,5495.82,5495.9,416,0
2024-06-24 11:33,@MES#C,5495.25,5495.88,5494.6,5495.39,271,0
2024-06-24 11:34,@MES#C,5496.01,5496.48,5495.75,5496.19,323,0
2024-06-24 11:35,@MES#C,5495.53,5495.66,5494.7,5494.78,62,0
2024-06-24 11:36,@MES#C,5495.33,5495.75,5495.1,5495.65,291,0
2024-06-24 11:37,@MES#C,5495.98,5496.13,5495.28,5495.55,392,0
2024-06-24 11:38,@MES#C,5495.01,5495.29,5494.8,5495.04,491,0
2024-06-24 11:39,@MES#C,5496.06,5496.91,5495.27,5496.7,92,0
2024-06-24 11:40,@MES#C,5496.55,5498.46,5496.44,5498.36,83,0
2024-06-24 11:41,@MES#C,5498.66,5499.21,5497.95,5499.16,198,0
2024-06-24 11:42,@MES#C,5499.35,5499.88,5499.19,5499.52,182,0
2024-06-24 11:43,@MES#C,5499.03,5500.1,5498.46,5498.56,341,0
2024-06-24 11:44,@MES#C,5497.4,5497.42,5496.76,5496.98,158,0
2024-06-24 11:45,@MES#C,5497.52,5497.66,5496.78,5497.13,178,0
2024-06-24 11:46,@MES#C,5496.64,5497.11,5495.66,5496.09,183,0
2024-06-24 11:47,@MES#C,5496.87,5497.2,5496.16,5496.89,205,0
2024-06-24 11:48,@MES#C,5497.58,5497.94,5497.43,5497.69,174,0
2024-06-24 11:49,@MES#C,5496.49,5496.72,5495.79,5496.06,411,0
2024-06-24 11:50,@MES#C,5494.97,5495.26,5494.24,5494.38,428,0
2024-06-24 11:51,@MES#C,5493.24,5493.28,5492.28,5492.75,202,0
2024-06-24 11:52,@MES#C,5492.66,5493.81,5492.58,5493.29,360,0
2024-06-24 11:53,@MES#C,5492.96,5493.42,5492.49,5492.61,369,0
2024-06-24 11:54,@MES#C,5493.5,5493.89,5493.31,5493.75,65,0
2024-06-24 11:55,@MES#C,5494.57,5494.59,5494.22,5494.24,174,0
2024-06-24 11:56,@MES#C,5494.81,5495.21,5494.0,5494.19,329,0
2024-06-24 11:57,@MES#C,5495.16,5496.9,5494.59,5496.5,374,0
2024-06-24 11:58,@MES#C,5496.57,5497.3,5495.47,5495.57,111,0
2024-06-24 11:59,@MES#C,5494.84,5495.08,5494.22,5494.8,474,0
2024-06-24 12:00,@MES#C,5494.44,5495.78,5494.09,5495.35,412,0
2024-06-24 12:01,@MES#C,5495.78,5496.74,5495.42,5496.44,471,0
2024-06-24 12:02,@MES#C,5495.52,5496.53,5495.42,5496.19,197,0
2024-06-24 12:03,@MES#C,5496.58,5497.12,5496.04,5496.78,55,0
2024-06-24 12:04,@MES#C,5497.48,5498.05,5497.46,5497.59,310,0
2024-06-24 12:05,@MES#C,5498.36,5498.5,5497.88,5498.14,150,0
2024-06-24 12:06,@MES#C,5499.45,5499.59,5498.89,5498.93,413,0
2024-06-24 12:07,@MES#C,5499.19,5500.36,5499.03,5500.16,181,0
2024-06-24 12:08,@MES#C,5497.96,5498.09,5497.61,5497.94,111,0
2024-06-24 12:09,@MES#C,5497.68,5497.83,5496.8,5497.57,315,0
2024-06-24 12:10,@MES#C,5496.66,5498.08,5496.36,5497.24,304,0
2024-06-24 12:11,@MES#C,5498.64,5499.32,5498.11,5499.1,302,0
2024-06-24 12:12,@MES#C,5498.5,5499.65,5498.08,5499.11,360,0
2024-06-24 12:13,@MES#C,5498.29,5498.4,5497.96,5498.16,198,0
2024-06-24 12:14,@MES#C,5498.6,5498.85,5498.07,5498.25,213,0
2024-06-24 12:15,@MES#C,5497.9,5498.21,5497.07,5497.99,278,0
2024-06-24 12:16,@MES#C,5498.74,5500.56,5498.53,5499.33,349,0
2024-06-24 12:17,@MES#C,5499.89,5500.07,5499.08,5499.28,300,0
2024-06-24 12:18,@MES#C,5499.8,5499.86,5499.26,5499.7,158,0
2024-06-24 12:19,@MES#C,5499.57,5500.02,5498.86,5499.17,488,0
2024-06-24 12:20,@MES#C,5497.88,5497.95,5497.38,5497.69,287,0
2024-06-24 12:21,@MES#C,5497.92,5498.3,5497.65,5498.27,425,0
2024-06-24 12:22,@MES#C,5498.06,5498.09,5497.31,5498.07,405,0
2024-06-24 12:23,@MES#C,5498.12,5498.22,5497.75,5497.95,346,0
2024-06-24 12:24,@MES#C,5497.09,5497.23,5495.8,5496.11,79,0
2024-06-24 12:25,@MES#C,5496.73,5496.83,5495.75,5495.85,432,0
2024-06-24 12:26,@MES#C,5496.0,5496.69,5495.97,5496.32,361,0
2024-06-24 12:27,@MES#C,5496.98,5497.12,5495.42,5496.5,465,0
2024-06-24 12:28,@MES#C,5496.0,5496.41,5495.62,5495.68,248,0
2024-06-24 12:29,@MES#C,5493.88,5494.38,5493.68,5494.01,53,0
2024-06-24 12:30,@MES#C,5492.98,5493.11,5492.86,5493.0,364,0
2024-06-24 12:31,@MES#C,5492.8,5493.39,5491.64,5491.87,390,0
2024-06-24 12:32,@MES#C,5491.87,5492.12,5491.39,5491.5,183,0
2024-06-24 12:33,@MES#C,5491.28,5491.54,5490.53,5491.41,471,0
2024-06-24 12:34,@MES#C,5490.88,5491.05,5490.83,5490.84,91,0
2024-06-24 12:35,@MES#C,5489.6,5490.03,5488.6,5489.29,406,0
2024-06-24 12:36,@MES#C,5488.65,5488.89,5487.78,5488.02,218,0
2024-06-24 12:37,@MES#C,5487.82,5488.01,5486.54,5486.7,298,0
2024-06-24 12:38,@MES#C,5487.36,5487.78,5486.33,5486.93,456,0
2024-06-24 12:39,@MES#C,5487.5,5488.7,5487.49,5488.5,303,0
2024-06-24 12:40,@MES#C,5486.75,5486.8,5485.39,5485.53,153,0
2024-06-24 12:41,@MES#C,5485.59,5486.03,5485.53,5485.66,372,0
2024-06-24 12:42,@MES#C,5486.64,5486.69,5486.21,5486.64,63,0
2024-06-24 12:43,@MES#C,5488.9,5489.27,5488.69,5489.12,305,0
2024-06-24 12:44,@MES#C,5490.62,5491.74,5490.06,5491.1,250,0
2024-06-24 12:45,@MES#C,5491.18,5491.39,5490.16,5490.42,463,0
2024-06-24 12:46,@MES#C,5490.5,5491.27,5489.53,5490.33,318,0
2024-06-24 12:47,@MES#C,5490.38,5490.82,5490.02,5490.15,221,0
2024-06-24 12:48,@MES#C,5489.82,5490.62,5489.8,5490.4,61,0
2024-06-24 12:49,@MES#C,5490.97,5492.42,5490.38,5492.13,263,0
2024-06-24 12:50,@MES#C,5491.45,5491.97,5491.36,5491.6,379,0
2024-06-24 12:51,@MES#C,5491.68,5492.2,5490.28,5490.83,294,0
2024-06-24 12:52,@MES#C,5491.22,5493.01,5490.46,5492.46,256,0
2024-06-24 12:53,@MES#C,5493.21,5493.33,5491.84,5492.28,438,0
2024-06-24 12:54,@MES#C,5492.72,5492.97,5491.08,5491.94,242,0
2024-06-24 12:55,@MES#C,5492.85,5493.06,5492.49,5492.86,281,0
2024-06-24 12:56,@MES#C,5493.64,5494.77,5493.21,5494.42,304,0
2024-06-24 12:57,@MES#C,5494.64,5494.79,5494.15,5494.69,426,0
2024-06-24 12:58,@MES#C,5493.93,5494.02,5493.18,5493.76,240,0
2024-06-24 12:59,@MES#C,5494.56,5495.3,5494.32,5495.21,165,0
2024-06-24 13:00,@MES#C,5495.01,5496.06,5494.54,5495.81,496,0
2024-06-24 13:01,@MES#C,5497.12,5497.3,5496.8,5497.02,225,0
2024-06-24 13:02,@MES#C,5496.19,5497.05,5495.94,5496.49,264,0
2024-06-24 13:03,@MES#C,5496.78,5496.96,5496.57,5496.6,498,0
2024-06-24 13:04,@MES#C,5496.61,5497.29,5496.59,5497.0,275,0
2024-06-24 13:05,@MES#C,5495.73,5496.36,5495.03,5495.18,114,0
2024-06-24 13:06,@MES#C,5494.12,5494.17,5492.57,5493.2,308,0
2024-06-24 13:07,@MES#C,5494.24,5494.64,5493.71,5494.45,362,0
2024-06-24 13:08,@MES#C,5495.2,5495.55,5494.68,5495.0,231,0
2024-06-24 13:09,@MES#C,5495.28,5495.45,5495.08,5495.19,350,0
2024-06-24 13:10,@MES#C,5494.67,5496.05,5494.37,5495.64,398,0
2024-06-24 13:11,@MES#C,5495.04,5495.45,5493.65,5494.33,237,0
2024-06-24 13:12,@MES#C,5495.07,5495.16,5494.76,5494.92,101,0
2024-06-24 13:13,@MES#C,5494.26,5494.74,5493.76,5494.69,417,0
2024-06-24 13:14,@MES#C,5494.55,5496.05,5494.27,5495.38,474,0
2024-06-24 13:15,@MES#C,5495.78,5496.58,5495.46,5496.29,144,0
2024-06-24 13:16,@MES#C,5496.58,5496.82,5495.77,5496.53,461,0
2024-06-24 13:17,@MES#C,5496.68,5497.55,5496.42,5497.02,458,0
2024-06-24 13:18,@MES#C,5498.66,5498.73,5498.54,5498.71,447,0
2024-06-24 13:19,@MES#C,5497.89,5498.33,5497.67,5498.01,211,0
2024-06-24 13:20,@MES#C,5497.97,5499.5,5497.79,5498.78,444,0
2024-06-24 13:21,@MES#C,5500.77,5501.0,5499.81,5500.52,74,0
2024-06-24 13:22,@MES#C,5501.63,5503.18,5501.08,5502.21,322,0
2024-06-24 13:23,@MES#C,5502.27,5503.41,5501.68,5502.75,326,0
2024-06-24 13:24,@MES#C,5503.38,5503.64,5503.05,5503.36,316,0
2024-06-24 13:25,@MES#C,5502.99,5503.33,5501.4,5501.88,71,0
2024-06-24 13:26,@MES#C,5501.32,5501.63,5501.19,5501.53,416,0
2024-06-24 13:27,@MES#C,5500.82,5501.48,5500.01,5501.45,247,0
2024-06-24 13:28,@MES#C,5501.49,5501.98,5500.68,5500.93,234,0
2024-06-24 13:29,@MES#C,5501.88,5501.93,5501.42,5501.49,410,0
2024-06-24 13:30,@MES#C,5500.46,5500.99,5500.21,5500.3,434,0
2024-06-24 13:31,@MES#C,5499.06,5500.09,5498.8,5500.06,482,0
2024-06-24 13:32,@MES#C,5499.84,5500.41,5498.79,5498.95,378,0
2024-06-24 13:33,@MES#C,5498.99,5499.95,5498.65,5499.85,488,0
2024-06-24 13:34,@MES#C,5500.42,5500.94,5500.33,5500.8,56,0
2024-06-24 13:35,@MES#C,5500.07,5500.08,5499.91,5500.08,90,0
2024-06-24 13:36,@MES#C,5499.73,5499.99,5499.1,5499.92,121,0
2024-06-24 13:37,@MES#C,5499.04,5499.09,5497.8,5498.0,388,0
2024-06-24 13:38,@MES#C,5498.42,5499.53,5497.88,5498.76,231,0
2024-06-24 13:39,@MES#C,5497.92,5498.56,5497.89,5498.29,89,0
2024-06-24 13:40,@MES#C,5497.78,5498.17,5497.6,5498.12,216,0
2024-06-24 13:41,@MES#C,5498.33,5498.51,5496.56,5497.61,482,0
2024-06-24 13:42,@MES#C,5498.69,5499.15,5497.91,5499.12,347,0
2024-06-24 13:43,@MES#C,5500.14,5500.42,5499.6,5499.67,88,0
2024-06-24 13:44,@MES#C,5498.82,5498.84,5497.73,5498.08,329,0
2024-06-24 13:45,@MES#C,5497.46,5497.87,5497.39,5497.77,364,0
2024-06-24 13:46,@MES#C,5498.25,5498.36,5497.98,5498.17,340,0
2024-06-24 13:47,@MES#C,5498.05,5498.41,5497.7,5498.1,236,0
2024-06-24 13:48,@MES#C,5498.71,5499.16,5498.6,5498.98,404,0
2024-06-24 13:49,@MES#C,5499.54,5500.46,5499.5,5500.1,333,0
2024-06-24 13:50,@MES#C,5501.21,5501.6,5501.09,5501.34,495,0
2024-06-24 13:51,@MES#C,5500.75,5502.31,5500.6,5501.18,242,0
2024-06-24 13:52,@MES#C,5501.23,5501.43,5500.35,5500.96,215,0
2024-06-24 13:53,@MES#C,5500.59,5500.89,5498.95,5499.63,295,0
2024-06-24 13:54,@MES#C,5500.14,5501.96,5499.47,5501.82,178,0
2024-06-24 13:55,@MES#C,5501.24,5502.13,5500.98,5502.02,180,0
2024-06-24 13:56,@MES#C,5501.87,5502.42,5501.67,5502.33,81,0
2024-06-24 13:57,@MES#C,5502.21,5502.37,5500.73,5501.45,323,0
2024-06-24 13:58,@MES#C,5501.09,5501.67,5500.86,5501.55,430,0
2024-06-24 13:59,@MES#C,5502.49,5503.22,5502.11,5503.04,225,0
2024-06-24 14:00,@MES#C,5503.64,5504.18,5503.21,5503.38,449,0
2024-06-24 14:01,@MES#C,5504.25,5504.61,5503.5,5503.69,354,0
2024-06-24 14:02,@MES#C,5503.63,5503.78,5501.76,5502.5,429,0
2024-06-24 14:03,@MES#C,5503.58,5505.16,5503.45,5504.68,141,0
2024-06-24 14:04,@MES#C,5504.71,5505.98,5504.52,5505.78,210,0
2024-06-24 14:05,@MES#C,5505.48,5506.5,5505.41,5505.91,372,0
2024-06-24 14:06,@MES#C,5504.58,5504.92,5503.93,5503.95,280,0
2024-06-24 14:07,@MES#C,5503.35,5503.47,5502.83,5503.22,114,0
2024-06-24 14:08,@MES#C,5501.12,5501.18,5500.58,5500.62,295,0
2024-06-24 14:09,@MES#C,5500.83,5501.04,5500.55,5500.65,136,0
2024-06-24 14:10,@MES#C,5501.57,5501.6,5501.06,5501.13,361,0
2024-06-24 14:11,@MES#C,5500.89,5501.96,5500.87,5501.47,418,0
2024-06-24 14:12,@MES#C,5501.3,5501.4,5500.76,5501.1,224,0
2024-06-24 14:13,@MES#C,5501.29,5501.68,5499.76,5500.61,347,0
2024-06-24 14:14,@MES#C,5500.47,5501.04,5499.89,5500.01,386,0
2024-06-24 14:15,@MES#C,5499.9,5499.96,5499.15,5499.7,422,0
2024-06-24 14:16,@MES#C,5499.63,5500.55,5499.6,5499.81,251,0
2024-06-24 14:17,@MES#C,5499.74,5501.73,5499.41,5501.38,204,0
2024-06-24 14:18,@MES#C,5501.85,5502.39,5501.27,5501.41,145,0
2024-06-24 14:19,@MES#C,5499.91,5499.91,5499.06,5499.22,446,0
2024-06-24 14:20,@MES#C,5499.54,5499.82,5498.33,5498.81,100,0
2024-06-24 14:21,@MES#C,5497.44,5497.6,5496.11,5496.78,81,0
2024-06-24 14:22,@MES#C,5497.03,5497.38,5496.62,5497.37,495,0
2024-06-24 14:23,@MES#C,5496.4,5496.56,5495.18,5495.63,173,0
2024-06-24 14:24,@MES#C,5495.89,5496.01,5494.91,5495.11,372,0
2024-06-24 14:25,@MES#C,5495.37,5496.41,5495.34,5496.11,138,0
2024-06-24 14:26,@MES#C,5495.32,5495.43,5494.78,5495.07,73,0
2024-06-24 14:27,@MES#C,5493.94,5494.37,5492.29,5492.54,311,0
2024-06-24 14:28,@MES#C,5491.26,5491.98,5490.19,5490.44,294,0
2024-06-24 14:29,@MES#C,5490.95,5491.96,5490.86,5491.35,240,0
2024-06-24 14:30,@MES#C,5490.06,5492.16,5489.64,5491.52,340,0
2024-06-24 14:31,@MES#C,5490.33,5492.11,5490.14,5491.14,372,0
2024-06-24 14:32,@MES#C,5490.08,5490.18,5488.61,5488.74,158,0
2024-06-24 14:33,@MES#C,5488.92,5489.28,5488.79,5489.15,325,0
2024-06-24 14:34,@MES#C,5488.27,5488.68,5487.92,5488.67,483,0
2024-06-24 14:35,@MES#C,5487.54,5487.84,5486.25,5486.68,89,0
2024-06-24 14:36,@MES#C,5487.28,5487.93,5487.12,5487.49,363,0
2024-06-24 14:37,@MES#C,5488.45,5488.76,5487.86,5488.73,348,0
2024-06-24 14:38,@MES#C,5488.82,5489.16,5488.36,5488.64,419,0
2024-06-24 14:39,@MES#C,5488.6,5490.17,5488.58,5489.39,431,0
2024-06-24 14:40,@MES#C,5489.35,5490.31,5488.89,5488.92,347,0
2024-06-24 14:41,@MES#C,5488.94,5489.24,5487.34,5487.74,158,0
2024-06-24 14:42,@MES#C,5487.23,5487.76,5486.2,5486.74,133,0
2024-06-24 14:43,@MES#C,5486.37,5486.69,5485.83,5486.23,181,0
2024-06-24 14:44,@MES#C,5485.39,5485.81,5484.4,5485.02,111,0
2024-06-24 14:45,@MES#C,5485.21,5486.5,5485.09,5486.23,405,0
2024-06-24 14:46,@MES#C,5486.48,5486.78,5486.02,5486.33,93,0
2024-06-24 14:47,@MES#C,5486.12,5486.67,5485.59,5485.91,63,0
2024-06-24 14:48,@MES#C,5485.41,5485.59,5484.26,5484.74,98,0
2024-06-24 14:49,@MES#C,5484.96,5485.09,5484.07,5484.34,189,0
2024-06-24 14:50,@MES#C,5484.82,5485.23,5484.32,5484.42,308,0
2024-06-24 14:51,@MES#C,5483.41,5483.92,5483.31,5483.57,426,0
2024-06-24 14:52,@MES#C,5485.36,5486.34,5485.23,5486.22,315,0
2024-06-24 14:53,@MES#C,5485.54,5486.39,5485.44,5486.24,346,0
2024-06-24 14:54,@MES#C,5486.79,5487.9,5486.75,5487.83,191,0
2024-06-24 14:55,@MES#C,5488.6,5488.6,5488.33,5488.41,194,0
2024-06-24 14:56,@MES#C,5488.7,5489.32,5487.53,5487.88,284,0
2024-06-24 14:57,@MES#C,5487.37,5487.82,5487.29,5487.75,267,0
2024-06-24 14:58,@MES#C,5486.77,5487.01,5486.26,5486.49,302,0
2024-06-24 14:59,@MES#C,5486.62,5487.95,5486.35,5487.94,409,0
2024-06-24 15:00,@MES#C,5487.8,5487.92,5487.79,5487.86,85,0
2024-06-24 15:01,@MES#C,5487.09,5487.16,5486.77,5487.0,435,0
2024-06-24 15:02,@MES#C,5486.86,5487.25,5486.82,5486.89,76,0
2024-06-24 15:03,@MES#C,5486.46,5486.95,5486.11,5486.8,64,0
2024-06-24 15:04,@MES#C,5487.38,5487.77,5487.28,5487.73,66,0
2024-06-24 15:05,@MES#C,5487.21,5487.28,5486.66,5486.83,81,0
2024-06-24 15:06,@MES#C,5486.17,5486.21,5485.24,5486.13,370,0
2024-06-24 15:07,@MES#C,5486.0,5486.57,5485.42,5485.9,58,0
2024-06-24 15:08,@MES#C,5485.24,5485.44,5483.52,5483.68,107,0
2024-06-24 15:09,@MES#C,5484.56,5485.11,5484.41,5485.08,300,0
2024-06-24 15:10,@MES#C,5485.9,5486.23,5485.2,5485.89,270,0
2024-06-24 15:11,@MES#C,5486.49,5487.88,5486.19,5487.86,463,0
2024-06-24 15:12,@MES#C,5486.91,5487.95,5486.69,5487.24,323,0
2024-06-24 15:13,@MES#C,5487.59,5487.82,5487.39,5487.46,426,0
2024-06-24 15:14,@MES#C,5486.84,5488.09,5486.53,5487.95,431,0
2024-06-24 15:15,@MES#C,5488.97,5489.86,5488.74,5489.85,97,0
2024-06-24 15:16,@MES#C,5490.3,5490.51,5489.59,5489.91,157,0
2024-06-24 15:17,@MES#C,5490.81,5491.68,5490.52,5491.4,210,0
2024-06-24 15:18,@MES#C,5490.88,5491.72,5490.74,5491.32,260,0
2024-06-24 15:19,@MES#C,5491.25,5491.98,5491.16,5491.85,131,0
2024-06-24 15:20,@MES#C,5491.07,5491.99,5490.93,5491.68,234,0
2024-06-24 15:21,@MES#C,5490.84,5491.39,5490.39,5490.48,165,0
2024-06-24 15:22,@MES#C,5489.67,5489.91,5488.29,5489.85,331,0
2024-06-24 15:23,@MES#C,5489.55,5491.14,5489.51,5490.4,344,0
2024-06-24 15:24,@MES#C,5491.99,5492.69,5491.77,5491.92,489,0
2024-06-24 15:25,@MES#C,5492.23,5492.5,5491.5,5491.72,138,0
2024-06-24 15:26,@MES#C,5492.01,5493.23,5491.83,5492.81,302,0
2024-06-24 15:27,@MES#C,5491.75,5492.61,5491.66,5492.07,259,0
2024-06-24 15:28,@MES#C,5492.31,5492.72,5491.59,5491.63,193,0
2024-06-24 15:29,@MES#C,5492.48,5492.88,5492.18,5492.85,240,0
2024-06-24 15:30,@MES#C,5491.99,5492.15,5491.55,5491.68,472,0
2024-06-24 15:31,@MES#C,5491.05,5491.81,5490.49,5491.78,435,0
2024-06-24 15:32,@MES#C,5493.66,5493.82,5493.48,5493.64,456,0
2024-06-24 15:33,@MES#C,5493.06,5494.74,5492.73,5494.33,459,0
2024-06-24 15:34,@MES#C,5494.8,5495.31,5493.86,5494.19,234,0
2024-06-24 15:35,@MES#C,5492.88,5493.01,5491.33,5491.66,231,0
2024-06-24 15:36,@MES#C,5490.07,5491.24,5489.51,5490.39,377,0
2024-06-24 15:37,@MES#C,5490.4,5491.38,5490.26,5490.93,55,0
2024-06-24 15:38,@MES#C,5490.96,5491.36,5490.9,5491.14,402,0
2024-06-24 15:39,@MES#C,5491.18,5492.49,5490.99,5492.01,418,0
2024-06-24 15:40,@MES#C,5493.38,5494.03,5492.93,5493.15,68,0
2024-06-24 15:41,@MES#C,5492.2,5492.36,5491.62,5491.78,328,0
2024-06-24 15:42,@MES#C,5493.34,5493.71,5492.48,5492.94,341,0
2024-06-24 15:43,@MES#C,5492.17,5493.51,5491.93,5493.02,472,0
2024-06-24 15:44,@MES#C,5493.18,5493.35,5492.93,5493.32,452,0
2024-06-24 15:45,@MES#C,5492.64,5492.94,5491.92,5492.01,107,0
2024-06-24 15:46,@MES#C,5491.99,5492.32,5491.74,5492.12,499,0
2024-06-24 15:47,@MES#C,5491.9,5492.1,5490.91,5491.64,80,0
2024-06-24 15:48,@MES#C,5491.01,5492.29,5490.56,5491.6,369,0
2024-06-24 15:49,@MES#C,5491.3,5491.93,5491.12,5491.48,159,0
2024-06-24 15:50,@MES#C,5492.17,5492.36,5491.45,5491.77,66,0
2024-06-24 15:51,@MES#C,5492.7,5493.2,5492.15,5492.59,177,0
2024-06-24 15:52,@MES#C,5492.9,5494.17,5492.75,5494.01,151,0
2024-06-24 15:53,@MES#C,5493.82,5494.2,5493.03,5493.59,61,0
2024-06-24 15:54,@MES#C,5491.56,5492.22,5491.39,5492.04,420,0
2024-06-24 15:55,@MES#C,5491.47,5491.52,5490.89,5491.06,374,0
2024-06-24 15:56,@MES#C,5490.7,5491.05,5489.25,5489.76,248,0
2024-06-24 15:57,@MES#C,5490.12,5490.38,5489.29,5489.96,390,0
2024-06-24 15:58,@MES#C,5489.81,5490.25,5489.26,5489.55,297,0
2024-06-24 15:59,@MES#C,5489.56,5489.66,5488.72,5489.56,463,0
2024-06-24 16:00,@MES#C,5489.82,5489.95,5488.38,5488.4,473,0
2024-06-24 16:01,@MES#C,5488.69,5488.85,5488.67,5488.84,398,0
2024-06-24 16:02,@MES#C,5489.33,5489.71,5487.8,5489.01,209,0
2024-06-24 16:03,@MES#C,5489.09,5489.13,5487.82,5488.19,316,0
2024-06-24 16:04,@MES#C,5487.84,5488.65,5487.61,5488.46,95,0
2024-06-24 16:05,@MES#C,5489.93,5490.54,5488.81,5489.22,217,0
2024-06-24 16:06,@MES#C,5489.68,5489.74,5488.98,5489.17,119,0
2024-06-24 16:07,@MES#C,5488.97,5489.41,5487.71,5487.74,445,0
2024-06-24 16:08,@MES#C,5487.35,5487.5,5486.66,5487.02,306,0
2024-06-24 16:09,@MES#C,5487.34,5487.74,5486.89,5487.66,488,0
2024-06-24 16:10,@MES#C,5487.73,5488.14,5486.55,5486.85,378,0
2024-06-24 16:11,@MES#C,5486.56,5487.34,5486.15,5486.29,239,0
2024-06-24 16:12,@MES#C,5486.56,5486.8,5485.46,5486.34,453,0
2024-06-24 16:13,@MES#C,5486.7,5486.75,5486.3,5486.59,155,0
2024-06-24 16:14,@MES#C,5485.35,5485.8,5484.28,5484.99,340,0
2024-06-24 16:15,@MES#C,5483.23,5483.28,5482.13,5482.32,422,0
2024-06-24 16:16,@MES#C,5481.26,5482.55,5481.07,5482.43,130,0
2024-06-24 16:17,@MES#C,5483.01,5483.12,5482.53,5482.78,100,0
2024-06-24 16:18,@MES#C,5481.48,5482.51,5480.96,5482.43,498,0
2024-06-24 16:19,@MES#C,5481.7,5481.8,5480.97,5481.0,265,0
2024-06-24 16:20,@MES#C,5480.63,5481.13,5480.0,5480.02,256,0
2024-06-24 16:21,@MES#C,5479.47,5480.43,5478.96,5480.4,228,0
2024-06-24 16:22,@MES#C,5479.97,5480.14,5479.29,5480.12,316,0
2024-06-24 16:23,@MES#C,5480.01,5480.76,5479.94,5480.46,101,0
2024-06-24 16:24,@MES#C,5479.76,5480.63,5479.62,5480.51,467,0
2024-06-24 16:25,@MES#C,5481.43,5482.46,5481.15,5481.89,432,0
2024-06-24 16:26,@MES#C,5481.09,5481.59,5480.53,5481.52,325,0
2024-06-24 16:27,@MES#C,5480.33,5480.99,5480.08,5480.3,344,0
2024-06-24 16:28,@MES#C,5480.6,5482.08,5480.43,5481.74,236,0
2024-06-24 16:29,@MES#C,5480.63,5480.76,5479.18,5480.05,495,0
2024-06-24 16:30,@MES#C,5480.02,5480.06,5478.97,5479.41,264,0
2024-06-24 16:31,@MES#C,5479.42,5480.26,5479.11,5480.26,357,0
2024-06-24 16:32,@MES#C,5480.06,5480.23,5479.02,5479.26,341,0
2024-06-24 16:33,@MES#C,5478.76,5478.99,5478.51,5478.6,495,0
2024-06-24 16:34,@MES#C,5478.9,5479.34,5478.63,5478.87,464,0
2024-06-24 16:35,@MES#C,5479.3,5479.43,5478.33,5479.3,309,0
2024-06-24 16:36,@MES#C,5478.64,5479.12,5477.93,5478.82,425,0
2024-06-24 16:37,@MES#C,5478.28,5478.69,5478.07,5478.59,270,0
2024-06-24 16:38,@MES#C,5479.19,5479.51,5479.18,5479.43,241,0
2024-06-24 16:39,@MES#C,5479.61,5479.9,5478.93,5479.65,460,0
2024-06-24 16:40,@MES#C,5478.81,5479.19,5478.1,5479.06,441,0
2024-06-24 16:41,@MES#C,5478.47,5478.6,5477.34,5477.89,245,0
2024-06-24 16:42,@MES#C,5477.51,5477.61,5476.02,5476.22,385,0
2024-06-24 16:43,@MES#C,5477.09,5477.4,5476.02,5476.3,194,0
2024-06-24 16:44,@MES#C,5477.58,5478.44,5477.22,5478.03,414,0
2024-06-24 16:45,@MES#C,5477.82,5478.33,5477.42,5477.72,195,0
2024-06-24 16:46,@MES#C,5477.79,5478.69,5477.73,5478.37,464,0
2024-06-24 16:47,@MES#C,5476.98,5477.1,5476.29,5476.34,454,0
2024-06-24 16:48,@MES#C,5476.4,5477.5,5476.31,5477.03,366,0
2024-06-24 16:49,@MES#C,5476.46,5477.68,5476.35,5477.32,341,0
2024-06-24 16:50,@MES#C,5478.76,5478.76,5477.71,5477.86,245,0
2024-06-24 16:51,@MES#C,5478.1,5478.37,5477.01,5477.43,67,0
2024-06-24 16:52,@MES#C,5477.65,5478.04,5476.31,5476.54,253,0
2024-06-24 16:53,@MES#C,5474.38,5475.18,5474.06,5475.13,106,0
2024-06-24 16:54,@MES#C,5475.93,5476.2,5475.38,5475.52,233,0
2024-06-24 16:55,@MES#C,5476.82,5477.22,5476.5,5477.03,254,0
2024-06-24 16:56,@MES#C,5476.03,5476.71,5475.9,5476.42,435,0
2024-06-24 16:57,@MES#C,5476.82,5478.12,5476.74,5476.89,176,0
2024-06-24 16:58,@MES#C,5477.4,5477.71,5476.74,5477.67,398,0
2024-06-24 16:59,@MES#C,5476.59,5476.95,5476.17,5476.78,498,0
2024-06-24 17:00,@MES#C,5477.07,5478.05,5476.34,5476.53,407,0
2024-06-24 17:01,@MES#C,5476.25,5476.79,5475.73,5476.73,434,0
2024-06-24 17:02,@MES#C,5476.49,5476.98,5475.89,5476.77,393,0
2024-06-24 17:03,@MES#C,5476.41,5477.53,5476.31,5476.92,204,0
2024-06-24 17:04,@MES#C,5476.68,5477.48,5476.54,5477.14,247,0
2024-06-24 17:05,@MES#C,5478.08,5479.51,5478.06,5479.21,305,0
2024-06-24 17:06,@MES#C,5479.17,5479.55,5479.1,5479.51,484,0
2024-06-24 17:07,@MES#C,5480.54,5480.72,5479.82,5479.86,325,0
2024-06-24 17:08,@MES#C,5481.45,5481.72,5480.98,5481.2,105,0
2024-06-24 17:09,@MES#C,5478.95,5480.04,5478.11,5478.35,204,0
2024-06-24 17:10,@MES#C,5477.46,5477.49,5477.1,5477.44,57,0
2024-06-24 17:11,@MES#C,5477.75,5478.06,5477.14,5477.42,151,0
2024-06-24 17:12,@MES#C,5476.6,5477.22,5475.18,5475.54,464,0
2024-06-24 17:13,@MES#C,5475.79,5477.05,5474.65,5475.07,138,0
2024-06-24 17:14,@MES#C,5474.69,5475.3,5474.09,5474.33,462,0
2024-06-24 17:15,@MES#C,5474.32,5474.65,5474.27,5474.29,469,0
2024-06-24 17:16,@MES#C,5473.68,5473.88,5473.3,5473.78,381,0
2024-06-24 17:17,@MES#C,5474.12,5474.18,5473.82,5473.85,146,0
2024-06-24 17:18,@MES#C,5473.16,5473.45,5472.78,5473.2,260,0
2024-06-24 17:19,@MES#C,5472.91,5473.53,5471.91,5473.26,86,0
2024-06-24 17:20,@MES#C,5473.96,5475.06,5473.22,5474.75,123,0
2024-06-24 17:21,@MES#C,5472.7,5472.92,5472.37,5472.43,193,0
2024-06-24 17:22,@MES#C,5472.65,5473.6,5472.33,5473.44,499,0
2024-06-24 17:23,@MES#C,5472.57,5473.58,5472.32,5473.54,134,0
2024-06-24 17:24,@MES#C,5473.04,5473.32,5472.14,5472.65,485,0
2024-06-24 17:25,@MES#C,5472.49,5472.94,5472.02,5472.14,378,0
2024-06-24 17:26,@MES#C,5472.35,5472.4,5471.76,5471.9,346,0
2024-06-24 17:27,@MES#C,5471.83,5472.48,5471.51,5472.48,242,0
2024-06-24 17:28,@MES#C,5472.08,5472.19,5470.71,5471.0,219,0
2024-06-24 17:29,@MES#C,5471.33,5471.66,5470.9,5471.12,366,0
2024-06-24 17:30,@MES#C,5471.47,5471.91,5470.78,5471.13,68,0
2024-06-24 17:31,@MES#C,5472.44,5473.1,5472.32,5472.96,357,0
2024-06-24 17:32,@MES#C,5473.08,5473.45,5471.42,5471.44,247,0
2024-06-24 17:33,@MES#C,5471.63,5472.44,5471.21,5472.31,241,0
2024-06-24 17:34,@MES#C,5472.57,5472.63,5472.26,5472.38,65,0
2024-06-24 17:35,@MES#C,5470.58,5470.58,5470.04,5470.35,140,0
2024-06-24 17:36,@MES#C,5471.07,5471.58,5470.96,5471.56,298,0
2024-06-24 17:37,@MES#C,5471.47,5471.55,5471.33,5471.43,175,0
2024-06-24 17:38,@MES#C,5472.03,5472.45,5470.59,5471.29,142,0
2024-06-24 17:39,@MES#C,5471.49,5472.37,5470.78,5471.79,249,0
2024-06-24 17:40,@MES#C,5471.31,5471.75,5470.91,5471.41,308,0
2024-06-24 17:41,@MES#C,5471.55,5473.39,5470.91,5473.27,356,0
2024-06-24 17:42,@MES#C,5474.23,5474.85,5473.81,5474.45,423,0
2024-06-24 17:43,@MES#C,5475.73,5476.91,5475.6,5475.85,99,0
2024-06-24 17:44,@MES#C,5476.38,5476.66,5475.89,5476.23,75,0
2024-06-24 17:45,@MES#C,5476.18,5476.33,5475.69,5476.2,149,0
2024-06-24 17:46,@MES#C,5475.51,5475.73,5474.89,5475.7,495,0
2024-06-24 17:47,@MES#C,5475.71,5477.13,5475.02,5476.9,307,0
2024-06-24 17:48,@MES#C,5474.41,5474.89,5473.96,5474.85,442,0
2024-06-24 17:49,@MES#C,5475.13,5475.82,5474.96,5475.64,195,0
2024-06-24 17:50,@MES#C,5475.66,5475.99,5475.27,5475.99,135,0
2024-06-24 17:51,@MES#C,5474.92,5476.35,5474.7,5476.11,203,0
2024-06-24 17:52,@MES#C,5476.06,5476.25,5476.05,5476.1,267,0
2024-06-24 17:53,@MES#C,5476.24,5476.99,5474.76,5474.82,333,0
2024-06-24 17:54,@MES#C,5475.29,5475.48,5474.19,5474.46,333,0
2024-06-24 17:55,@MES#C,5473.99,5474.71,5473.81,5474.45,492,0
2024-06-24 17:56,@MES#C,5474.25,5475.78,5473.72,5475.02,328,0
2024-06-24 17:57,@MES#C,5474.15,5474.8,5473.37,5473.66,157,0
2024-06-24 17:58,@MES#C,5472.05,5472.53,5471.28,5471.44,365,0
2024-06-24 17:59,@MES#C,5470.64,5471.09,5469.7,5469.72,121,0
2024-06-24 18:00,@MES#C,5470.41,5471.21,5470.12,5470.95,308,0
2024-06-24 18:01,@MES#C,5470.7,5471.51,5469.87,5470.58,331,0
2024-06-24 18:02,@MES#C,5470.39,5471.7,5470.13,5471.11,185,0
2024-06-24 18:03,@MES#C,5470.94,5471.17,5469.71,5469.98,461,0
2024-06-24 18:04,@MES#C,5470.38,5470.42,5469.5,5469.86,141,0
2024-06-24 18:05,@MES#C,5471.59,5472.12,5471.51,5471.64,463,0
2024-06-24 18:06,@MES#C,5470.56,5470.98,5469.66,5469.84,481,0
2024-06-24 18:07,@MES#C,5470.3,5471.06,5470.09,5470.62,262,0
2024-06-24 18:08,@MES#C,5470.84,5470.95,5470.28,5470.46,344,0
2024-06-24 18:09,@MES#C,5470.64,5471.66,5470.17,5471.6,398,0
2024-06-24 18:10,@MES#C,5472.04,5472.48,5470.83,5471.16,78,0
2024-06-24 18:11,@MES#C,5471.09,5471.96,5470.97,5471.46,181,0
2024-06-24 18:12,@MES#C,5471.1,5471.13,5469.84,5469.85,195,0
2024-06-24 18:13,@MES#C,5471.54,5472.6,5471.15,5472.28,335,0
2024-06-24 18:14,@MES#C,5471.87,5472.18,5471.62,5471.82,401,0
2024-06-24 18:15,@MES#C,5470.94,5471.7,5470.25,5471.66,286,0
2024-06-24 18:16,@MES#C,5471.62,5472.18,5471.49,5471.79,128,0
2024-06-24 18:17,@MES#C,5471.94,5472.51,5470.7,5471.15,192,0
2024-06-24 18:18,@MES#C,5472.11,5472.9,5471.69,5472.3,451,0
2024-06-24 18:19,@MES#C,5471.57,5472.83,5471.42,5472.61,239,0
2024-06-24 18:20,@MES#C,5472.08,5472.9,5471.8,5472.23,301,0
2024-06-24 18:21,@MES#C,5472.53,5472.63,5471.91,5472.21,125,0
2024-06-24 18:22,@MES#C,5472.09,5473.77,5471.94,5473.22,158,0
2024-06-24 18:23,@MES#C,5473.89,5474.9,5473.86,5474.57,276,0
2024-06-24 18:24,@MES#C,5473.12,5474.61,5473.08,5473.79,97,0
2024-06-24 18:25,@MES#C,5474.28,5474.54,5473.48,5473.73,207,0
2024-06-24 18:26,@MES#C,5473.94,5474.2,5473.59,5473.64,494,0
2024-06-24 18:27,@MES#C,5472.76,5472.89,5472.49,5472.56,237,0
2024-06-24 18:28,@MES#C,5471.43,5473.12,5471.25,5472.02,56,0
2024-06-24 18:29,@MES#C,5472.14,5472.93,5471.85,5472.48,360,0
2024-06-24 18:30,@MES#C,5472.94,5473.75,5472.18,5473.06,148,0
2024-06-24 18:31,@MES#C,5473.4,5473.74,5473.2,5473.63,252,0
2024-06-24 18:32,@MES#C,5474.29,5474.32,5473.13,5473.36,87,0
2024-06-24 18:33,@MES#C,5473.7,5474.48,5473.39,5474.35,102,0
2024-06-24 18:34,@MES#C,5474.39,5474.49,5473.73,5473.85,166,0
2024-06-24 18:35,@MES#C,5474.19,5474.97,5473.53,5474.33,299,0
2024-06-24 18:36,@MES#C,5474.67,5474.8,5473.87,5474.19,346,0
2024-06-24 18:37,@MES#C,5473.06,5474.2,5472.89,5474.06,148,0
2024-06-24 18:38,@MES#C,5473.31,5473.79,5472.65,5473.01,302,0
2024-06-24 18:39,@MES#C,5473.88,5474.3,5473.47,5473.64,193,0
2024-06-24 18:40,@MES#C,5471.54,5471.61,5471.14,5471.47,115,0
2024-06-24 18:41,@MES#C,5472.4,5473.39,5472.38,5472.89,89,0
2024-06-24 18:42,@MES#C,5473.7,5473.99,5472.51,5472.82,490,0
2024-06-24 18:43,@MES#C,5471.92,5472.25,5471.77,5471.92,496,0
2024-06-24 18:44,@MES#C,5470.48,5471.03,5468.84,5469.2,338,0
2024-06-24 18:45,@MES#C,5469.2,5469.98,5469.14,5469.81,372,0
2024-06-24 18:46,@MES#C,5470.69,5470.7,5470.24,5470.25,487,0
2024-06-24 18:47,@MES#C,5469.94,5469.99,5469.52,5469.98,287,0
2024-06-24 18:48,@MES#C,5470.62,5470.71,5469.92,5470.04,253,0
2024-06-24 18:49,@MES#C,5468.34,5469.15,5467.85,5468.88,452,0
2024-06-24 18:50,@MES#C,5468.49,5469.26,5468.35,5468.46,170,0
2024-06-24 18:51,@MES#C,5468.49,5468.77,5468.16,5468.74,205,0
2024-06-24 18:52,@MES#C,5468.2,5468.45,5467.56,5467.6,492,0
2024-06-24 18:53,@MES#C,5468.17,5469.35,5467.88,5468.96,73,0
2024-06-24 18:54,@MES#C,5467.81,5469.15,5467.61,5469.03,309,0
2024-06-24 18:55,@MES#C,5469.02,5469.43,5468.59,5469.33,251,0
2024-06-24 18:56,@MES#C,5471.18,5471.59,5470.26,5470.61,242,0
2024-06-24 18:57,@MES#C,5471.44,5471.46,5471.04,5471.36,266,0
2024-06-24 18:58,@MES#C,5472.08,5472.18,5471.6,5471.85,197,0
2024-06-24 18:59,@MES#C,5471.66,5471.98,5471.0,5471.67,232,0
2024-06-24 19:00,@MES#C,5472.13,5472.7,5471.85,5472.62,99,0
2024-06-24 19:01,@MES#C,5472.75,5472.88,5471.87,5471.9,187,0
2024-06-24 19:02,@MES#C,5471.49,5472.57,5470.94,5472.38,344,0
2024-06-24 19:03,@MES#C,5472.45,5472.45,5471.88,5471.88,77,0
2024-06-24 19:04,@MES#C,5470.79,5470.92,5470.3,5470.47,495,0
2024-06-24 19:05,@MES#C,5470.0,5470.36,5468.85,5470.28,342,0
2024-06-24 19:06,@MES#C,5469.89,5471.21,5469.85,5470.54,113,0
2024-06-24 19:07,@MES#C,5469.93,5470.46,5469.28,5469.93,270,0
2024-06-24 19:08,@MES#C,5469.87,5470.44,5469.6,5469.9,384,0
2024-06-24 19:09,@MES#C,5469.38,5469.92,5468.53,5469.68,130,0
2024-06-24 19:10,@MES#C,5469.63,5470.28,5468.67,5468.74,323,0
2024-06-24 19:11,@MES#C,5468.19,5468.63,5466.65,5467.05,299,0
2024-06-24 19:12,@MES#C,5468.84,5469.31,5468.66,5469.27,176,0
2024-06-24 19:13,@MES#C,5470.92,5471.77,5470.25,5470.81,496,0
2024-06-24 19:14,@MES#C,5469.42,5469.68,5468.98,5469.02,211,0
2024-06-24 19:15,@MES#C,5471.41,5471.5,5470.52,5470.77,334,0
2024-06-24 19:16,@MES#C,5470.77,5471.25,5470.72,5470.83,293,0
2024-06-24 19:17,@MES#C,5471.09,5472.0,5470.72,5471.44,68,0
2024-06-24 19:18,@MES#C,5471.49,5471.73,5470.7,5470.79,289,0
2024-06-24 19:19,@MES#C,5470.41,5470.88,5469.18,5469.85,115,0
2024-06-24 19:20,@MES#C,5469.66,5470.06,5468.62,5468.78,232,0
2024-06-24 19:21,@MES#C,5469.08,5469.74,5468.9,5469.52,211,0
2024-06-24 19:22,@MES#C,5469.95,5470.27,5469.05,5469.53,368,0
2024-06-24 19:23,@MES#C,5470.01,5471.35,5469.46,5470.56,312,0
2024-06-24 19:24,@MES#C,5470.88,5471.64,5470.86,5471.48,288,0
2024-06-24 19:25,@MES#C,5471.78,5472.12,5470.95,5471.59,345,0
2024-06-24 19:26,@MES#C,5471.16,5472.63,5471.06,5472.38,64,0
2024-06-24 19:27,@MES#C,5472.65,5472.72,5471.87,5472.21,84,0
2024-06-24 19:28,@MES#C,5471.65,5472.45,5471.23,5472.12,318,0
2024-06-24 19:29,@MES#C,5474.72,5475.48,5474.37,5475.35,115,0
2024-06-24 19:30,@MES#C,5475.27,5476.81,5474.68,5476.13,140,0
2024-06-24 19:31,@MES#C,5475.12,5475.91,5474.53,5475.41,148,0
2024-06-24 19:32,@MES#C,5475.61,5476.28,5475.41,5475.92,180,0
2024-06-24 19:33,@MES#C,5475.13,5475.74,5474.27,5475.07,468,0
2024-06-24 19:34,@MES#C,5475.66,5476.01,5474.77,5475.21,218,0
2024-06-24 19:35,@MES#C,5475.68,5476.42,5475.24,5475.29,359,0
2024-06-24 19:36,@MES#C,5474.91,5475.7,5474.03,5474.64,121,0
2024-06-24 19:37,@MES#C,5473.85,5474.51,5473.7,5474.39,123,0
2024-06-24 19:38,@MES#C,5473.64,5474.01,5472.47,5473.18,200,0
2024-06-24 19:39,@MES#C,5472.46,5473.64,5472.42,5472.66,64,0
2024-06-24 19:40,@MES#C,5473.83,5473.85,5473.14,5473.39,109,0
2024-06-24 19:41,@MES#C,5472.78,5473.17,5471.81,5472.29,340,0
2024-06-24 19:42,@MES#C,5473.5,5474.64,5473.38,5474.58,215,0
2024-06-24 19:43,@MES#C,5475.15,5475.57,5474.37,5474.56,379,0
2024-06-24 19:44,@MES#C,5474.42,5474.85,5474.1,5474.41,50,0
2024-06-24 19:45,@MES#C,5472.86,5473.29,5472.25,5473.01,382,0
2024-06-24 19:46,@MES#C,5472.49,5472.5,5471.33,5471.98,281,0
2024-06-24 19:47,@MES#C,5471.33,5471.87,5471.18,5471.65,386,0
2024-06-24 19:48,@MES#C,5471.97,5472.83,5471.53,5472.15,334,0
2024-06-24 19:49,@MES#C,5472.79,5473.45,5472.33,5473.32,99,0
2024-06-24 19:50,@MES#C,5473.47,5473.64,5472.67,5473.59,217,0
2024-06-24 19:51,@MES#C,5473.06,5473.63,5472.14,5472.35,334,0
2024-06-24 19:52,@MES#C,5472.32,5472.44,5471.59,5471.98,346,0
2024-06-24 19:53,@MES#C,5471.82,5472.17,5471.05,5471.82,499,0
2024-06-24 19:54,@MES#C,5471.78,5471.83,5471.32,5471.52,331,0
2024-06-24 19:55,@MES#C,5473.06,5473.17,5472.06,5472.86,235,0
2024-06-24 19:56,@MES#C,5472.42,5473.51,5471.71,5473.51,189,0
2024-06-24 19:57,@MES#C,5473.76,5474.01,5473.69,5473.72,187,0
2024-06-24 19:58,@MES#C,5474.44,5474.56,5474.33,5474.43,442,0
2024-06-24 19:59,@MES#C,5475.41,5475.67,5474.86,5475.01,403,0
2024-06-24 20:00,@MES#C,5476.23,5477.42,5476.12,5476.92,267,0
2024-06-24 20:01,@MES#C,5476.7,5478.23,5476.06,5477.67,136,0
2024-06-24 20:02,@MES#C,5477.0,5477.42,5476.83,5477.18,111,0
2024-06-24 20:03,@MES#C,5477.64,5479.05,5477.17,5478.35,139,0
2024-06-24 20:04,@MES#C,5478.1,5479.07,5478.1,5478.54,253,0
2024-06-24 20:05,@MES#C,5479.46,5479.47,5478.08,5478.51,184,0
2024-06-24 20:06,@MES#C,5478.92,5479.9,5478.7,5479.38,310,0
2024-06-24 20:07,@MES#C,5480.47,5480.72,5479.1,5479.48,180,0
2024-06-24 20:08,@MES#C,5479.28,5479.65,5478.07,5478.55,153,0
2024-06-24 20:09,@MES#C,5478.52,5479.2,5478.25,5478.95,347,0
2024-06-24 20:10,@MES#C,5479.03,5480.55,5478.42,5479.63,170,0
2024-06-24 20:11,@MES#C,5478.76,5479.75,5478.49,5479.37,128,0
2024-06-24 20:12,@MES#C,5478.9,5479.03,5478.66,5478.86,358,0
2024-06-24 20:13,@MES#C,5477.79,5478.25,5477.33,5478.23,275,0
2024-06-24 20:14,@MES#C,5477.66,5477.68,5476.18,5476.7,294,0
2024-06-24 20:15,@MES#C,5476.54,5477.24,5475.61,5476.02,223,0
2024-06-24 20:16,@MES#C,5475.44,5476.52,5474.93,5475.78,235,0
2024-06-24 20:17,@MES#C,5476.5,5476.9,5476.08,5476.84,242,0
2024-06-24 20:18,@MES#C,5476.72,5476.92,5475.82,5476.14,275,0
2024-06-24 20:19,@MES#C,5476.44,5477.11,5476.24,5476.99,263,0
2024-06-24 20:20,@MES#C,5477.37,5477.48,5476.71,5477.14,297,0
2024-06-24 20:21,@MES#C,5477.65,5478.57,5477.38,5478.18,243,0
2024-06-24 20:22,@MES#C,5477.75,5478.33,5477.43,5477.76,87,0
2024-06-24 20:23,@MES#C,5479.29,5479.68,5478.58,5478.87,426,0
2024-06-24 20:24,@MES#C,5478.66,5478.75,5477.03,5477.25,203,0
2024-06-24 20:25,@MES#C,5477.53,5477.77,5476.88,5477.17,380,0
2024-06-24 20:26,@MES#C,5476.56,5477.45,5475.82,5476.26,238,0
2024-06-24 20:27,@MES#C,5476.32,5476.53,5475.26,5475.75,350,0
2024-06-24 20:28,@MES#C,5475.89,5476.31,5475.88,5476.15,170,0
2024-06-24 20:29,@MES#C,5477.19,5477.44,5476.1,5476.26,330,0
2024-06-24 20:30,@MES#C,5475.94,5476.56,5475.62,5475.99,135,0
2024-06-24 20:31,@MES#C,5476.53,5477.24,5476.19,5476.91,212,0
2024-06-24 20:32,@MES#C,5476.79,5476.97,5475.85,5475.94,180,0
2024-06-24 20:33,@MES#C,5475.91,5476.15,5475.46,5475.48,287,0
2024-06-24 20:34,@MES#C,5475.61,5476.29,5475.25,5475.83,312,0
2024-06-24 20:35,@MES#C,5476.28,5476.33,5475.4,5475.55,440,0
2024-06-24 20:36,@MES#C,5476.03,5476.06,5474.64,5475.31,427,0
2024-06-24 20:37,@MES#C,5476.1,5476.7,5475.81,5476.3,440,0
2024-06-24 20:38,@MES#C,5476.17,5476.76,5476.11,5476.51,97,0
2024-06-24 20:39,@MES#C,5476.71,5477.24,5476.17,5477.0,451,0
2024-06-24 20:40,@MES#C,5478.3,5479.98,5477.77,5479.8,316,0
2024-06-24 20:41,@MES#C,5480.21,5481.5,5480.16,5481.01,74,0
2024-06-24 20:42,@MES#C,5481.17,5481.82,5480.54,5481.69,399,0
2024-06-24 20:43,@MES#C,5482.59,5482.75,5482.35,5482.54,75,0
2024-06-24 20:44,@MES#C,5481.86,5482.63,5481.66,5482.47,151,0
2024-06-24 20:45,@MES#C,5481.63,5481.69,5481.07,5481.3,498,0
2024-06-24 20:46,@MES#C,5481.93,5482.32,5481.79,5481.81,396,0
2024-06-24 20:47,@MES#C,5482.56,5482.98,5482.43,5482.8,342,0
2024-06-24 20:48,@MES#C,5482.65,5482.76,5482.08,5482.22,270,0
2024-06-24 20:49,@MES#C,5483.29,5483.82,5483.26,5483.67,478,0
2024-06-24 20:50,@MES#C,5482.66,5482.7,5482.44,5482.53,212,0
2024-06-24 20:51,@MES#C,5483.27,5483.54,5482.27,5482.85,356,0
2024-06-24 20:52,@MES#C,5483.47,5483.51,5483.2,5483.24,199,0
2024-06-24 20:53,@MES#C,5483.61,5485.21,5483.35,5485.14,388,0
2024-06-24 20:54,@MES#C,5483.79,5484.28,5483.33,5483.5,204,0
2024-06-24 20:55,@MES#C,5484.28,5484.54,5482.44,5483.21,385,0
2024-06-24 20:56,@MES#C,5481.61,5483.63,5481.24,5482.52,120,0
2024-06-24 20:57,@MES#C,5480.64,5481.37,5480.5,5480.91,444,0
2024-06-24 20:58,@MES#C,5481.38,5482.12,5480.86,5481.13,222,0
2024-06-24 20:59,@MES#C,5482.04,5482.64,5480.51,5480.84,497,0
2024-06-24 21:00,@MES#C,5479.57,5479.75,5479.0,5479.6,499,0
2024-06-24 21:01,@MES#C,5480.08,5480.15,5478.97,5479.75,258,0
2024-06-24 21:02,@MES#C,5479.48,5479.55,5479.33,5479.49,283,0
2024-06-24 21:03,@MES#C,5479.27,5479.85,5479.24,5479.45,346,0
2024-06-24 21:04,@MES#C,5479.7,5479.96,5479.38,5479.59,397,0
2024-06-24 21:05,@MES#C,5479.9,5480.04,5479.77,5479.91,423,0
2024-06-24 21:06,@MES#C,5479.51,5479.66,5478.43,5478.52,161,0
2024-06-24 21:07,@MES#C,5478.1,5479.38,5477.75,5479.23,185,0
2024-06-24 21:08,@MES#C,5478.44,5479.05,5476.85,5477.4,273,0
2024-06-24 21:09,@MES#C,5476.68,5477.91,5476.57,5477.77,121,0
2024-06-24 21:10,@MES#C,5478.92,5480.19,5478.82,5479.31,329,0
2024-06-24 21:11,@MES#C,5478.82,5478.93,5477.26,5477.72,297,0
2024-06-24 21:12,@MES#C,5478.19,5478.6,5478.1,5478.21,339,0
2024-06-24 21:13,@MES#C,5478.55,5478.97,5478.2,5478.65,305,0
2024-06-24 21:14,@MES#C,5476.15,5477.4,5475.54,5476.38,95,0
2024-06-24 21:15,@MES#C,5476.37,5476.78,5475.9,5476.09,60,0
2024-06-24 21:16,@MES#C,5476.21,5476.7,5474.94,5476.69,306,0
2024-06-24 21:17,@MES#C,5476.85,5477.07,5475.36,5475.82,63,0
2024-06-24 21:18,@MES#C,5474.75,5474.77,5472.91,5473.46,323,0
2024-06-24 21:19,@MES#C,5473.19,5473.37,5471.81,5472.07,336,0
2024-06-24 21:20,@MES#C,5470.65,5471.64,5470.2,5471.33,492,0
2024-06-24 21:21,@MES#C,5471.85,5472.51,5471.13,5472.17,176,0
2024-06-24 21:22,@MES#C,5470.96,5471.02,5470.37,5470.52,383,0
2024-06-24 21:23,@MES#C,5471.42,5472.45,5471.32,5472.11,429,0
2024-06-24 21:24,@MES#C,5471.43,5471.56,5469.95,5471.31,113,0
2024-06-24 21:25,@MES#C,5471.77,5472.54,5471.27,5471.41,428,0
2024-06-24 21:26,@MES#C,5471.52,5472.18,5471.18,5471.22,301,0
2024-06-24 21:27,@MES#C,5472.19,5472.56,5471.74,5472.54,335,0
2024-06-24 21:28,@MES#C,5474.57,5474.81,5474.5,5474.76,301,0
2024-06-24 21:29,@MES#C,5474.28,5474.89,5473.64,5474.11,317,0
2024-06-24 21:30,@MES#C,5473.7,5474.41,5473.45,5473.66,189,0
2024-06-24 21:31,@MES#C,5473.08,5474.36,5473.07,5473.91,302,0
2024-06-24 21:32,@MES#C,5473.55,5474.63,5473.4,5474.23,318,0
2024-06-24 21:33,@MES#C,5474.03,5474.46,5473.86,5474.15,162,0
2024-06-24 21:34,@MES#C,5473.78,5474.06,5472.49,5472.94,409,0
2024-06-24 21:35,@MES#C,5472.64,5472.7,5471.84,5472.06,116,0
2024-06-24 21:36,@MES#C,5471.25,5472.57,5471.02,5472.39,157,0
2024-06-24 21:37,@MES#C,5473.0,5473.11,5472.65,5472.76,255,0
2024-06-24 21:38,@MES#C,5473.11,5473.47,5472.58,5473.31,437,0
2024-06-24 21:39,@MES#C,5473.15,5473.35,5471.63,5472.01,56,0
2024-06-24 21:40,@MES#C,5474.04,5474.25,5473.36,5473.8,322,0
2024-06-24 21:41,@MES#C,5473.96,5474.03,5472.69,5473.48,409,0
2024-06-24 21:42,@MES#C,5474.22,5474.23,5473.19,5473.76,425,0
2024-06-24 21:43,@MES#C,5473.53,5473.72,5472.95,5473.53,122,0
2024-06-24 21:44,@MES#C,5474.11,5475.27,5473.88,5474.69,231,0
2024-06-24 21:45,@MES#C,5475.5,5476.4,5474.91,5476.14,220,0
2024-06-24 21:46,@MES#C,5475.47,5475.78,5475.29,5475.3,394,0
2024-06-24 21:47,@MES#C,5476.35,5477.56,5475.94,5477.07,311,0
2024-06-24 21:48,@MES#C,5477.46,5478.12,5476.98,5477.1,491,0
2024-06-24 21:49,@MES#C,5477.46,5478.75,5476.49,5478.67,434,0
2024-06-24 21:50,@MES#C,5478.82,5479.34,5478.37,5478.83,495,0
2024-06-24 21:51,@MES#C,5478.31,5479.54,5477.86,5479.08,120,0
2024-06-24 21:52,@MES#C,5478.79,5478.82,5478.45,5478.76,97,0
2024-06-24 21:53,@MES#C,5479.06,5480.6,5478.96,5480.24,441,0
2024-06-24 21:54,@MES#C,5480.9,5482.73,5480.43,5481.93,215,0
2024-06-24 21:55,@MES#C,5481.75,5482.77,5481.58,5482.1,444,0
2024-06-24 21:56,@MES#C,5482.46,5482.63,5482.4,5482.49,422,0
2024-06-24 21:57,@MES#C,5483.87,5483.89,5483.38,5483.72,226,0
2024-06-24 21:58,@MES#C,5484.3,5485.77,5484.22,5485.12,213,0
2024-06-24 21:59,@MES#C,5485.0,5485.44,5484.97,5485.31,67,0
2024-06-24 23:00,@MES#C,5485.42,5485.81,5485.33,5485.69,423,0
2024-06-24 23:01,@MES#C,5487.86,5488.37,5486.76,5487.14,199,0
2024-06-24 23:02,@MES#C,5487.06,5487.83,5486.99,5487.59,62,0
2024-06-24 23:03,@MES#C,5487.04,5487.05,5486.26,5486.89,132,0
2024-06-24 23:04,@MES#C,5485.96,5486.27,5485.19,5485.29,102,0
2024-06-24 23:05,@MES#C,5483.82,5484.09,5481.82,5482.93,307,0
2024-06-24 23:06,@MES#C,5483.91,5484.25,5482.46,5482.82,72,0
2024-06-24 23:07,@MES#C,5485.38,5485.66,5483.29,5484.02,102,0
2024-06-24 23:08,@MES#C,5484.36,5484.41,5483.87,5484.24,385,0
2024-06-24 23:09,@MES#C,5483.08,5483.99,5482.52,5483.82,138,0
2024-06-24 23:10,@MES#C,5485.1,5485.86,5484.57,5485.06,327,0
2024-06-24 23:11,@MES#C,5484.99,5485.67,5484.81,5485.06,88,0
2024-06-24 23:12,@MES#C,5485.2,5485.22,5484.56,5485.08,258,0
2024-06-24 23:13,@MES#C,5484.77,5484.99,5483.87,5484.43,50,0
2024-06-24 23:14,@MES#C,5483.83,5484.81,5483.55,5484.73,67,0
2024-06-24 23:15,@MES#C,5485.18,5485.37,5485.01,5485.09,102,0
2024-06-24 23:16,@MES#C,5484.69,5485.06,5483.32,5483.41,440,0
2024-06-24 23:17,@MES#C,5482.64,5482.73,5481.11,5481.76,132,0
2024-06-24 23:18,@MES#C,5481.92,5482.01,5481.07,5481.09,379,0
2024-06-24 23:19,@MES#C,5481.58,5481.8,5479.38,5479.79,196,0
2024-06-24 23:20,@MES#C,5478.65,5478.81,5477.88,5478.54,296,0
2024-06-24 23:21,@MES#C,5479.15,5479.52,5478.75,5479.17,253,0
2024-06-24 23:22,@MES#C,5480.0,5480.42,5479.02,5479.09,432,0
2024-06-24 23:23,@MES#C,5477.72,5477.97,5477.1,5477.63,343,0
2024-06-24 23:24,@MES#C,5478.03,5478.34,5477.69,5478.09,151,0
2024-06-24 23:25,@MES#C,5478.36,5479.91,5478.21,5479.34,495,0
2024-06-24 23:26,@MES#C,5479.09,5479.22,5478.49,5478.71,358,0
2024-06-24 23:27,@MES#C,5479.32,5480.62,5478.78,5480.6,139,0
2024-06-24 23:28,@MES#C,5479.52,5480.01,5479.17,5479.99,291,0
2024-06-24 23:29,@MES#C,5480.65,5480.95,5480.4,5480.56,268,0
2024-06-24 23:30,@MES#C,5479.6,5480.83,5479.34,5480.79,179,0
2024-06-24 23:31,@MES#C,5479.95,5480.39,5479.6,5479.81,116,0
2024-06-24 23:32,@MES#C,5479.12,5479.41,5478.46,5479.21,174,0
2024-06-24 23:33,@MES#C,5479.72,5480.62,5479.34,5480.16,119,0
2024-06-24 23:34,@MES#C,5479.29,5479.61,5478.37,5478.49,304,0
2024-06-24 23:35,@MES#C,5476.42,5478.01,5475.59,5477.65,279,0
2024-06-24 23:36,@MES#C,5476.49,5477.37,5475.86,5476.0,418,0
2024-06-24 23:37,@MES#C,5475.14,5475.45,5474.03,5474.32,151,0
2024-06-24 23:38,@MES#C,5475.77,5475.86,5474.84,5475.36,241,0
2024-06-24 23:39,@MES#C,5474.94,5475.63,5474.55,5475.22,66,0
2024-06-24 23:40,@MES#C,5474.55,5475.16,5474.42,5475.15,132,0
2024-06-24 23:41,@MES#C,5474.7,5475.87,5474.63,5475.74,142,0
2024-06-24 23:42,@MES#C,5475.53,5477.52,5475.25,5477.0,92,0
2024-06-24 23:43,@MES#C,5476.83,5477.2,5476.65,5476.92,448,0
2024-06-24 23:44,@MES#C,5478.08,5478.53,5477.1,5477.29,125,0
2024-06-24 23:45,@MES#C,5478.89,5479.87,5478.78,5479.49,62,0
2024-06-24 23:46,@MES#C,5479.26,5479.57,5478.19,5478.39,136,0
2024-06-24 23:47,@MES#C,5478.72,5478.78,5478.52,5478.59,387,0
2024-06-24 23:48,@MES#C,5479.31,5479.6,5478.42,5478.42,144,0
2024-06-24 23:49,@MES#C,5476.76,5477.34,5476.0,5476.67,485,0
2024-06-24 23:50,@MES#C,5476.96,5478.15,5476.58,5478.14,192,0
2024-06-24 23:51,@MES#C,5477.72,5478.55,5476.8,5477.32,412,0
2024-06-24 23:52,@MES#C,5476.8,5477.28,5476.24,5476.32,251,0
2024-06-24 23:53,@MES#C,5478.0,5478.14,5476.59,5477.0,431,0
2024-06-24 23:54,@MES#C,5477.79,5478.22,5477.76,5477.96,79,0
2024-06-24 23:55,@MES#C,5479.26,5479.85,5478.19,5479.58,289,0
2024-06-25 00:00,@MES#C,5479.53,5481.31,5478.79,5480.78,218,0
2024-06-25 00:01,@MES#C,5479.82,5480.94,5479.51,5480.85,132,0
2024-06-25 00:02,@MES#C,5480.87,5481.31,5479.29,5479.31,169,0
2024-06-25 00:03,@MES#C,5477.76,5478.16,5476.95,5477.53,242,0
2024-06-25 00:04,@MES#C,5477.71,5478.44,5477.62,5477.75,444,0
2024-06-25 00:05,@MES#C,5478.43,5478.52,5477.46,5477.64,337,0
2024-06-25 00:06,@MES#C,5477.53,5478.26,5477.23,5478.04,96,0
2024-06-25 00:07,@MES#C,5479.23,5479.29,5478.65,5478.73,278,0
2024-06-25 00:08,@MES#C,5478.68,5479.24,5477.39,5477.7,155,0
2024-06-25 00:09,@MES#C,5477.2,5477.69,5476.43,5476.83,142,0
2024-06-25 00:10,@MES#C,5477.0,5477.57,5476.99,5477.45,163,0
2024-06-25 00:11,@MES#C,5478.18,5478.77,5477.63,5477.76,181,0
2024-06-25 00:12,@MES#C,5477.78,5478.24,5477.66,5478.23,114,0
2024-06-25 00:13,@MES#C,5478.95,5479.0,5478.54,5478.55,107,0
2024-06-25 00:14,@MES#C,5479.24,5479.96,5479.12,5479.18,257,0
2024-06-25 00:15,@MES#C,5479.04,5479.46,5478.04,5478.25,406,0
2024-06-25 00:16,@MES#C,5479.16,5479.36,5478.65,5479.14,103,0
2024-06-25 00:17,@MES#C,5480.15,5480.34,5478.91,5479.63,375,0
2024-06-25 00:18,@MES#C,5479.83,5480.11,5479.26,5479.67,284,0
2024-06-25 00:19,@MES#C,5479.84,5480.86,5479.84,5480.4,290,0
2024-06-25 00:20,@MES#C,5479.51,5479.73,5478.73,5478.92,236,0
2024-06-25 00:21,@MES#C,5478.4,5478.89,5478.23,5478.43,402,0
2024-06-25 00:22,@MES#C,5479.33,5479.41,5479.14,5479.29,192,0
2024-06-25 00:23,@MES#C,5479.72,5481.63,5479.67,5481.58,99,0
2024-06-25 00:24,@MES#C,5482.17,5483.55,5481.31,5483.16,364,0
2024-06-25 00:25,@MES#C,5485.22,5486.05,5485.1,5485.59,459,0
2024-06-25 00:26,@MES#C,5484.57,5485.69,5484.54,5485.31,100,0
2024-06-25 00:27,@MES#C,5484.87,5485.8,5484.64,5485.76,182,0
2024-06-25 00:28,@MES#C,5484.84,5485.34,5483.68,5483.72,91,0
2024-06-25 00:29,@MES#C,5483.27,5484.5,5483.18,5484.21,370,0
2024-06-25 00:30,@MES#C,5483.35,5484.78,5482.65,5483.95,409,0
2024-06-25 00:31,@MES#C,5484.96,5485.18,5483.6,5484.09,230,0
2024-06-25 00:32,@MES#C,5484.15,5485.19,5483.37,5484.48,362,0
2024-06-25 00:33,@MES#C,5484.06,5484.45,5482.96,5483.5,390,0
2024-06-25 00:34,@MES#C,5483.3,5483.56,5483.19,5483.36,171,0
2024-06-25 00:35,@MES#C,5483.27,5483.67,5482.91,5483.0,495,0
2024-06-25 00:36,@MES#C,5484.16,5484.35,5483.44,5484.26,132,0
2024-06-25 00:37,@MES#C,5482.79,5483.56,5482.28,5483.01,218,0
2024-06-25 00:38,@MES#C,5483.04,5483.38,5482.64,5482.89,162,0
2024-06-25 00:39,@MES#C,5482.1,5482.96,5482.01,5482.82,70,0
2024-06-25 00:40,@MES#C,5483.33,5483.49,5483.0,5483.34,336,0
2024-06-25 00:41,@MES#C,5482.87,5483.88,5482.55,5483.81,379,0
2024-06-25 00:42,@MES#C,5484.39,5485.42,5483.96,5485.08,114,0
2024-06-25 00:43,@MES#C,5485.36,5485.37,5484.99,5485.2,499,0
2024-06-25 00:44,@MES#C,5484.93,5486.35,5484.55,5485.95,275,0
2024-06-25 00:45,@MES#C,5486.45,5487.91,5486.4,5487.72,251,0
2024-06-25 00:46,@MES#C,5487.2,5487.99,5486.92,5487.28,372,0
2024-06-25 00:47,@MES#C,5487.24,5487.59,5486.71,5487.0,283,0
2024-06-25 00:48,@MES#C,5486.07,5487.2,5485.47,5486.37,87,0
2024-06-25 00:49,@MES#C,5485.94,5486.22,5485.38,5486.2,427,0
2024-06-25 00:50,@MES#C,5486.5,5487.27,5486.4,5486.5,262,0
2024-06-25 00:51,@MES#C,5485.48,5485.77,5484.43,5484.87,208,0
2024-06-25 00:52,@MES#C,5484.1,5484.67,5484.03,5484.12,182,0
2024-06-25 00:53,@MES#C,5483.77,5484.22,5483.36,5483.62,364,0
2024-06-25 00:54,@MES#C,5485.03,5485.47,5484.9,5485.07,208,0
2024-06-25 00:55,@MES#C,5484.26,5485.13,5483.5,5485.07,419,0
2024-06-25 00:56,@MES#C,5485.0,5485.25,5483.91,5484.98,197,0
2024-06-25 00:57,@MES#C,5484.94,5486.21,5484.48,5485.83,281,0
2024-06-25 00:58,@MES#C,5486.82,5487.18,5486.59,5486.66,297,0
2024-06-25 00:59,@MES#C,5487.9,5488.18,5487.54,5488.1,57,0
2024-06-25 01:00,@MES#C,5488.97,5490.01,5488.73,5489.44,187,0
2024-06-25 01:01,@MES#C,5490.44,5490.45,5489.69,5490.38,54,0
2024-06-25 01:02,@MES#C,5491.68,5491.86,5491.09,5491.67,473,0
2024-06-25 01:03,@MES#C,5491.93,5492.06,5491.72,5491.73,160,0
2024-06-25 01:04,@MES#C,5491.2,5491.39,5491.05,5491.28,284,0
2024-06-25 01:05,@MES#C,5492.31,5493.0,5492.01,5492.89,312,0
2024-06-25 01:06,@MES#C,5492.95,5493.22,5492.15,5492.21,270,0
2024-06-25 01:07,@MES#C,5493.38,5493.91,5493.31,5493.81,104,0
2024-06-25 01:08,@MES#C,5493.0,5493.35,5491.94,5491.96,92,0
2024-06-25 01:09,@MES#C,5491.52,5491.61,5491.11,5491.38,94,0
2024-06-25 01:10,@MES#C,5491.1,5492.4,5490.88,5492.14,180,0
2024-06-25 01:11,@MES#C,5492.11,5492.42,5491.25,5491.65,284,0
2024-06-25 01:12,@MES#C,5491.32,5491.33,5490.61,5490.66,421,0
2024-06-25 01:13,@MES#C,5490.63,5491.33,5489.74,5491.15,432,0
2024-06-25 01:14,@MES#C,5492.15,5494.14,5491.85,5493.02,337,0
2024-06-25 01:15,@MES#C,5493.8,5493.84,5493.2,5493.46,279,0
2024-06-25 01:16,@MES#C,5493.78,5494.06,5493.22,5493.39,113,0
2024-06-25 01:17,@MES#C,5491.85,5492.31,5490.62,5490.97,449,0
2024-06-25 01:18,@MES#C,5491.31,5491.86,5491.0,5491.44,315,0
2024-06-25 01:19,@MES#C,5491.92,5492.49,5491.56,5492.05,252,0
2024-06-25 01:20,@MES#C,5492.35,5494.05,5492.23,5493.11,307,0
2024-06-25 01:21,@MES#C,5494.04,5495.56,5493.47,5494.98,300,0
2024-06-25 01:22,@MES#C,5494.04,5494.13,5493.23,5493.36,312,0
2024-06-25 01:23,@MES#C,5493.88,5494.71,5493.7,5494.28,322,0
2024-06-25 01:24,@MES#C,5494.25,5494.93,5493.1,5494.23,232,0
2024-06-25 01:25,@MES#C,5494.24,5494.34,5493.54,5493.59,428,0
2024-06-25 01:26,@MES#C,5493.06,5493.35,5492.97,5493.1,194,0
2024-06-25 01:27,@MES#C,5492.97,5493.66,5492.78,5492.96,65,0
2024-06-25 01:28,@MES#C,5492.6,5493.59,5492.13,5493.36,325,0
2024-06-25 01:29,@MES#C,5493.06,5493.34,5491.81,5492.32,489,0
2024-06-25 01:30,@MES#C,5493.51,5493.69,5492.79,5492.82,481,0
2024-06-25 01:31,@MES#C,5491.41,5491.6,5489.67,5490.45,92,0
2024-06-25 01:32,@MES#C,5490.09,5490.35,5490.03,5490.19,319,0
2024-06-25 01:33,@MES#C,5490.86,5491.29,5490.85,5491.03,459,0
2024-06-25 01:34,@MES#C,5491.34,5492.69,5490.85,5492.37,317,0
2024-06-25 01:35,@MES#C,5491.95,5492.01,5491.41,5491.81,459,0
2024-06-25 01:36,@MES#C,5492.82,5493.48,5492.57,5493.35,89,0
2024-06-25 01:37,@MES#C,5493.93,5493.99,5493.1,5493.12,312,0
2024-06-25 01:38,@MES#C,5493.62,5494.62,5492.81,5493.24,175,0
2024-06-25 01:39,@MES#C,5493.3,5494.54,5493.26,5494.31,221,0
2024-06-25 01:40,@MES#C,5494.28,5495.18,5494.22,5494.94,158,0
2024-06-25 01:41,@MES#C,5496.08,5496.6,5496.03,5496.31,430,0
2024-06-25 01:42,@MES#C,5496.72,5496.93,5496.31,5496.57,478,0
2024-06-25 01:43,@MES#C,5496.28,5496.82,5495.98,5496.01,121,0
2024-06-25 01:44,@MES#C,5495.87,5495.95,5495.37,5495.67,356,0
2024-06-25 01:45,@MES#C,5496.12,5496.34,5495.55,5495.97,240,0
2024-06-25 01:46,@MES#C,5495.5,5495.82,5495.46,5495.51,313,0
2024-06-25 01:47,@MES#C,5494.18,5494.86,5493.85,5494.67,135,0
2024-06-25 01:48,@MES#C,5493.8,5494.6,5493.64,5494.05,380,0
2024-06-25 01:49,@MES#C,5494.91,5495.69,5492.84,5493.82,56,0
2024-06-25 01:50,@MES#C,5491.66,5491.94,5491.49,5491.6,461,0
2024-06-25 01:51,@MES#C,5492.25,5492.61,5492.11,5492.18,123,0
2024-06-25 01:52,@MES#C,5492.59,5493.25,5491.08,5491.88,165,0
2024-06-25 01:53,@MES#C,5491.77,5491.99,5490.82,5491.53,320,0
2024-06-25 01:54,@MES#C,5492.0,5492.55,5490.93,5491.09,198,0
2024-06-25 01:55,@MES#C,5489.71,5490.63,5489.11,5490.2,112,0
2024-06-25 01:56,@MES#C,5491.66,5491.83,5491.01,5491.51,89,0
2024-06-25 01:57,@MES#C,5491.11,5491.22,5490.27,5490.46,196,0
2024-06-25 01:58,@MES#C,5490.2,5491.08,5489.5,5490.77,193,0
2024-06-25 01:59,@MES#C,5492.06,5492.06,5491.25,5491.45,247,0
2024-06-25 02:00,@MES#C,5491.17,5492.25,5490.7,5491.65,444,0
2024-06-25 02:01,@MES#C,5491.8,5492.2,5490.87,5491.33,343,0
2024-06-25 02:02,@MES#C,5490.98,5491.9,5490.96,5491.13,174,0
2024-06-25 02:03,@MES#C,5492.03,5492.59,5491.49,5491.68,330,0
2024-06-25 02:04,@MES#C,5489.82,5490.58,5489.09,5490.49,284,0
2024-06-25 02:05,@MES#C,5491.23,5491.36,5490.62,5491.17,476,0
2024-06-25 02:06,@MES#C,5491.64,5492.76,5491.24,5492.05,413,0
2024-06-25 02:07,@MES#C,5491.24,5491.83,5490.11,5490.42,494,0
2024-06-25 02:08,@MES#C,5491.61,5492.05,5491.48,5491.92,366,0
2024-06-25 02:09,@MES#C,5491.91,5492.19,5491.63,5491.69,317,0
2024-06-25 02:10,@MES#C,5491.05,5491.44,5490.85,5491.41,98,0
2024-06-25 02:11,@MES#C,5490.44,5492.1,5490.09,5491.48,189,0
2024-06-25 02:12,@MES#C,5491.17,5491.73,5490.85,5490.99,446,0
2024-06-25 02:13,@MES#C,5492.49,5493.2,5491.9,5492.46,303,0
2024-06-25 02:14,@MES#C,5492.88,5494.13,5492.77,5494.12,432,0
2024-06-25 02:15,@MES#C,5494.99,5495.02,5494.03,5494.52,375,0
2024-06-25 02:16,@MES#C,5495.77,5496.47,5495.31,5496.46,64,0
2024-06-25 02:17,@MES#C,5496.17,5496.87,5495.25,5495.51,264,0
2024-06-25 02:18,@MES#C,5494.34,5494.64,5493.82,5493.97,350,0
2024-06-25 02:19,@MES#C,5493.39,5494.2,5493.25,5493.43,93,0
2024-06-25 02:20,@MES#C,5493.74,5494.34,5492.61,5492.8,182,0
2024-06-25 02:21,@MES#C,5492.7,5493.33,5492.52,5493.07,302,0
2024-06-25 02:22,@MES#C,5493.94,5494.25,5493.33,5493.48,224,0
2024-06-25 02:23,@MES#C,5493.11,5493.57,5493.01,5493.14,394,0
2024-06-25 02:24,@MES#C,5493.18,5493.2,5492.8,5492.86,393,0
2024-06-25 02:25,@MES#C,5492.75,5493.69,5491.73,5492.15,458,0
2024-06-25 02:26,@MES#C,5492.37,5493.86,5491.34,5493.07,90,0
2024-06-25 02:27,@MES#C,5491.97,5492.05,5491.46,5491.83,455,0
2024-06-25 02:28,@MES#C,5490.92,5491.16,5490.78,5491.15,292,0
2024-06-25 02:29,@MES#C,5492.26,5492.97,5491.88,5492.2,83,0
2024-06-25 02:30,@MES#C,5492.79,5492.92,5492.5,5492.76,65,0
2024-06-25 02:31,@MES#C,5490.63,5491.14,5488.3,5488.79,299,0
2024-06-25 02:32,@MES#C,5490.3,5490.82,5490.12,5490.29,414,0
2024-06-25 02:33,@MES#C,5489.48,5491.37,5489.29,5490.47,50,0
2024-06-25 02:34,@MES#C,5490.46,5491.08,5489.66,5489.69,149,0
2024-06-25 02:35,@MES#C,5490.07,5490.13,5489.14,5489.72,466,0
2024-06-25 02:36,@MES#C,5490.59,5491.05,5490.45,5490.53,268,0
2024-06-25 02:37,@MES#C,5489.56,5490.36,5489.36,5490.01,181,0
2024-06-25 02:38,@MES#C,5490.02,5490.77,5489.92,5490.09,475,0
2024-06-25 02:39,@MES#C,5489.79,5489.85,5489.6,5489.65,312,0
2024-06-25 02:40,@MES#C,5488.83,5489.22,5488.38,5488.8,284,0
2024-06-25 02:41,@MES#C,5487.7,5488.3,5487.36,5488.26,476,0
2024-06-25 02:42,@MES#C,5488.34,5488.75,5487.03,5487.62,253,0
2024-06-25 02:43,@MES#C,5488.7,5488.89,5487.93,5488.26,497,0
2024-06-25 02:44,@MES#C,5488.87,5488.88,5488.23,5488.25,125,0
2024-06-25 02:45,@MES#C,5488.76,5489.03,5487.55,5488.4,385,0
2024-06-25 02:46,@MES#C,5487.1,5487.19,5486.43,5486.59,65,0
2024-06-25 02:47,@MES#C,5485.55,5486.96,5485.47,5486.39,168,0
2024-06-25 02:48,@MES#C,5487.23,5487.62,5486.67,5487.21,408,0
2024-06-25 02:49,@MES#C,5486.6,5487.29,5486.28,5486.73,171,0
2024-06-25 02:50,@MES#C,5486.82,5487.51,5486.64,5486.93,78,0
2024-06-25 02:51,@MES#C,5486.5,5486.53,5486.05,5486.38,289,0
2024-06-25 02:52,@MES#C,5484.76,5484.91,5484.37,5484.43,181,0
2024-06-25 02:53,@MES#C,5485.99,5487.0,5485.68,5486.45,479,0
2024-06-25 02:54,@MES#C,5487.81,5489.3,5487.53,5488.92,244,0
2024-06-25 02:55,@MES#C,5488.89,5489.14,5488.4,5488.69,349,0
2024-06-25 02:56,@MES#C,5488.54,5489.22,5487.03,5487.12,321,0
2024-06-25 02:57,@MES#C,5488.29,5489.05,5487.79,5488.47,239,0
2024-06-25 02:58,@MES#C,5490.39,5491.12,5489.82,5491.04,188,0
2024-06-25 02:59,@MES#C,5490.81,5492.42,5490.58,5491.67,320,0
2024-06-25 03:00,@MES#C,5492.1,5493.91,5491.46,5493.28,252,0
2024-06-25 03:01,@MES#C,5492.92,5493.36,5492.03,5492.19,136,0
2024-06-25 03:02,@MES#C,5491.3,5492.01,5490.82,5491.74,346,0
2024-06-25 03:03,@MES#C,5492.01,5492.03,5491.57,5491.85,138,0
2024-06-25 03:04,@MES#C,5492.71,5493.13,5492.5,5492.53,212,0
2024-06-25 03:05,@MES#C,5491.36,5491.65,5490.74,5490.82,101,0
2024-06-25 03:06,@MES#C,5490.22,5491.28,5489.58,5490.64,67,0
2024-06-25 03:07,@MES#C,5490.5,5490.74,5489.47,5489.63,231,0
2024-06-25 03:08,@MES#C,5489.31,5489.67,5488.72,5489.4,225,0
2024-06-25 03:09,@MES#C,5488.76,5488.86,5488.27,5488.81,408,0
2024-06-25 03:10,@MES#C,5488.33,5488.81,5487.74,5488.79,443,0
2024-06-25 03:11,@MES#C,5488.95,5489.15,5488.72,5488.79,322,0
2024-06-25 03:12,@MES#C,5490.14,5490.35,5489.96,5490.19,490,0
2024-06-25 03:13,@MES#C,5490.63,5491.07,5489.62,5490.14,320,0
2024-06-25 03:14,@MES#C,5490.24,5491.79,5489.43,5490.93,121,0
2024-06-25 03:15,@MES#C,5491.04,5491.68,5490.93,5491.39,285,0
2024-06-25 03:16,@MES#C,5492.18,5493.2,5491.98,5492.5,93,0
2024-06-25 03:17,@MES#C,5493.22,5494.26,5491.9,5492.13,149,0
2024-06-25 03:18,@MES#C,5493.33,5493.77,5493.05,5493.35,478,0
2024-06-25 03:19,@MES#C,5493.14,5494.27,5492.77,5494.09,306,0
2024-06-25 03:20,@MES#C,5492.36,5492.52,5492.22,5492.31,487,0
2024-06-25 03:21,@MES#C,5492.02,5492.52,5491.1,5492.05,320,0
2024-06-25 03:22,@MES#C,5492.52,5492.88,5492.18,5492.32,453,0
2024-06-25 03:23,@MES#C,5493.15,5493.5,5492.72,5493.07,370,0
2024-06-25 03:24,@MES#C,5493.0,5493.25,5492.25,5492.58,197,0
2024-06-25 03:25,@MES#C,5491.74,5492.08,5490.51,5490.73,333,0
2024-06-25 03:26,@MES#C,5491.0,5492.26,5490.98,5491.74,86,0
2024-06-25 03:27,@MES#C,5492.04,5493.32,5491.82,5492.79,226,0
2024-06-25 03:28,@MES#C,5493.61,5493.67,5493.33,5493.5,129,0
2024-06-25 03:29,@MES#C,5493.97,5494.7,5493.57,5494.3,461,0
2024-06-25 03:30,@MES#C,5495.24,5495.95,5495.19,5495.35,291,0
2024-06-25 03:31,@MES#C,5494.43,5495.0,5493.97,5494.22,340,0
2024-06-25 03:32,@MES#C,5494.35,5494.49,5493.34,5493.36,467,0
2024-06-25 03:33,@MES#C,5493.05,5493.36,5492.35,5492.57,264,0
2024-06-25 03:34,@MES#C,5492.58,5492.75,5492.41,5492.67,105,0
2024-06-25 03:35,@MES#C,5494.68,5494.9,5492.9,5494.22,231,0
2024-06-25 03:36,@MES#C,5494.55,5494.89,5493.36,5493.73,377,0
2024-06-25 03:37,@MES#C,5493.56,5494.2,5493.07,5493.29,66,0
2024-06-25 03:38,@MES#C,5494.07,5494.51,5493.83,5494.33,313,0
2024-06-25 03:39,@MES#C,5494.44,5495.86,5494.35,5495.52,145,0
2024-06-25 03:40,@MES#C,5495.72,5496.3,5495.69,5495.8,350,0
2024-06-25 03:41,@MES#C,5495.47,5495.68,5495.16,5495.67,455,0
2024-06-25 03:42,@MES#C,5496.2,5496.85,5495.49,5496.3,303,0
2024-06-25 03:43,@MES#C,5496.24,5496.44,5495.42,5496.03,168,0
2024-06-25 03:44,@MES#C,5497.14,5497.45,5496.9,5497.41,170,0
2024-06-25 03:45,@MES#C,5497.26,5497.64,5497.16,5497.46,113,0
2024-06-25 03:46,@MES#C,5497.62,5498.23,5497.34,5497.99,480,0
2024-06-25 03:47,@MES#C,5497.53,5497.96,5496.8,5497.21,126,0
2024-06-25 03:48,@MES#C,5496.44,5496.94,5495.79,5496.02,346,0
2024-06-25 03:49,@MES#C,5495.21,5496.04,5494.91,5495.71,115,0
2024-06-25 03:50,@MES#C,5496.14,5496.39,5495.81,5496.18,286,0
2024-06-25 03:51,@MES#C,5496.79,5496.81,5496.26,5496.38,103,0
2024-06-25 03:52,@MES#C,5495.47,5495.75,5495.09,5495.58,152,0
2024-06-25 03:53,@MES#C,5494.33,5494.36,5493.76,5494.11,382,0
2024-06-25 03:54,@MES#C,5494.63,5494.86,5494.51,5494.59,149,0
2024-06-25 03:55,@MES#C,5494.68,5494.89,5493.55,5493.92,293,0
2024-06-25 03:56,@MES#C,5494.66,5495.08,5494.0,5494.45,122,0
2024-06-25 03:57,@MES#C,5494.76,5496.13,5494.74,5495.46,317,0
2024-06-25 03:58,@MES#C,5496.93,5497.37,5496.38,5496.76,107,0
2024-06-25 03:59,@MES#C,5494.88,5495.07,5493.68,5494.21,177,0
2024-06-25 04:00,@MES#C,5494.55,5495.3,5494.16,5495.1,308,0
2024-06-25 04:01,@MES#C,5494.32,5494.36,5494.14,5494.26,341,0
2024-06-25 04:02,@MES#C,5495.6,5496.16,5494.75,5495.17,224,0
2024-06-25 04:03,@MES#C,5496.12,5496.96,5495.89,5496.79,446,0
2024-06-25 04:04,@MES#C,5497.13,5497.38,5496.06,5496.81,337,0
2024-06-25 04:05,@MES#C,5497.26,5498.25,5497.08,5497.66,191,0
2024-06-25 04:06,@MES#C,5496.85,5497.72,5496.4,5496.5,294,0
2024-06-25 04:07,@MES#C,5497.42,5497.6,5496.35,5496.85,266,0
2024-06-25 04:08,@MES#C,5496.88,5497.1,5495.79,5495.95,173,0
2024-06-25 04:09,@MES#C,5495.46,5496.8,5495.12,5496.09,319,0
2024-06-25 04:10,@MES#C,5495.94,5496.51,5495.83,5496.17,209,0
2024-06-25 04:11,@MES#C,5495.98,5496.03,5495.91,5496.01,241,0
2024-06-25 04:12,@MES#C,5495.53,5495.57,5495.18,5495.19,260,0
2024-06-25 04:13,@MES#C,5495.45,5495.74,5494.25,5494.36,122,0
2024-06-25 04:14,@MES#C,5493.68,5494.66,5493.61,5494.66,261,0
2024-06-25 04:15,@MES#C,5494.64,5494.71,5493.54,5493.91,60,0
2024-06-25 04:16,@MES#C,5493.69,5494.14,5491.57,5492.16,387,0
2024-06-25 04:17,@MES#C,5493.21,5494.31,5493.03,5494.04,329,0
2024-06-25 04:18,@MES#C,5493.21,5493.93,5492.22,5493.9,260,0
2024-06-25 04:19,@MES#C,5495.48,5496.02,5494.71,5495.39,352,0
2024-06-25 04:20,@MES#C,5494.57,5494.98,5493.79,5494.28,307,0
2024-06-25 04:21,@MES#C,5494.12,5494.37,5493.38,5494.15,401,0
2024-06-25 04:22,@MES#C,5495.18,5495.39,5494.72,5494.97,378,0
2024-06-25 04:23,@MES#C,5494.89,5494.91,5493.53,5493.61,482,0
2024-06-25 04:24,@MES#C,5492.79,5493.02,5492.25,5492.87,264,0
2024-06-25 04:25,@MES#C,5492.42,5492.61,5491.69,5492.18,297,0
2024-06-25 04:26,@MES#C,5492.15,5492.37,5491.96,5492.19,334,0
2024-06-25 04:27,@MES#C,5492.71,5493.37,5492.16,5493.12,149,0
2024-06-25 04:28,@MES#C,5492.42,5492.71,5491.88,5492.3,105,0
2024-06-25 04:29,@MES#C,5491.22,5491.25,5490.75,5491.07,104,0
2024-06-25 04:30,@MES#C,5491.13,5491.57,5490.81,5490.87,108,0
2024-06-25 04:31,@MES#C,5491.04,5491.07,5489.7,5490.19,477,0
2024-06-25 04:32,@MES#C,5490.11,5490.26,5489.12,5489.66,113,0
2024-06-25 04:33,@MES#C,5487.71,5488.41,5487.4,5488.05,166,0
2024-06-25 04:34,@MES#C,5488.07,5488.79,5487.47,5488.18,195,0
2024-06-25 04:35,@MES#C,5490.42,5491.18,5490.02,5490.26,247,0
2024-06-25 04:36,@MES#C,5488.04,5488.51,5487.68,5488.18,281,0
2024-06-25 04:37,@MES#C,5488.92,5489.45,5487.78,5487.87,232,0
2024-06-25 04:38,@MES#C,5487.27,5487.78,5487.01,5487.1,112,0
2024-06-25 04:39,@MES#C,5487.53,5487.74,5486.96,5487.66,79,0
2024-06-25 04:40,@MES#C,5488.05,5488.12,5487.43,5487.85,203,0
2024-06-25 04:41,@MES#C,5488.93,5490.1,5488.54,5489.8,182,0
2024-06-25 04:42,@MES#C,5488.05,5488.74,5487.75,5488.7,203,0
2024-06-25 04:43,@MES#C,5488.01,5488.22,5487.31,5487.75,74,0
2024-06-25 04:44,@MES#C,5487.67,5488.4,5487.17,5488.32,212,0
2024-06-25 04:45,@MES#C,5488.32,5488.77,5486.62,5486.92,102,0
2024-06-25 04:46,@MES#C,5485.68,5485.82,5484.9,5485.49,323,0
2024-06-25 04:47,@MES#C,5484.97,5485.11,5484.88,5484.94,367,0
2024-06-25 04:48,@MES#C,5485.78,5485.83,5485.12,5485.3,489,0
2024-06-25 04:49,@MES#C,5485.97,5486.38,5485.89,5486.06,68,0
2024-06-25 04:50,@MES#C,5486.36,5486.61,5485.49,5485.98,457,0
2024-06-25 04:51,@MES#C,5485.16,5486.22,5484.94,5485.27,344,0
2024-06-25 04:52,@MES#C,5486.04,5486.09,5484.76,5485.97,164,0
2024-06-25 04:53,@MES#C,5486.24,5486.9,5486.15,5486.52,128,0
2024-06-25 04:54,@MES#C,5486.38,5486.47,5485.08,5485.58,221,0
2024-06-25 04:55,@MES#C,5484.72,5485.73,5484.63,5485.62,498,0
2024-06-25 04:56,@MES#C,5485.21,5485.59,5483.27,5484.14,232,0
2024-06-25 04:57,@MES#C,5484.09,5484.52,5483.36,5484.23,215,0
2024-06-25 04:58,@MES#C,5483.59,5483.9,5482.75,5483.14,157,0
2024-06-25 04:59,@MES#C,5483.38,5483.86,5483.33,5483.48,309,0
2024-06-25 05:00,@MES#C,5484.11,5484.28,5483.41,5484.01,308,0
2024-06-25 05:01,@MES#C,5484.31,5484.76,5484.1,5484.57,217,0
2024-06-25 05:02,@MES#C,5485.76,5485.93,5485.25,5485.48,150,0
2024-06-25 05:03,@MES#C,5485.23,5485.83,5484.22,5484.84,423,0
2024-06-25 05:04,@MES#C,5485.17,5486.69,5485.04,5485.45,455,0
2024-06-25 05:05,@MES#C,5485.29,5485.45,5484.54,5484.71,103,0
2024-06-25 05:06,@MES#C,5484.24,5484.87,5483.28,5483.4,288,0
2024-06-25 05:07,@MES#C,5484.01,5484.4,5483.73,5484.29,228,0
2024-06-25 05:08,@MES#C,5484.4,5485.1,5484.33,5484.8,149,0
2024-06-25 05:09,@MES#C,5486.02,5486.18,5485.57,5485.74,404,0
2024-06-25 05:10,@MES#C,5485.25,5485.39,5484.57,5484.76,315,0
2024-06-25 05:11,@MES#C,5484.24,5484.91,5484.02,5484.4,431,0
2024-06-25 05:12,@MES#C,5482.32,5482.93,5482.14,5482.71,386,0
2024-06-25 05:13,@MES#C,5482.55,5482.56,5481.95,5482.49,164,0
2024-06-25 05:14,@MES#C,5482.48,5483.5,5482.21,5483.13,161,0
2024-06-25 05:15,@MES#C,5484.02,5484.31,5483.36,5483.75,91,0
2024-06-25 05:16,@MES#C,5482.8,5484.37,5482.34,5483.98,84,0
2024-06-25 05:17,@MES#C,5483.65,5484.17,5483.61,5483.62,393,0
2024-06-25 05:18,@MES#C,5482.75,5483.12,5482.41,5482.52,492,0
2024-06-25 05:19,@MES#C,5483.2,5483.41,5482.89,5483.19,157,0
2024-06-25 05:20,@MES#C,5483.06,5483.8,5482.35,5482.36,70,0
2024-06-25 05:21,@MES#C,5482.04,5482.95,5481.42,5482.74,220,0
2024-06-25 05:22,@MES#C,5482.2,5483.33,5482.1,5483.0,361,0
2024-06-25 05:23,@MES#C,5483.6,5483.66,5483.3,5483.44,202,0
2024-06-25 05:24,@MES#C,5482.77,5482.9,5482.1,5482.77,54,0
2024-06-25 05:25,@MES#C,5482.53,5483.89,5482.38,5483.15,299,0
2024-06-25 05:26,@MES#C,5482.76,5483.36,5482.04,5483.34,323,0
2024-06-25 05:27,@MES#C,5483.01,5483.3,5482.67,5483.15,143,0
2024-06-25 05:28,@MES#C,5482.09,5482.27,5481.1,5481.59,200,0
2024-06-25 05:29,@MES#C,5482.69,5483.45,5481.41,5482.61,321,0
2024-06-25 05:30,@MES#C,5481.39,5481.41,5481.12,5481.37,255,0
2024-06-25 05:31,@MES#C,5480.49,5480.5,5480.15,5480.24,319,0
2024-06-25 05:32,@MES#C,5479.61,5480.4,5479.26,5480.15,133,0
2024-06-25 05:33,@MES#C,5481.01,5481.29,5480.56,5480.93,311,0
2024-06-25 05:34,@MES#C,5482.64,5483.26,5482.23,5482.77,442,0
2024-06-25 05:35,@MES#C,5482.79,5482.87,5481.77,5482.02,67,0
2024-06-25 05:36,@MES#C,5481.7,5481.81,5481.04,5481.25,499,0
2024-06-25 05:37,@MES#C,5479.76,5480.36,5479.21,5479.31,167,0
2024-06-25 05:38,@MES#C,5479.71,5480.18,5479.61,5479.87,254,0
2024-06-25 05:39,@MES#C,5478.96,5479.73,5478.58,5479.4,63,0
2024-06-25 05:40,@MES#C,5478.91,5479.82,5478.65,5479.62,85,0
2024-06-25 05:41,@MES#C,5479.44,5479.56,5477.95,5477.99,290,0
2024-06-25 05:42,@MES#C,5477.66,5479.18,5477.44,5478.72,437,0
2024-06-25 05:43,@MES#C,5478.26,5479.47,5477.98,5478.88,187,0
2024-06-25 05:44,@MES#C,5478.3,5478.83,5477.16,5477.61,58,0
2024-06-25 05:45,@MES#C,5476.49,5476.56,5475.49,5475.71,279,0
2024-06-25 05:46,@MES#C,5474.06,5474.7,5473.78,5473.86,293,0
2024-06-25 05:47,@MES#C,5474.38,5474.5,5473.68,5473.73,72,0
2024-06-25 05:48,@MES#C,5472.97,5473.57,5472.0,5472.39,178,0
2024-06-25 05:49,@MES#C,5472.04,5472.26,5471.78,5472.02,133,0
2024-06-25 05:50,@MES#C,5472.48,5472.65,5470.26,5471.25,73,0
2024-06-25 05:51,@MES#C,5471.93,5472.83,5471.47,5472.31,187,0
2024-06-25 05:52,@MES#C,5471.76,5472.68,5471.75,5471.87,381,0
2024-06-25 05:53,@MES#C,5471.64,5472.05,5471.43,5471.96,469,0
2024-06-25 05:54,@MES#C,5470.41,5470.87,5470.18,5470.49,416,0
2024-06-25 05:55,@MES#C,5471.62,5471.84,5471.02,5471.6,355,0
2024-06-25 05:56,@MES#C,5471.8,5472.29,5471.54,5471.76,269,0
2024-06-25 05:57,@MES#C,5472.61,5473.05,5471.53,5472.55,122,0
2024-06-25 05:58,@MES#C,5471.69,5471.83,5471.54,5471.65,371,0
2024-06-25 05:59,@MES#C,5471.5,5471.95,5470.5,5471.36,56,0
2024-06-25 06:00,@MES#C,5471.18,5471.68,5471.04,5471.54,253,0
2024-06-25 06:01,@MES#C,5470.3,5470.47,5469.74,5470.21,467,0
2024-06-25 06:02,@MES#C,5469.25,5469.61,5468.33,5468.9,200,0
2024-06-25 06:03,@MES#C,5469.35,5469.99,5468.8,5469.94,438,0
2024-06-25 06:04,@MES#C,5468.84,5469.86,5468.69,5469.36,477,0
2024-06-25 06:05,@MES#C,5469.66,5470.32,5469.27,5469.94,175,0
2024-06-25 06:06,@MES#C,5470.52,5471.62,5469.88,5470.14,300,0
2024-06-25 06:07,@MES#C,5470.51,5471.35,5470.11,5471.35,373,0
2024-06-25 06:08,@MES#C,5471.47,5472.85,5471.47,5472.42,344,0
2024-06-25 06:09,@MES#C,5472.27,5473.14,5471.44,5472.96,137,0
2024-06-25 06:10,@MES#C,5474.66,5475.05,5474.18,5474.83,439,0
2024-06-25 06:11,@MES#C,5473.78,5474.64,5473.69,5474.53,316,0
2024-06-25 06:12,@MES#C,5474.54,5474.62,5472.81,5473.11,473,0
2024-06-25 06:13,@MES#C,5473.91,5474.41,5473.31,5474.25,87,0
2024-06-25 06:14,@MES#C,5474.73,5475.6,5473.88,5475.1,155,0
2024-06-25 06:15,@MES#C,5474.79,5474.86,5474.34,5474.35,490,0
2024-06-25 06:16,@MES#C,5474.16,5475.22,5473.74,5474.78,65,0
2024-06-25 06:17,@MES#C,5474.49,5474.51,5473.68,5473.75,309,0
2024-06-25 06:18,@MES#C,5473.12,5473.67,5472.7,5473.65,218,0
2024-06-25 06:19,@MES#C,5473.63,5473.63,5473.0,5473.29,120,0
2024-06-25 06:20,@MES#C,5472.96,5473.6,5472.66,5473.27,409,0
2024-06-25 06:21,@MES#C,5473.95,5474.6,5473.49,5473.99,493,0
2024-06-25 06:22,@MES#C,5472.81,5473.36,5471.89,5472.44,341,0
2024-06-25 06:23,@MES#C,5472.43,5472.59,5471.91,5472.15,309,0
2024-06-25 06:24,@MES#C,5473.47,5474.0,5472.71,5473.03,97,0
2024-06-25 06:25,@MES#C,5474.66,5475.0,5473.91,5474.34,169,0
2024-06-25 06:26,@MES#C,5473.92,5474.22,5473.25,5473.48,380,0
2024-06-25 06:27,@MES#C,5472.58,5472.81,5470.95,5471.05,130,0
2024-06-25 06:28,@MES#C,5470.92,5471.36,5469.72,5469.91,300,0
2024-06-25 06:29,@MES#C,5470.0,5471.26,5470.0,5470.35,183,0
2024-06-25 06:30,@MES#C,5471.25,5471.92,5470.61,5470.75,200,0
2024-06-25 06:31,@MES#C,5470.76,5471.54,5469.6,5470.29,376,0
2024-06-25 06:32,@MES#C,5469.86,5470.22,5468.59,5468.88,145,0
2024-06-25 06:33,@MES#C,5468.29,5468.43,5467.73,5467.97,323,0
2024-06-25 06:34,@MES#C,5468.58,5468.79,5468.23,5468.53,86,0
2024-06-25 06:35,@MES#C,5468.41,5468.65,5467.53,5467.55,69,0
2024-06-25 06:36,@MES#C,5467.22,5468.55,5466.56,5467.98,465,0
2024-06-25 06:37,@MES#C,5468.24,5468.9,5467.94,5468.0,165,0
2024-06-25 06:38,@MES#C,5468.27,5468.75,5467.39,5468.67,192,0
2024-06-25 06:39,@MES#C,5470.32,5470.89,5469.29,5469.66,488,0
2024-06-25 06:40,@MES#C,5469.51,5470.22,5468.88,5469.89,463,0
2024-06-25 06:41,@MES#C,5470.26,5470.52,5469.47,5470.1,221,0
2024-06-25 06:42,@MES#C,5469.99,5471.27,5469.69,5471.03,132,0
2024-06-25 06:43,@MES#C,5470.17,5470.31,5469.83,5470.3,292,0
2024-06-25 06:44,@MES#C,5470.59,5470.71,5470.56,5470.68,450,0
2024-06-25 06:45,@MES#C,5470.38,5470.72,5469.32,5470.47,279,0
2024-06-25 06:46,@MES#C,5469.34,5469.54,5468.17,5468.99,70,0
2024-06-25 06:47,@MES#C,5469.33,5469.61,5468.84,5469.48,101,0
2024-06-25 06:48,@MES#C,5470.45,5470.53,5469.44,5470.18,431,0
2024-06-25 06:49,@MES#C,5469.55,5470.22,5469.27,5469.43,166,0
2024-06-25 06:50,@MES#C,5468.08,5468.66,5467.74,5468.17,111,0
2024-06-25 06:51,@MES#C,5468.64,5469.95,5468.33,5469.33,487,0
2024-06-25 06:52,@MES#C,5470.52,5470.82,5469.45,5469.65,476,0
2024-06-25 06:53,@MES#C,5470.14,5471.07,5470.05,5470.7,189,0
2024-06-25 06:54,@MES#C,5470.81,5471.25,5470.59,5471.13,246,0
2024-06-25 06:55,@MES#C,5471.8,5471.85,5470.27,5470.82,344,0
2024-06-25 06:56,@MES#C,5471.04,5472.22,5470.99,5472.03,307,0
2024-06-25 06:57,@MES#C,5470.38,5470.52,5468.9,5470.06,350,0
2024-06-25 06:58,@MES#C,5469.28,5470.34,5469.13,5469.94,405,0
2024-06-25 06:59,@MES#C,5470.11,5470.57,5470.07,5470.45,82,0
2024-06-25 07:00,@MES#C,5469.94,5471.31,5469.39,5470.7,291,0
2024-06-25 07:01,@MES#C,5469.94,5470.92,5469.8,5470.7,395,0
2024-06-25 07:02,@MES#C,5470.2,5470.88,5469.94,5470.45,490,0
2024-06-25 07:03,@MES#C,5471.76,5472.73,5471.68,5472.18,137,0
2024-06-25 07:04,@MES#C,5473.89,5473.92,5472.81,5473.37,431,0
2024-06-25 07:05,@MES#C,5475.36,5475.75,5474.43,5474.92,240,0
2024-06-25 07:06,@MES#C,5473.96,5473.99,5473.43,5473.84,335,0
2024-06-25 07:07,@MES#C,5474.21,5474.69,5472.35,5473.96,125,0
2024-06-25 07:08,@MES#C,5474.52,5475.1,5474.26,5474.58,438,0
2024-06-25 07:09,@MES#C,5474.15,5474.86,5473.64,5474.14,353,0
2024-06-25 07:10,@MES#C,5474.01,5474.55,5473.27,5473.29,424,0
2024-06-25 07:11,@MES#C,5473.86,5475.44,5473.53,5474.47,103,0
2024-06-25 07:12,@MES#C,5474.39,5475.03,5474.05,5474.83,494,0
2024-06-25 07:13,@MES#C,5474.45,5475.22,5473.91,5474.78,142,0
2024-06-25 07:14,@MES#C,5475.38,5475.9,5475.17,5475.53,400,0
2024-06-25 07:15,@MES#C,5476.62,5477.12,5475.18,5475.71,472,0
2024-06-25 07:16,@MES#C,5476.4,5476.72,5475.9,5475.98,481,0
2024-06-25 07:17,@MES#C,5475.21,5475.86,5474.79,5475.6,86,0
2024-06-25 07:18,@MES#C,5476.14,5477.02,5475.91,5476.41,145,0
2024-06-25 07:19,@MES#C,5476.8,5477.9,5476.75,5477.38,304,0
2024-06-25 07:20,@MES#C,5477.35,5477.53,5476.95,5477.21,368,0
2024-06-25 07:21,@MES#C,5477.06,5477.5,5476.48,5476.62,456,0
2024-06-25 07:22,@MES#C,5475.81,5476.51,5475.68,5475.69,411,0
2024-06-25 07:23,@MES#C,5475.23,5476.65,5474.95,5476.18,127,0
2024-06-25 07:24,@MES#C,5477.93,5478.59,5477.48,5478.58,190,0
2024-06-25 07:25,@MES#C,5478.25,5478.54,5477.71,5477.84,102,0
2024-06-25 07:26,@MES#C,5477.76,5478.54,5477.48,5478.05,240,0
2024-06-25 07:27,@MES#C,5477.89,5479.08,5477.24,5478.99,234,0
2024-06-25 07:28,@MES#C,5479.33,5479.7,5478.84,5479.65,190,0
2024-06-25 07:29,@MES#C,5478.8,5479.27,5478.56,5479.19,312,0
2024-06-25 07:30,@MES#C,5480.56,5481.12,5480.12,5480.9,349,0
2024-06-25 07:31,@MES#C,5481.03,5481.44,5480.23,5480.25,296,0
2024-06-25 07:32,@MES#C,5480.55,5480.75,5479.2,5479.52,489,0
2024-06-25 07:33,@MES#C,5479.24,5479.27,5478.2,5478.57,421,0
2024-06-25 07:34,@MES#C,5479.58,5479.65,5479.35,5479.58,184,0
2024-06-25 07:35,@MES#C,5478.55,5479.24,5478.11,5478.8,89,0
2024-06-25 07:36,@MES#C,5479.47,5480.28,5479.22,5479.78,344,0
2024-06-25 07:37,@MES#C,5481.2,5481.92,5480.97,5481.75,485,0
2024-06-25 07:38,@MES#C,5480.66,5480.7,5480.08,5480.26,253,0
2024-06-25 07:39,@MES#C,5480.46,5480.57,5480.34,5480.5,446,0
2024-06-25 07:40,@MES#C,5480.16,5480.47,5480.08,5480.3,355,0
2024-06-25 07:41,@MES#C,5479.5,5480.33,5479.44,5479.74,188,0
2024-06-25 07:42,@MES#C,5479.41,5480.0,5478.89,5479.55,485,0
2024-06-25 07:43,@MES#C,5479.01,5479.22,5478.39,5478.91,118,0
2024-06-25 07:44,@MES#C,5478.75,5479.07,5478.45,5478.84,263,0
2024-06-25 07:45,@MES#C,5479.06,5479.16,5478.11,5478.13,344,0
2024-06-25 07:46,@MES#C,5478.23,5478.36,5477.7,5478.26,187,0
2024-06-25 07:47,@MES#C,5477.98,5478.57,5477.8,5478.38,251,0
2024-06-25 07:48,@MES#C,5480.59,5481.41,5480.46,5480.95,413,0
2024-06-25 07:49,@MES#C,5480.7,5481.29,5480.54,5481.13,414,0
2024-06-25 07:50,@MES#C,5480.96,5481.03,5480.44,5480.73,182,0
2024-06-25 07:51,@MES#C,5479.93,5480.65,5479.74,5480.39,409,0
2024-06-25 07:52,@MES#C,5480.23,5481.34,5480.16,5481.17,114,0
2024-06-25 07:53,@MES#C,5480.47,5480.58,5480.22,5480.43,461,0
2024-06-25 07:54,@MES#C,5480.08,5480.98,5479.85,5480.74,179,0
2024-06-25 07:55,@MES#C,5479.63,5480.5,5479.38,5479.94,306,0
2024-06-25 07:56,@MES#C,5479.53,5480.06,5479.48,5479.54,54,0
2024-06-25 07:57,@MES#C,5478.89,5479.07,5478.34,5478.53,303,0
2024-06-25 07:58,@MES#C,5476.58,5478.0,5476.3,5477.79,212,0
2024-06-25 07:59,@MES#C,5476.31,5476.94,5476.09,5476.71,111,0
2024-06-25 08:00,@MES#C,5476.54,5476.99,5476.19,5476.68,58,0
2024-06-25 08:01,@MES#C,5478.47,5480.47,5477.96,5479.82,382,0
2024-06-25 08:02,@MES#C,5479.75,5480.49,5479.13,5480.45,486,0
2024-06-25 08:03,@MES#C,5481.35,5481.84,5481.1,5481.33,488,0
2024-06-25 08:04,@MES#C,5479.88,5481.09,5479.76,5480.44,164,0
2024-06-25 08:05,@MES#C,5479.3,5479.58,5478.97,5479.45,409,0
2024-06-25 08:06,@MES#C,5478.43,5479.39,5477.1,5477.98,479,0
2024-06-25 08:07,@MES#C,5479.64,5480.03,5479.52,5479.7,440,0
2024-06-25 08:08,@MES#C,5480.4,5480.49,5480.08,5480.09,374,0
2024-06-25 08:09,@MES#C,5479.67,5480.24,5479.49,5479.84,474,0
2024-06-25 08:10,@MES#C,5479.47,5480.1,5479.4,5479.54,254,0
2024-06-25 08:11,@MES#C,5478.11,5478.12,5477.06,5477.83,312,0
2024-06-25 08:12,@MES#C,5476.26,5476.84,5475.89,5476.2,483,0
2024-06-25 08:13,@MES#C,5476.47,5477.2,5476.29,5476.58,336,0
2024-06-25 08:14,@MES#C,5477.64,5477.94,5477.33,5477.42,346,0
2024-06-25 08:15,@MES#C,5477.81,5478.08,5477.38,5477.58,242,0
2024-06-25 08:16,@MES#C,5476.67,5477.32,5476.2,5477.13,65,0
2024-06-25 08:17,@MES#C,5477.24,5477.7,5476.95,5477.62,385,0
2024-06-25 08:18,@MES#C,5477.71,5478.12,5476.68,5476.71,391,0
2024-06-25 08:19,@MES#C,5477.27,5477.63,5476.54,5476.8,307,0
2024-06-25 08:20,@MES#C,5476.56,5477.19,5476.15,5477.12,419,0
2024-06-25 08:21,@MES#C,5477.35,5477.44,5476.65,5477.13,72,0
2024-06-25 08:22,@MES#C,5477.08,5477.42,5477.03,5477.4,257,0
2024-06-25 08:23,@MES#C,5478.36,5478.5,5478.08,5478.41,98,0
2024-06-25 08:24,@MES#C,5478.27,5478.8,5477.97,5478.46,136,0
2024-06-25 08:25,@MES#C,5479.24,5479.64,5478.65,5479.19,193,0
2024-06-25 08:26,@MES#C,5480.36,5480.8,5480.05,5480.52,439,0
2024-06-25 08:27,@MES#C,5481.1,5481.9,5479.88,5480.3,490,0
2024-06-25 08:28,@MES#C,5479.89,5480.1,5479.17,5479.28,220,0
2024-06-25 08:29,@MES#C,5479.87,5480.32,5479.38,5479.53,175,0
2024-06-25 08:30,@MES#C,5479.1,5479.73,5479.0,5479.19,88,0
2024-06-25 08:31,@MES#C,5479.68,5480.14,5479.2,5479.2,80,0
2024-06-25 08:32,@MES#C,5479.65,5480.1,5479.53,5479.9,351,0
2024-06-25 08:33,@MES#C,5480.06,5480.14,5478.26,5479.08,362,0
2024-06-25 08:34,@MES#C,5478.05,5478.16,5478.01,5478.07,124,0
2024-06-25 08:35,@MES#C,5478.98,5479.54,5478.93,5479.03,64,0
2024-06-25 08:36,@MES#C,5478.75,5479.48,5478.24,5478.35,259,0
2024-06-25 08:37,@MES#C,5478.72,5479.29,5478.62,5479.13,211,0
2024-06-25 08:38,@MES#C,5479.92,5481.72,5479.59,5481.12,312,0
2024-06-25 08:39,@MES#C,5481.29,5481.87,5480.39,5480.84,107,0
2024-06-25 08:40,@MES#C,5480.88,5481.46,5480.69,5480.7,362,0
2024-06-25 08:41,@MES#C,5479.76,5479.89,5479.29,5479.54,62,0
2024-06-25 08:42,@MES#C,5480.28,5481.08,5479.14,5479.14,354,0
2024-06-25 08:43,@MES#C,5479.46,5479.83,5479.14,5479.14,278,0
2024-06-25 08:44,@MES#C,5478.79,5479.85,5478.77,5479.72,384,0
2024-06-25 08:45,@MES#C,5479.56,5480.15,5479.27,5479.9,266,0
2024-06-25 08:46,@MES#C,5480.13,5480.28,5479.9,5480.24,350,0
2024-06-25 08:47,@MES#C,5481.87,5482.71,5481.52,5482.59,126,0
2024-06-25 08:48,@MES#C,5481.9,5482.28,5481.15,5481.74,254,0
2024-06-25 08:49,@MES#C,5481.35,5482.7,5480.63,5482.66,236,0
2024-06-25 08:50,@MES#C,5482.83,5483.1,5482.45,5482.98,460,0
2024-06-25 08:51,@MES#C,5482.15,5482.51,5481.89,5481.94,317,0
2024-06-25 08:52,@MES#C,5481.54,5482.59,5481.36,5482.15,330,0
2024-06-25 08:53,@MES#C,5481.18,5481.23,5480.63,5480.64,85,0
2024-06-25 08:54,@MES#C,5479.87,5480.3,5479.26,5479.44,185,0
2024-06-25 08:55,@MES#C,5478.63,5478.8,5476.79,5477.51,439,0
2024-06-25 08:56,@MES#C,5477.54,5479.19,5476.82,5478.52,87,0
2024-06-25 08:57,@MES#C,5477.73,5477.78,5476.52,5477.02,346,0
2024-06-25 08:58,@MES#C,5477.5,5477.78,5476.17,5477.07,263,0
2024-06-25 08:59,@MES#C,5476.41,5476.54,5476.35,5476.45,264,0
2024-06-25 09:00,@MES#C,5476.31,5476.54,5476.26,5476.33,140,0
2024-06-25 09:01,@MES#C,5476.65,5477.37,5476.63,5477.15,297,0
2024-06-25 09:02,@MES#C,5478.07,5478.8,5476.88,5477.41,316,0
2024-06-25 09:03,@MES#C,5476.65,5478.17,5476.45,5477.97,476,0
2024-06-25 09:04,@MES#C,5477.67,5477.86,5477.62,5477.73,388,0
2024-06-25 09:05,@MES#C,5477.77,5478.2,5477.25,5477.78,382,0
2024-06-25 09:06,@MES#C,5477.63,5478.56,5477.33,5478.12,296,0
2024-06-25 09:07,@MES#C,5477.17,5477.73,5476.99,5477.06,90,0
2024-06-25 09:08,@MES#C,5478.26,5478.68,5477.55,5477.81,228,0
2024-06-25 09:09,@MES#C,5477.98,5478.48,5477.69,5478.38,111,0
2024-06-25 09:10,@MES#C,5479.09,5480.36,5478.35,5480.12,173,0
2024-06-25 09:11,@MES#C,5479.86,5480.08,5479.6,5479.78,225,0
2024-06-25 09:12,@MES#C,5479.57,5480.15,5479.49,5479.51,194,0
2024-06-25 09:13,@MES#C,5478.55,5479.08,5477.92,5478.63,143,0
2024-06-25 09:14,@MES#C,5479.14,5479.7,5479.02,5479.55,261,0
2024-06-25 09:15,@MES#C,5480.03,5481.44,5479.94,5480.4,231,0
2024-06-25 09:16,@MES#C,5480.81,5480.83,5480.26,5480.56,321,0
2024-06-25 09:17,@MES#C,5479.53,5480.88,5479.48,5480.43,127,0
2024-06-25 09:18,@MES#C,5480.27,5480.4,5478.02,5478.56,422,0
2024-06-25 09:19,@MES#C,5478.69,5479.66,5478.67,5479.1,399,0
2024-06-25 09:20,@MES#C,5480.93,5481.59,5480.7,5481.07,302,0
2024-06-25 09:21,@MES#C,5481.54,5481.66,5480.91,5480.97,186,0
2024-06-25 09:22,@MES#C,5480.61,5481.36,5480.15,5481.1,460,0
2024-06-25 09:23,@MES#C,5482.06,5482.62,5480.76,5481.24,233,0
2024-06-25 09:24,@MES#C,5481.25,5482.21,5481.06,5481.97,486,0
2024-06-25 09:25,@MES#C,5482.43,5482.64,5481.61,5482.14,168,0
2024-06-25 09:26,@MES#C,5481.69,5482.43,5481.39,5482.39,356,0
2024-06-25 09:27,@MES#C,5481.93,5483.34,5481.9,5482.78,248,0
2024-06-25 09:28,@MES#C,5481.58,5483.11,5481.45,5482.95,289,0
2024-06-25 09:29,@MES#C,5483.51,5484.57,5483.39,5484.3,482,0
2024-06-25 09:30,@MES#C,5483.35,5483.76,5483.24,5483.75,168,0
2024-06-25 09:31,@MES#C,5483.55,5483.87,5482.43,5483.03,394,0
2024-06-25 09:32,@MES#C,5482.58,5483.09,5482.58,5482.92,264,0
2024-06-25 09:33,@MES#C,5481.88,5482.73,5480.84,5481.41,198,0
2024-06-25 09:34,@MES#C,5481.7,5482.58,5480.95,5481.68,490,0
2024-06-25 09:35,@MES#C,5483.26,5483.6,5482.65,5482.84,218,0
2024-06-25 09:36,@MES#C,5482.88,5483.75,5482.61,5483.61,263,0
2024-06-25 09:37,@MES#C,5483.65,5484.58,5483.09,5484.3,439,0
2024-06-25 09:38,@MES#C,5484.52,5484.84,5484.32,5484.78,181,0
2024-06-25 09:39,@MES#C,5484.43,5485.09,5483.83,5485.01,331,0
2024-06-25 09:40,@MES#C,5483.66,5483.91,5482.17,5482.63,81,0
2024-06-25 09:41,@MES#C,5482.74,5482.91,5482.63,5482.7,64,0
2024-06-25 09:42,@MES#C,5480.53,5480.7,5479.68,5480.33,181,0
2024-06-25 09:43,@MES#C,5479.24,5479.87,5478.43,5479.03,258,0
2024-06-25 09:44,@MES#C,5479.84,5480.12,5479.29,5480.05,416,0
2024-06-25 09:45,@MES#C,5480.98,5481.4,5480.67,5481.26,103,0
2024-06-25 09:46,@MES#C,5481.91,5482.05,5481.34,5481.79,118,0
2024-06-25 09:47,@MES#C,5481.19,5481.33,5480.84,5481.04,430,0
2024-06-25 09:48,@MES#C,5480.62,5481.92,5480.41,5481.75,421,0
2024-06-25 09:49,@MES#C,5481.39,5481.89,5481.27,5481.34,375,0
2024-06-25 09:50,@MES#C,5480.14,5480.76,5480.03,5480.59,91,0
2024-06-25 09:51,@MES#C,5481.2,5481.28,5480.24,5480.52,449,0
2024-06-25 09:52,@MES#C,5479.1,5480.18,5479.05,5479.51,368,0
2024-06-25 09:53,@MES#C,5480.65,5481.31,5479.9,5479.96,214,0
2024-06-25 09:54,@MES#C,5479.63,5479.84,5477.93,5478.72,223,0
2024-06-25 09:55,@MES#C,5478.26,5479.26,5477.82,5478.74,311,0
2024-06-25 09:56,@MES#C,5478.62,5478.78,5476.58,5477.17,464,0
2024-06-25 09:57,@MES#C,5477.54,5477.75,5476.05,5476.82,435,0
2024-06-25 09:58,@MES#C,5475.69,5476.07,5474.83,5475.0,113,0
2024-06-25 09:59,@MES#C,5476.22,5476.65,5475.76,5476.5,206,0
2024-06-25 10:00,@MES#C,5478.14,5478.7,5477.77,5478.12,386,0
2024-06-25 10:01,@MES#C,5477.71,5479.16,5476.96,5478.58,63,0
2024-06-25 10:02,@MES#C,5479.02,5479.43,5478.84,5478.95,319,0
2024-06-25 10:03,@MES#C,5478.57,5478.77,5478.07,5478.09,418,0
2024-06-25 10:04,@MES#C,5477.28,5478.42,5476.56,5478.23,102,0
2024-06-25 10:05,@MES#C,5477.79,5479.07,5477.72,5478.84,224,0
2024-06-25 10:06,@MES#C,5479.42,5479.7,5478.44,5478.68,203,0
2024-06-25 10:07,@MES#C,5479.39,5480.21,5479.04,5480.17,140,0
2024-06-25 10:08,@MES#C,5481.86,5482.43,5480.71,5480.94,232,0
2024-06-25 10:09,@MES#C,5481.09,5482.49,5480.89,5481.69,430,0
2024-06-25 10:10,@MES#C,5480.19,5481.28,5479.68,5480.66,114,0
2024-06-25 10:11,@MES#C,5481.51,5481.74,5481.2,5481.41,436,0
2024-06-25 10:12,@MES#C,5481.24,5481.47,5480.34,5480.58,104,0
2024-06-25 10:13,@MES#C,5480.83,5481.11,5480.13,5480.13,314,0
2024-06-25 10:14,@MES#C,5479.75,5480.02,5479.21,5479.57,366,0
2024-06-25 10:15,@MES#C,5478.78,5479.42,5478.16,5478.58,152,0
2024-06-25 10:16,@MES#C,5477.27,5478.62,5476.8,5478.08,222,0
2024-06-25 10:17,@MES#C,5478.02,5479.33,5477.67,5478.69,207,0
2024-06-25 10:18,@MES#C,5480.09,5480.24,5478.59,5478.76,70,0
2024-06-25 10:19,@MES#C,5479.8,5480.91,5479.45,5480.37,196,0
2024-06-25 10:20,@MES#C,5480.78,5481.6,5479.36,5479.77,175,0
2024-06-25 10:21,@MES#C,5478.74,5478.89,5478.59,5478.62,127,0
2024-06-25 10:22,@MES#C,5477.38,5478.91,5477.24,5478.51,201,0
2024-06-25 10:23,@MES#C,5478.8,5478.93,5477.59,5478.12,66,0
2024-06-25 10:24,@MES#C,5478.06,5478.51,5476.7,5477.36,222,0
2024-06-25 10:25,@MES#C,5477.53,5477.77,5476.14,5476.32,389,0
2024-06-25 10:26,@MES#C,5476.48,5476.56,5475.04,5475.18,176,0
2024-06-25 10:27,@MES#C,5474.66,5475.06,5472.88,5473.31,160,0
2024-06-25 10:28,@MES#C,5473.9,5474.08,5471.7,5472.27,485,0
2024-06-25 10:29,@MES#C,5472.99,5473.63,5471.43,5472.01,331,0
2024-06-25 10:30,@MES#C,5472.09,5472.6,5472.05,5472.15,408,0
2024-06-25 10:31,@MES#C,5473.1,5474.93,5472.84,5474.73,384,0
2024-06-25 10:32,@MES#C,5472.71,5473.33,5471.29,5471.7,221,0
2024-06-25 10:33,@MES#C,5472.22,5473.19,5472.06,5473.11,72,0
2024-06-25 10:34,@MES#C,5473.17,5473.4,5472.63,5472.79,395,0
2024-06-25 10:35,@MES#C,5474.5,5475.22,5474.07,5474.76,459,0
2024-06-25 10:36,@MES#C,5475.18,5475.34,5474.47,5474.75,302,0
2024-06-25 10:37,@MES#C,5474.78,5476.79,5474.3,5476.22,63,0
2024-06-25 10:38,@MES#C,5476.83,5478.46,5476.28,5477.89,54,0
2024-06-25 10:39,@MES#C,5477.44,5478.27,5476.98,5477.77,204,0
2024-06-25 10:40,@MES#C,5477.36,5477.5,5477.02,5477.42,231,0
2024-06-25 10:41,@MES#C,5477.76,5478.28,5477.19,5477.32,493,0
2024-06-25 10:42,@MES#C,5476.56,5477.03,5476.38,5476.85,186,0
2024-06-25 10:43,@MES#C,5476.26,5476.51,5475.83,5476.19,442,0
2024-06-25 10:44,@MES#C,5477.21,5477.88,5476.94,5477.46,231,0
2024-06-25 10:45,@MES#C,5478.19,5479.76,5477.83,5479.1,191,0
2024-06-25 10:46,@MES#C,5479.75,5479.95,5477.74,5478.16,81,0
2024-06-25 10:47,@MES#C,5477.82,5478.03,5476.98,5477.18,302,0
2024-06-25 10:48,@MES#C,5476.63,5476.74,5476.07,5476.19,394,0
2024-06-25 10:49,@MES#C,5475.87,5476.31,5475.64,5476.08,95,0
2024-06-25 10:50,@MES#C,5474.71,5475.2,5473.7,5473.77,402,0
2024-06-25 10:51,@MES#C,5472.34,5472.89,5471.91,5472.01,259,0
2024-06-25 10:52,@MES#C,5472.87,5472.89,5472.02,5472.6,398,0
2024-06-25 10:53,@MES#C,5472.0,5472.42,5471.83,5472.09,127,0
2024-06-25 10:54,@MES#C,5472.5,5472.57,5471.64,5471.68,198,0
2024-06-25 10:55,@MES#C,5472.35,5472.76,5471.98,5472.64,355,0
2024-06-25 10:56,@MES#C,5471.94,5473.22,5471.12,5471.14,60,0
2024-06-25 10:57,@MES#C,5471.46,5471.72,5470.09,5470.28,325,0
2024-06-25 10:58,@MES#C,5469.46,5469.92,5469.44,5469.7,312,0
2024-06-25 10:59,@MES#C,5470.46,5470.85,5470.28,5470.52,426,0
2024-06-25 11:00,@MES#C,5471.03,5471.1,5470.26,5470.42,242,0
2024-06-25 11:01,@MES#C,5469.61,5469.82,5468.11,5468.5,278,0
2024-06-25 11:02,@MES#C,5467.06,5467.72,5466.83,5467.29,382,0
2024-06-25 11:03,@MES#C,5466.53,5466.68,5466.49,5466.58,175,0
2024-06-25 11:04,@MES#C,5466.44,5466.6,5465.6,5465.79,67,0
2024-06-25 11:05,@MES#C,5465.87,5467.13,5465.36,5466.88,396,0
2024-06-25 11:06,@MES#C,5466.29,5467.45,5466.18,5466.96,115,0
2024-06-25 11:07,@MES#C,5467.34,5467.49,5466.36,5466.81,201,0
2024-06-25 11:08,@MES#C,5467.55,5467.6,5466.83,5466.91,201,0
2024-06-25 11:09,@MES#C,5468.8,5468.96,5468.32,5468.94,417,0
2024-06-25 11:10,@MES#C,5468.65,5469.92,5468.47,5469.25,205,0
2024-06-25 11:11,@MES#C,5470.51,5470.86,5469.82,5470.04,304,0
2024-06-25 11:12,@MES#C,5469.55,5469.9,5469.17,5469.38,186,0
2024-06-25 11:13,@MES#C,5468.34,5469.09,5468.22,5468.35,324,0
2024-06-25 11:14,@MES#C,5467.24,5469.09,5466.81,5468.22,411,0
2024-06-25 11:15,@MES#C,5467.45,5468.17,5467.08,5467.27,230,0
2024-06-25 11:16,@MES#C,5467.04,5467.5,5465.17,5466.47,478,0
2024-06-25 11:17,@MES#C,5466.43,5466.78,5465.56,5466.04,401,0
2024-06-25 11:18,@MES#C,5464.91,5466.73,5464.39,5466.16,470,0
2024-06-25 11:19,@MES#C,5465.76,5465.77,5465.43,5465.52,397,0
2024-06-25 11:20,@MES#C,5464.78,5465.09,5464.15,5464.64,228,0
2024-06-25 11:21,@MES#C,5463.72,5463.89,5463.42,5463.47,184,0
2024-06-25 11:22,@MES#C,5465.05,5465.23,5463.72,5463.72,322,0
2024-06-25 11:23,@MES#C,5464.29,5464.36,5463.9,5464.19,410,0
2024-06-25 11:24,@MES#C,5464.69,5465.0,5463.55,5463.56,205,0
2024-06-25 11:25,@MES#C,5463.37,5463.89,5461.98,5463.28,61,0
2024-06-25 11:26,@MES#C,5464.25,5464.5,5463.64,5463.91,308,0
2024-06-25 11:27,@MES#C,5462.9,5463.23,5462.22,5462.87,351,0
2024-06-25 11:28,@MES#C,5462.29,5462.65,5461.72,5462.63,493,0
2024-06-25 11:29,@MES#C,5464.52,5465.33,5463.57,5463.59,373,0
2024-06-25 11:30,@MES#C,5462.68,5462.71,5462.58,5462.66,110,0
2024-06-25 11:31,@MES#C,5463.01,5463.45,5462.75,5462.82,480,0
2024-06-25 11:32,@MES#C,5462.05,5462.11,5460.53,5461.03,324,0
2024-06-25 11:33,@MES#C,5461.45,5462.02,5460.32,5460.39,98,0
2024-06-25 11:34,@MES#C,5460.35,5460.66,5459.73,5459.73,254,0
2024-06-25 11:35,@MES#C,5459.89,5460.55,5458.43,5458.88,306,0
2024-06-25 11:36,@MES#C,5459.16,5459.58,5458.79,5459.16,286,0
2024-06-25 11:37,@MES#C,5459.07,5459.22,5458.48,5458.5,469,0
2024-06-25 11:38,@MES#C,5458.0,5458.08,5457.94,5458.03,481,0
2024-06-25 11:39,@MES#C,5456.98,5457.35,5456.57,5457.03,88,0
2024-06-25 11:40,@MES#C,5456.83,5457.35,5456.62,5457.27,185,0
2024-06-25 11:41,@MES#C,5457.78,5458.1,5455.59,5456.34,272,0
2024-06-25 11:42,@MES#C,5455.21,5456.08,5454.23,5454.9,174,0
2024-06-25 11:43,@MES#C,5455.19,5455.25,5453.85,5454.07,248,0
2024-06-25 11:44,@MES#C,5453.42,5453.7,5453.07,5453.51,158,0
2024-06-25 11:45,@MES#C,5453.57,5453.73,5452.92,5453.04,101,0
2024-06-25 11:46,@MES#C,5452.15,5452.33,5451.89,5452.25,330,0
2024-06-25 11:47,@MES#C,5452.12,5452.13,5451.55,5451.66,353,0
2024-06-25 11:48,@MES#C,5451.18,5452.3,5451.02,5452.13,54,0
2024-06-25 11:49,@MES#C,5451.31,5451.44,5450.55,5451.05,334,0
2024-06-25 11:50,@MES#C,5451.36,5451.5,5450.82,5451.05,254,0
2024-06-25 11:51,@MES#C,5450.52,5451.16,5448.98,5449.28,103,0
2024-06-25 11:52,@MES#C,5450.35,5450.86,5449.64,5449.94,139,0
2024-06-25 11:53,@MES#C,5449.73,5450.19,5449.57,5449.84,287,0
2024-06-25 11:54,@MES#C,5449.3,5450.09,5449.09,5449.19,414,0
2024-06-25 11:55,@MES#C,5449.63,5449.83,5449.27,5449.79,205,0
2024-06-25 11:56,@MES#C,5450.37,5450.8,5450.21,5450.52,248,0
2024-06-25 11:57,@MES#C,5450.28,5452.5,5449.89,5451.88,278,0
2024-06-25 11:58,@MES#C,5451.19,5452.3,5450.81,5451.27,118,0
2024-06-25 11:59,@MES#C,5451.26,5451.61,5450.54,5450.75,247,0
2024-06-25 12:00,@MES#C,5451.27,5452.0,5450.39,5450.48,116,0
2024-06-25 12:01,@MES#C,5451.69,5452.11,5450.61,5450.77,365,0
2024-06-25 12:02,@MES#C,5450.3,5451.12,5448.99,5449.39,198,0
2024-06-25 12:03,@MES#C,5449.23,5449.84,5448.9,5449.65,340,0
2024-06-25 12:04,@MES#C,5449.39,5449.69,5448.79,5449.26,395,0
2024-06-25 12:05,@MES#C,5448.65,5449.11,5448.12,5448.64,274,0
2024-06-25 12:06,@MES#C,5447.94,5448.11,5446.97,5447.36,85,0
2024-06-25 12:07,@MES#C,5446.73,5446.89,5445.8,5446.2,241,0
2024-06-25 12:08,@MES#C,5446.37,5446.94,5445.85,5446.31,435,0
2024-06-25 12:09,@MES#C,5447.36,5448.02,5447.13,5447.67,383,0
2024-06-25 12:10,@MES#C,5447.01,5447.2,5446.37,5446.48,300,0
2024-06-25 12:11,@MES#C,5447.48,5448.54,5447.31,5448.27,99,0
2024-06-25 12:12,@MES#C,5448.75,5449.4,5448.38,5448.54,321,0
2024-06-25 12:13,@MES#C,5448.64,5450.26,5447.9,5449.68,113,0
2024-06-25 12:14,@MES#C,5449.53,5449.83,5448.03,5448.69,353,0
2024-06-25 12:15,@MES#C,5447.86,5448.41,5447.59,5447.96,76,0
2024-06-25 12:16,@MES#C,5447.75,5447.9,5445.93,5446.96,147,0
2024-06-25 12:17,@MES#C,5446.75,5446.77,5446.33,5446.39,490,0
2024-06-25 12:18,@MES#C,5446.05,5446.75,5445.67,5446.37,275,0
2024-06-25 12:19,@MES#C,5445.43,5445.88,5444.7,5445.87,231,0
2024-06-25 12:20,@MES#C,5445.96,5446.24,5444.85,5444.95,77,0
2024-06-25 12:21,@MES#C,5445.8,5446.61,5444.87,5445.17,378,0
2024-06-25 12:22,@MES#C,5444.19,5445.29,5443.82,5445.29,382,0
2024-06-25 12:23,@MES#C,5445.14,5445.59,5445.0,5445.12,472,0
2024-06-25 12:24,@MES#C,5444.28,5445.37,5444.1,5445.25,201,0
2024-06-25 12:25,@MES#C,5445.76,5445.86,5445.6,5445.82,329,0
2024-06-25 12:26,@MES#C,5445.36,5445.54,5444.88,5445.14,492,0
2024-06-25 12:27,@MES#C,5445.9,5446.1,5445.77,5445.85,452,0
2024-06-25 12:28,@MES#C,5444.76,5445.52,5444.35,5444.9,490,0
2024-06-25 12:29,@MES#C,5444.72,5445.37,5444.57,5444.62,387,0
2024-06-25 12:30,@MES#C,5445.13,5446.71,5444.83,5446.55,76,0
2024-06-25 12:31,@MES#C,5446.55,5446.77,5445.77,5446.17,288,0
2024-06-25 12:32,@MES#C,5446.99,5447.32,5445.81,5446.0,255,0
2024-06-25 12:33,@MES#C,5446.91,5448.72,5446.75,5448.54,399,0
2024-06-25 12:34,@MES#C,5449.01,5449.06,5448.43,5448.6,376,0
2024-06-25 12:35,@MES#C,5448.7,5449.2,5448.58,5448.59,150,0
2024-06-25 12:36,@MES#C,5447.58,5448.42,5446.94,5447.43,180,0
2024-06-25 12:37,@MES#C,5447.23,5448.57,5447.13,5447.78,65,0
2024-06-25 12:38,@MES#C,5447.4,5448.25,5447.15,5447.98,293,0
2024-06-25 12:39,@MES#C,5447.68,5448.9,5447.25,5448.48,323,0
2024-06-25 12:40,@MES#C,5449.08,5449.31,5448.14,5448.18,404,0
2024-06-25 12:41,@MES#C,5448.13,5448.37,5447.87,5448.17,189,0
2024-06-25 12:42,@MES#C,5447.6,5447.9,5447.44,5447.89,92,0
2024-06-25 12:43,@MES#C,5449.16,5449.35,5448.21,5448.9,447,0
2024-06-25 12:44,@MES#C,5448.86,5449.59,5448.82,5449.26,172,0
2024-06-25 12:45,@MES#C,5449.84,5450.9,5449.21,5450.51,407,0
2024-06-25 12:46,@MES#C,5450.37,5450.64,5449.27,5449.58,279,0
2024-06-25 12:47,@MES#C,5450.6,5452.02,5450.51,5451.77,484,0
2024-06-25 12:48,@MES#C,5450.66,5451.07,5450.58,5450.85,224,0
2024-06-25 12:49,@MES#C,5451.23,5451.6,5450.08,5451.17,220,0
2024-06-25 12:50,@MES#C,5451.32,5452.79,5451.03,5452.04,160,0
2024-06-25 12:51,@MES#C,5452.18,5452.39,5452.17,5452.18,325,0
2024-06-25 12:52,@MES#C,5451.55,5452.0,5451.03,5451.24,309,0
2024-06-25 12:53,@MES#C,5450.95,5451.16,5450.3,5450.61,50,0
2024-06-25 12:54,@MES#C,5449.71,5450.09,5448.39,5448.94,285,0
2024-06-25 12:55,@MES#C,5450.23,5451.5,5449.95,5451.2,128,0
2024-06-25 12:56,@MES#C,5453.0,5453.19,5451.26,5451.6,59,0
2024-06-25 12:57,@MES#C,5452.59,5452.65,5452.46,5452.57,461,0
2024-06-25 12:58,@MES#C,5452.15,5452.26,5451.51,5451.82,237,0
2024-06-25 12:59,@MES#C,5452.35,5453.46,5451.67,5453.01,361,0
2024-06-25 13:00,@MES#C,5453.0,5455.25,5452.78,5454.74,499,0
2024-06-25 13:01,@MES#C,5455.32,5455.87,5454.44,5454.5,404,0
2024-06-25 13:02,@MES#C,5454.43,5454.9,5454.13,5454.45,227,0
2024-06-25 13:03,@MES#C,5454.7,5454.82,5453.0,5453.48,303,0
2024-06-25 13:04,@MES#C,5453.94,5454.81,5452.98,5454.57,119,0
2024-06-25 13:05,@MES#C,5454.89,5455.27,5454.6,5454.62,487,0
2024-06-25 13:06,@MES#C,5456.0,5456.56,5455.44,5455.68,160,0
2024-06-25 13:07,@MES#C,5456.11,5456.41,5456.03,5456.27,444,0
2024-06-25 13:08,@MES#C,5455.71,5456.38,5455.17,5455.51,187,0
2024-06-25 13:09,@MES#C,5455.33,5456.06,5454.62,5455.72,307,0
2024-06-25 13:10,@MES#C,5455.65,5455.95,5455.11,5455.92,200,0
2024-06-25 13:11,@MES#C,5454.29,5454.99,5453.58,5454.77,416,0
2024-06-25 13:12,@MES#C,5454.64,5455.89,5453.71,5455.38,399,0
2024-06-25 13:13,@MES#C,5455.45,5455.47,5454.67,5454.72,252,0
2024-06-25 13:14,@MES#C,5453.53,5455.42,5453.33,5455.22,440,0
2024-06-25 13:15,@MES#C,5456.68,5457.83,5456.59,5457.35,375,0
2024-06-25 13:16,@MES#C,5455.85,5457.04,5455.53,5456.39,405,0
2024-06-25 13:17,@MES#C,5456.74,5457.35,5456.3,5456.59,106,0
2024-06-25 13:18,@MES#C,5457.1,5457.78,5456.04,5456.37,338,0
2024-06-25 13:19,@MES#C,5457.98,5458.7,5456.75,5458.29,202,0
2024-06-25 13:20,@MES#C,5458.13,5459.17,5457.65,5458.8,378,0
2024-06-25 13:21,@MES#C,5456.77,5457.77,5456.31,5457.01,124,0
2024-06-25 13:22,@MES#C,5457.96,5458.17,5457.59,5457.68,214,0
2024-06-25 13:23,@MES#C,5456.76,5457.79,5456.03,5457.13,228,0
2024-06-25 13:24,@MES#C,5457.03,5457.14,5456.65,5456.91,457,0
2024-06-25 13:25,@MES#C,5457.04,5457.25,5456.64,5457.18,96,0
2024-06-25 13:26,@MES#C,5457.64,5458.2,5456.91,5457.9,314,0
2024-06-25 13:27,@MES#C,5457.84,5458.07,5457.71,5457.72,146,0
2024-06-25 13:28,@MES#C,5458.19,5458.19,5456.9,5457.44,456,0
2024-06-25 13:29,@MES#C,5455.94,5456.73,5455.78,5456.15,99,0
2024-06-25 13:30,@MES#C,5456.86,5457.66,5456.59,5457.0,97,0
2024-06-25 13:31,@MES#C,5455.64,5455.94,5455.47,5455.71,199,0
2024-06-25 13:32,@MES#C,5456.2,5456.31,5455.76,5456.19,415,0
2024-06-25 13:33,@MES#C,5455.13,5455.17,5454.58,5454.63,235,0
2024-06-25 13:34,@MES#C,5457.08,5457.13,5455.7,5456.27,478,0
2024-06-25 13:35,@MES#C,5455.99,5456.68,5455.92,5456.5,415,0
2024-06-25 13:36,@MES#C,5456.15,5456.42,5455.16,5455.31,300,0
2024-06-25 13:37,@MES#C,5455.76,5455.86,5454.93,5455.62,458,0
2024-06-25 13:38,@MES#C,5456.05,5456.35,5455.11,5455.63,219,0
2024-06-25 13:39,@MES#C,5454.82,5454.96,5454.68,5454.81,281,0
2024-06-25 13:40,@MES#C,5454.35,5454.89,5454.22,5454.69,126,0
2024-06-25 13:41,@MES#C,5455.06,5455.14,5454.54,5454.6,273,0
2024-06-25 13:42,@MES#C,5453.09,5453.34,5452.83,5453.13,481,0
2024-06-25 13:43,@MES#C,5451.55,5452.48,5451.07,5452.32,112,0
2024-06-25 13:44,@MES#C,5451.69,5452.1,5451.49,5451.83,127,0
2024-06-25 13:45,@MES#C,5450.39,5451.22,5449.41,5449.77,476,0
2024-06-25 13:46,@MES#C,5450.97,5452.3,5450.72,5452.21,341,0
2024-06-25 13:47,@MES#C,5452.59,5452.82,5451.08,5451.65,474,0
2024-06-25 13:48,@MES#C,5450.81,5450.82,5450.25,5450.36,154,0
2024-06-25 13:49,@MES#C,5450.43,5451.58,5450.38,5450.79,185,0
2024-06-25 13:50,@MES#C,5450.76,5451.89,5450.23,5451.67,194,0
2024-06-25 13:51,@MES#C,5452.53,5452.79,5451.96,5452.75,300,0
2024-06-25 13:52,@MES#C,5452.7,5453.94,5452.61,5453.44,351,0
2024-06-25 13:53,@MES#C,5452.89,5453.21,5452.71,5453.04,283,0
2024-06-25 13:54,@MES#C,5452.25,5452.36,5451.06,5451.27,118,0
2024-06-25 13:55,@MES#C,5452.77,5454.34,5452.55,5453.97,203,0
2024-06-25 13:56,@MES#C,5454.67,5455.26,5454.15,5455.12,209,0
2024-06-25 13:57,@MES#C,5455.22,5455.48,5454.2,5454.3,218,0
2024-06-25 13:58,@MES#C,5454.67,5454.89,5454.65,5454.81,481,0
2024-06-25 13:59,@MES#C,5454.65,5454.88,5453.46,5453.78,193,0
2024-06-25 14:00,@MES#C,5452.72,5452.83,5452.07,5452.11,316,0
2024-06-25 14:01,@MES#C,5451.8,5452.68,5451.73,5452.5,442,0
2024-06-25 14:02,@MES#C,5453.34,5454.22,5452.23,5453.81,291,0
2024-06-25 14:03,@MES#C,5454.32,5456.11,5453.62,5455.8,148,0
2024-06-25 14:04,@MES#C,5455.81,5456.07,5455.21,5455.64,498,0
2024-06-25 14:05,@MES#C,5455.45,5455.86,5455.31,5455.76,332,0
2024-06-25 14:06,@MES#C,5456.59,5457.78,5456.52,5457.35,239,0
2024-06-25 14:07,@MES#C,5457.23,5457.28,5456.51,5456.77,142,0
2024-06-25 14:08,@MES#C,5456.76,5457.27,5455.64,5456.13,66,0
2024-06-25 14:09,@MES#C,5456.13,5457.07,5455.82,5456.71,362,0
2024-06-25 14:10,@MES#C,5456.95,5457.93,5456.78,5457.38,251,0
2024-06-25 14:11,@MES#C,5456.96,5457.63,5456.31,5457.38,375,0
2024-06-25 14:12,@MES#C,5457.33,5457.83,5457.25,5457.38,447,0
2024-06-25 14:13,@MES#C,5458.1,5458.21,5456.88,5457.21,401,0
2024-06-25 14:14,@MES#C,5457.27,5458.78,5456.59,5458.15,303,0
2024-06-25 14:15,@MES#C,5458.84,5459.0,5458.43,5458.72,403,0
2024-06-25 14:16,@MES#C,5458.07,5458.15,5457.29,5457.65,237,0
2024-06-25 14:17,@MES#C,5457.49,5457.66,5457.34,5457.34,361,0
2024-06-25 14:18,@MES#C,5456.91,5457.87,5456.79,5457.66,60,0
2024-06-25 14:19,@MES#C,5457.09,5457.52,5456.85,5457.4,159,0
2024-06-25 14:20,@MES#C,5457.84,5459.39,5457.19,5459.09,429,0
2024-06-25 14:21,@MES#C,5458.53,5458.56,5457.44,5457.94,321,0
2024-06-25 14:22,@MES#C,5459.17,5460.33,5459.03,5459.48,154,0
2024-06-25 14:23,@MES#C,5460.32,5460.62,5459.01,5459.22,429,0
2024-06-25 14:24,@MES#C,5459.13,5459.61,5459.01,5459.02,132,0
2024-06-25 14:25,@MES#C,5459.03,5459.53,5458.21,5458.54,187,0
2024-06-25 14:26,@MES#C,5458.85,5459.38,5457.97,5459.06,416,0
2024-06-25 14:27,@MES#C,5457.95,5458.23,5457.11,5457.41,160,0
2024-06-25 14:28,@MES#C,5456.62,5457.66,5456.32,5456.71,131,0
2024-06-25 14:29,@MES#C,5457.0,5457.45,5454.95,5455.95,109,0
2024-06-25 14:30,@MES#C,5457.33,5458.41,5457.28,5458.25,229,0
2024-06-25 14:31,@MES#C,5458.08,5459.2,5457.85,5459.15,488,0
2024-06-25 14:32,@MES#C,5457.74,5458.6,5457.04,5458.57,225,0
2024-06-25 14:33,@MES#C,5457.55,5457.63,5457.27,5457.47,136,0
2024-06-25 14:34,@MES#C,5458.09,5458.57,5457.95,5458.14,288,0
2024-06-25 14:35,@MES#C,5457.69,5458.1,5457.06,5457.15,321,0
2024-06-25 14:36,@MES#C,5455.77,5456.71,5455.71,5455.95,486,0
2024-06-25 14:37,@MES#C,5455.64,5456.93,5455.21,5456.01,427,0
2024-06-25 14:38,@MES#C,5455.89,5456.23,5455.17,5455.45,154,0
2024-06-25 14:39,@MES#C,5455.06,5456.58,5454.66,5456.41,262,0
2024-06-25 14:40,@MES#C,5456.12,5456.44,5454.98,5455.64,394,0
2024-06-25 14:41,@MES#C,5455.16,5456.07,5454.61,5455.57,148,0
2024-06-25 14:42,@MES#C,5456.0,5456.31,5455.49,5455.95,182,0
2024-06-25 14:43,@MES#C,5456.3,5456.32,5455.64,5455.69,376,0
2024-06-25 14:44,@MES#C,5455.89,5456.79,5455.81,5456.45,456,0
2024-06-25 14:45,@MES#C,5456.54,5456.62,5455.13,5456.18,417,0
2024-06-25 14:46,@MES#C,5456.33,5456.88,5455.92,5456.6,319,0
2024-06-25 14:47,@MES#C,5457.21,5457.75,5456.7,5457.34,309,0
2024-06-25 14:48,@MES#C,5457.57,5457.93,5457.14,5457.5,472,0
2024-06-25 14:49,@MES#C,5457.46,5457.79,5456.03,5456.41,118,0
2024-06-25 14:50,@MES#C,5456.03,5456.05,5455.77,5455.91,123,0
2024-06-25 14:51,@MES#C,5455.86,5456.17,5455.16,5455.59,108,0
2024-06-25 14:52,@MES#C,5453.91,5454.09,5453.62,5453.78,347,0
2024-06-25 14:53,@MES#C,5453.38,5453.81,5453.19,5453.32,134,0
2024-06-25 14:54,@MES#C,5452.38,5452.73,5451.6,5452.08,184,0
2024-06-25 14:55,@MES#C,5452.08,5453.15,5451.68,5451.84,51,0
2024-06-25 14:56,@MES#C,5452.2,5452.41,5451.4,5451.74,74,0
2024-06-25 14:57,@MES#C,5451.7,5452.16,5450.75,5451.16,186,0
2024-06-25 14:58,@MES#C,5450.72,5451.43,5448.95,5449.27,463,0
2024-06-25 14:59,@MES#C,5450.58,5450.65,5450.01,5450.5,173,0
2024-06-25 15:00,@MES#C,5449.19,5449.34,5448.97,5449.09,461,0
2024-06-25 15:01,@MES#C,5449.11,5449.29,5447.94,5448.01,228,0
2024-06-25 15:02,@MES#C,5449.58,5449.97,5449.56,5449.59,475,0
2024-06-25 15:03,@MES#C,5449.94,5450.46,5449.28,5449.95,139,0
2024-06-25 15:04,@MES#C,5450.16,5451.02,5449.84,5450.99,271,0
2024-06-25 15:05,@MES#C,5451.21,5451.28,5450.23,5450.72,267,0
2024-06-25 15:06,@MES#C,5451.14,5451.78,5451.06,5451.59,445,0
2024-06-25 15:07,@MES#C,5451.55,5453.19,5451.54,5452.25,335,0
2024-06-25 15:08,@MES#C,5452.19,5452.46,5451.07,5451.36,415,0
2024-06-25 15:09,@MES#C,5452.84,5453.68,5452.69,5453.45,455,0
2024-06-25 15:10,@MES#C,5453.32,5454.84,5453.02,5454.52,404,0
2024-06-25 15:11,@MES#C,5454.97,5455.54,5454.77,5454.94,327,0
2024-06-25 15:12,@MES#C,5454.72,5455.22,5454.48,5455.04,149,0
2024-06-25 15:13,@MES#C,5454.64,5454.85,5453.93,5454.38,123,0
2024-06-25 15:14,@MES#C,5454.16,5455.69,5453.86,5454.98,331,0
2024-06-25 15:15,@MES#C,5454.79,5455.55,5454.44,5455.42,387,0
2024-06-25 15:16,@MES#C,5454.95,5455.46,5454.63,5454.7,109,0
2024-06-25 15:17,@MES#C,5455.09,5455.25,5454.68,5454.91,363,0
2024-06-25 15:18,@MES#C,5455.56,5456.27,5455.49,5456.16,231,0
2024-06-25 15:19,@MES#C,5455.85,5456.18,5455.08,5455.17,480,0
2024-06-25 15:20,@MES#C,5455.7,5457.0,5455.46,5456.46,117,0
2024-06-25 15:21,@MES#C,5457.09,5457.27,5456.21,5456.78,300,0
2024-06-25 15:22,@MES#C,5457.16,5457.43,5456.96,5457.07,299,0
2024-06-25 15:23,@MES#C,5456.26,5456.76,5455.73,5455.76,82,0
2024-06-25 15:24,@MES#C,5456.29,5456.55,5456.15,5456.53,427,0
2024-06-25 15:25,@MES#C,5457.46,5458.59,5456.94,5458.12,128,0
2024-06-25 15:26,@MES#C,5457.83,5457.9,5457.04,5457.38,299,0
2024-06-25 15:27,@MES#C,5457.17,5457.73,5456.94,5457.67,354,0
2024-06-25 15:28,@MES#C,5457.11,5457.39,5456.56,5457.35,128,0
2024-06-25 15:29,@MES#C,5456.97,5458.49,5456.9,5457.92,244,0
2024-06-25 15:30,@MES#C,5457.36,5457.56,5456.07,5456.78,494,0
2024-06-25 15:31,@MES#C,5456.15,5456.83,5454.83,5455.05,242,0
2024-06-25 15:32,@MES#C,5454.54,5455.45,5454.37,5454.41,198,0
2024-06-25 15:33,@MES#C,5454.07,5455.34,5453.32,5454.69,443,0
2024-06-25 15:34,@MES#C,5454.05,5454.11,5453.05,5453.54,416,0
2024-06-25 15:35,@MES#C,5453.57,5454.21,5453.49,5453.5,137,0
2024-06-25 15:36,@MES#C,5453.82,5454.37,5453.12,5453.37,459,0
2024-06-25 15:37,@MES#C,5453.87,5454.43,5453.51,5454.04,268,0
2024-06-25 15:38,@MES#C,5452.95,5453.18,5451.23,5452.01,327,0
2024-06-25 15:39,@MES#C,5451.65,5452.31,5451.22,5451.25,323,0
2024-06-25 15:40,@MES#C,5451.38,5452.22,5451.3,5451.85,429,0
2024-06-25 15:41,@MES#C,5451.29,5451.82,5451.11,5451.61,296,0
2024-06-25 15:42,@MES#C,5451.92,5452.27,5451.29,5451.96,280,0
2024-06-25 15:43,@MES#C,5451.74,5451.9,5450.72,5450.87,417,0
2024-06-25 15:44,@MES#C,5451.92,5452.42,5451.8,5452.01,439,0
2024-06-25 15:45,@MES#C,5452.11,5453.03,5452.06,5452.55,364,0
2024-06-25 15:46,@MES#C,5451.23,5451.37,5449.27,5450.2,478,0
2024-06-25 15:47,@MES#C,5450.68,5451.13,5449.89,5450.3,330,0
2024-06-25 15:48,@MES#C,5449.41,5449.72,5448.75,5448.8,251,0
2024-06-25 15:49,@MES#C,5449.75,5450.38,5449.34,5450.38,476,0
2024-06-25 15:50,@MES#C,5449.84,5450.11,5448.43,5448.75,448,0
2024-06-25 15:51,@MES#C,5447.98,5448.23,5447.02,5447.71,431,0
2024-06-25 15:52,@MES#C,5446.33,5446.64,5445.25,5445.55,86,0
2024-06-25 15:53,@MES#C,5444.97,5445.79,5444.97,5445.4,399,0
2024-06-25 15:54,@MES#C,5444.75,5445.01,5444.65,5444.91,202,0
2024-06-25 15:55,@MES#C,5445.65,5446.22,5445.12,5445.8,351,0
2024-06-25 15:56,@MES#C,5446.17,5446.59,5445.68,5445.87,255,0
2024-06-25 15:57,@MES#C,5446.11,5446.65,5446.07,5446.53,273,0
2024-06-25 15:58,@MES#C,5446.33,5446.71,5445.86,5446.5,238,0
2024-06-25 15:59,@MES#C,5446.13,5446.66,5445.27,5445.94,175,0
2024-06-25 16:00,@MES#C,5445.5,5446.19,5445.38,5446.08,266,0
2024-06-25 16:01,@MES#C,5445.45,5446.14,5444.83,5444.87,283,0
2024-06-25 16:02,@MES#C,5445.77,5446.77,5445.6,5446.6,349,0
2024-06-25 16:03,@MES#C,5445.68,5445.91,5445.37,5445.57,220,0
2024-06-25 16:04,@MES#C,5445.31,5446.15,5444.47,5445.2,399,0
2024-06-25 16:05,@MES#C,5445.0,5445.11,5444.35,5444.62,241,0
2024-06-25 16:06,@MES#C,5445.19,5445.74,5444.69,5445.31,374,0
2024-06-25 16:07,@MES#C,5444.87,5445.37,5444.54,5445.17,268,0
2024-06-25 16:08,@MES#C,5443.91,5443.94,5442.58,5442.7,305,0
2024-06-25 16:09,@MES#C,5443.53,5444.16,5443.39,5443.62,162,0
2024-06-25 16:10,@MES#C,5442.77,5443.31,5442.55,5443.05,84,0
2024-06-25 16:11,@MES#C,5443.13,5443.58,5442.36,5442.53,200,0
2024-06-25 16:12,@MES#C,5443.91,5443.96,5442.06,5442.63,371,0
2024-06-25 16:13,@MES#C,5442.5,5442.78,5442.16,5442.26,381,0
2024-06-25 16:14,@MES#C,5441.23,5441.43,5441.07,5441.16,216,0
2024-06-25 16:15,@MES#C,5441.98,5442.84,5441.47,5442.42,301,0
2024-06-25 16:16,@MES#C,5441.66,5442.1,5441.34,5441.99,60,0
2024-06-25 16:17,@MES#C,5441.25,5442.02,5441.17,5441.8,180,0
2024-06-25 16:18,@MES#C,5440.56,5440.96,5439.93,5440.22,331,0
2024-06-25 16:19,@MES#C,5438.35,5438.42,5437.32,5438.02,82,0
2024-06-25 16:20,@MES#C,5437.08,5437.91,5436.79,5437.48,385,0
2024-06-25 16:21,@MES#C,5437.6,5437.78,5436.2,5436.71,176,0
2024-06-25 16:22,@MES#C,5437.13,5437.17,5436.8,5437.03,135,0
2024-06-25 16:23,@MES#C,5436.59,5438.03,5436.32,5437.51,357,0
2024-06-25 16:24,@MES#C,5436.83,5436.96,5436.2,5436.22,107,0
2024-06-25 16:25,@MES#C,5436.62,5437.62,5436.35,5437.39,159,0
2024-06-25 16:26,@MES#C,5436.75,5437.0,5436.58,5436.93,158,0
2024-06-25 16:27,@MES#C,5437.81,5437.9,5436.98,5437.13,239,0
2024-06-25 16:28,@MES#C,5437.05,5437.96,5436.49,5437.57,290,0
2024-06-25 16:29,@MES#C,5437.48,5438.17,5436.79,5437.33,225,0
2024-06-25 16:30,@MES#C,5437.07,5437.65,5436.57,5437.37,398,0
2024-06-25 16:31,@MES#C,5438.61,5439.02,5438.56,5438.79,487,0
2024-06-25 16:32,@MES#C,5439.66,5440.8,5439.0,5440.22,139,0
2024-06-25 16:33,@MES#C,5440.09,5440.52,5439.19,5439.38,200,0
2024-06-25 16:34,@MES#C,5438.21,5439.46,5438.07,5438.07,395,0
2024-06-25 16:35,@MES#C,5437.27,5438.67,5436.7,5438.33,77,0
2024-06-25 16:36,@MES#C,5438.53,5439.62,5438.46,5439.28,250,0
2024-06-25 16:37,@MES#C,5440.39,5440.83,5440.36,5440.58,60,0
2024-06-25 16:38,@MES#C,5439.24,5439.57,5437.69,5437.84,323,0
2024-06-25 16:39,@MES#C,5438.51,5439.56,5437.74,5439.35,60,0
2024-06-25 16:40,@MES#C,5439.75,5440.03,5439.24,5439.93,418,0
2024-06-25 16:41,@MES#C,5437.97,5437.98,5437.31,5437.62,242,0
2024-06-25 16:42,@MES#C,5437.26,5438.81,5436.99,5438.37,328,0
2024-06-25 16:43,@MES#C,5437.34,5437.87,5436.56,5437.77,131,0
2024-06-25 16:44,@MES#C,5437.85,5438.5,5437.82,5438.11,443,0
2024-06-25 16:45,@MES#C,5439.7,5439.99,5439.48,5439.7,225,0
2024-06-25 16:46,@MES#C,5440.26,5440.44,5438.9,5439.38,179,0
2024-06-25 16:47,@MES#C,5440.38,5440.67,5439.41,5440.02,481,0
2024-06-25 16:48,@MES#C,5439.99,5440.8,5439.95,5440.59,50,0
2024-06-25 16:49,@MES#C,5442.06,5442.44,5441.27,5441.68,465,0
2024-06-25 16:50,@MES#C,5442.47,5443.37,5441.62,5443.15,188,0
2024-06-25 16:51,@MES#C,5443.59,5443.66,5443.34,5443.55,360,0
2024-06-25 16:52,@MES#C,5444.36,5444.8,5444.3,5444.57,398,0
2024-06-25 16:53,@MES#C,5444.93,5445.08,5444.06,5444.38,460,0
2024-06-25 16:54,@MES#C,5445.3,5445.94,5444.98,5445.55,448,0
2024-06-25 16:55,@MES#C,5445.7,5446.15,5445.18,5445.63,172,0
2024-06-25 16:56,@MES#C,5443.95,5444.0,5441.15,5442.08,401,0
2024-06-25 16:57,@MES#C,5441.3,5441.97,5440.77,5441.39,371,0
2024-06-25 16:58,@MES#C,5440.43,5440.5,5440.19,5440.29,132,0
2024-06-25 16:59,@MES#C,5440.02,5440.48,5439.49,5440.05,411,0
2024-06-25 17:00,@MES#C,5438.85,5439.37,5438.1,5439.24,66,0
2024-06-25 17:01,@MES#C,5438.24,5439.46,5437.96,5439.23,447,0
2024-06-25 17:02,@MES#C,5440.1,5440.13,5439.31,5439.53,148,0
2024-06-25 17:03,@MES#C,5439.82,5440.04,5438.83,5439.02,111,0
2024-06-25 17:04,@MES#C,5439.3,5440.12,5439.16,5439.85,482,0
2024-06-25 17:05,@MES#C,5440.4,5441.32,5440.34,5441.3,421,0
2024-06-25 17:06,@MES#C,5442.05,5442.58,5441.56,5441.75,227,0
2024-06-25 17:07,@MES#C,5440.79,5441.66,5440.14,5441.09,283,0
2024-06-25 17:08,@MES#C,5441.91,5442.07,5439.65,5440.38,301,0
2024-06-25 17:09,@MES#C,5440.46,5441.6,5440.43,5440.91,412,0
2024-06-25 17:10,@MES#C,5440.96,5442.58,5440.81,5442.08,231,0
2024-06-25 17:11,@MES#C,5441.25,5441.94,5441.03,5441.93,192,0
2024-06-25 17:12,@MES#C,5441.52,5441.71,5440.67,5441.18,300,0
2024-06-25 17:13,@MES#C,5440.89,5440.95,5440.34,5440.44,176,0
2024-06-25 17:14,@MES#C,5439.99,5440.85,5439.06,5439.9,104,0
2024-06-25 17:15,@MES#C,5439.17,5439.6,5438.38,5438.54,442,0
2024-06-25 17:16,@MES#C,5438.73,5439.93,5438.45,5439.93,495,0
2024-06-25 17:17,@MES#C,5439.46,5440.43,5438.92,5440.09,358,0
2024-06-25 17:18,@MES#C,5439.62,5440.06,5438.97,5439.34,351,0
2024-06-25 17:19,@MES#C,5437.39,5437.59,5436.93,5437.25,298,0
2024-06-25 17:20,@MES#C,5437.59,5437.77,5437.07,5437.16,376,0
2024-06-25 17:21,@MES#C,5436.51,5436.96,5435.48,5436.07,436,0
2024-06-25 17:22,@MES#C,5436.32,5436.95,5435.9,5436.44,77,0
2024-06-25 17:23,@MES#C,5436.38,5436.9,5435.95,5436.23,212,0
2024-06-25 17:24,@MES#C,5436.32,5437.17,5436.18,5436.71,484,0
2024-06-25 17:25,@MES#C,5436.82,5437.3,5435.59,5436.41,350,0
2024-06-25 17:26,@MES#C,5435.52,5437.11,5435.26,5435.96,132,0
2024-06-25 17:27,@MES#C,5435.54,5435.62,5434.41,5434.75,88,0
2024-06-25 17:28,@MES#C,5433.26,5433.47,5432.42,5433.05,282,0
2024-06-25 17:29,@MES#C,5432.11,5432.73,5431.54,5431.82,457,0
2024-06-25 17:30,@MES#C,5431.09,5431.18,5430.71,5430.93,281,0
2024-06-25 17:31,@MES#C,5430.39,5431.37,5430.34,5431.22,105,0
2024-06-25 17:32,@MES#C,5431.33,5432.67,5430.89,5432.66,56,0
2024-06-25 17:33,@MES#C,5432.46,5432.77,5432.37,5432.46,65,0
2024-06-25 17:34,@MES#C,5433.17,5433.17,5432.41,5432.69,299,0
2024-06-25 17:35,@MES#C,5433.57,5433.68,5432.77,5433.61,422,0
2024-06-25 17:36,@MES#C,5433.31,5434.24,5433.09,5433.54,451,0
2024-06-25 17:37,@MES#C,5432.57,5433.06,5432.14,5432.49,480,0
2024-06-25 17:38,@MES#C,5433.27,5433.82,5433.13,5433.71,267,0
2024-06-25 17:39,@MES#C,5435.13,5435.64,5434.96,5435.51,328,0
2024-06-25 17:40,@MES#C,5435.54,5435.79,5435.24,5435.63,400,0
2024-06-25 17:41,@MES#C,5434.46,5435.21,5434.33,5434.51,347,0
2024-06-25 17:42,@MES#C,5434.1,5435.19,5433.33,5434.4,147,0
2024-06-25 17:43,@MES#C,5434.21,5434.99,5433.81,5434.42,104,0
2024-06-25 17:44,@MES#C,5434.46,5435.23,5434.39,5434.42,162,0
2024-06-25 17:45,@MES#C,5434.23,5435.39,5433.97,5434.93,327,0
2024-06-25 17:46,@MES#C,5436.21,5436.26,5436.17,5436.24,419,0
2024-06-25 17:47,@MES#C,5434.13,5434.68,5433.37,5434.02,395,0
2024-06-25 17:48,@MES#C,5435.29,5435.9,5434.89,5435.8,144,0
2024-06-25 17:49,@MES#C,5437.36,5438.3,5436.53,5436.94,353,0
2024-06-25 17:50,@MES#C,5438.14,5439.55,5437.66,5439.14,67,0
2024-06-25 17:51,@MES#C,5437.48,5437.74,5437.42,5437.49,390,0
2024-06-25 17:52,@MES#C,5437.35,5437.75,5436.03,5436.77,434,0
2024-06-25 17:53,@MES#C,5436.77,5437.33,5436.51,5436.94,270,0
2024-06-25 17:54,@MES#C,5438.34,5438.53,5437.21,5437.43,398,0
2024-06-25 17:55,@MES#C,5438.74,5440.06,5438.47,5439.96,153,0
2024-06-25 17:56,@MES#C,5440.03,5440.14,5439.38,5439.65,211,0
2024-06-25 17:57,@MES#C,5438.94,5439.13,5438.33,5438.67,111,0
2024-06-25 17:58,@MES#C,5438.92,5439.56,5438.57,5439.17,206,0
2024-06-25 17:59,@MES#C,5440.41,5440.42,5440.24,5440.31,78,0
2024-06-25 18:00,@MES#C,5441.22,5442.37,5441.21,5441.92,355,0
2024-06-25 18:01,@MES#C,5443.46,5444.16,5442.89,5443.98,84,0
2024-06-25 18:02,@MES#C,5443.55,5444.99,5443.18,5444.39,433,0
2024-06-25 18:03,@MES#C,5445.02,5446.89,5444.45,5446.59,123,0
2024-06-25 18:04,@MES#C,5446.6,5446.65,5445.86,5445.86,250,0
2024-06-25 18:05,@MES#C,5446.11,5446.78,5445.89,5446.68,494,0
2024-06-25 18:06,@MES#C,5446.56,5446.65,5446.12,5446.56,487,0
2024-06-25 18:07,@MES#C,5445.44,5445.51,5444.65,5445.1,231,0
2024-06-25 18:08,@MES#C,5446.14,5447.26,5445.83,5447.21,416,0
2024-06-25 18:09,@MES#C,5447.55,5447.57,5445.69,5446.9,161,0
2024-06-25 18:10,@MES#C,5447.15,5447.31,5446.42,5446.63,230,0
2024-06-25 18:11,@MES#C,5448.31,5449.09,5448.15,5448.95,423,0
2024-06-25 18:12,@MES#C,5448.7,5449.75,5447.47,5449.63,288,0
2024-06-25 18:13,@MES#C,5449.77,5450.42,5449.59,5449.98,265,0
2024-06-25 18:14,@MES#C,5450.58,5451.07,5450.21,5450.32,79,0
2024-06-25 18:15,@MES#C,5449.81,5450.29,5449.19,5449.37,381,0
2024-06-25 18:16,@MES#C,5449.04,5449.07,5448.19,5448.82,380,0
2024-06-25 18:17,@MES#C,5449.0,5449.6,5448.26,5449.13,120,0
2024-06-25 18:18,@MES#C,5450.34,5450.95,5450.1,5450.89,262,0
2024-06-25 18:19,@MES#C,5451.36,5452.1,5451.31,5451.85,332,0
2024-06-25 18:20,@MES#C,5452.48,5453.59,5452.47,5453.24,172,0
2024-06-25 18:21,@MES#C,5452.55,5452.66,5451.94,5452.15,482,0
2024-06-25 18:22,@MES#C,5451.01,5451.11,5450.35,5450.71,258,0
2024-06-25 18:23,@MES#C,5450.47,5450.49,5449.88,5450.03,256,0
2024-06-25 18:24,@MES#C,5449.35,5449.54,5448.9,5449.21,237,0
2024-06-25 18:25,@MES#C,5447.98,5448.51,5447.59,5447.73,254,0
2024-06-25 18:26,@MES#C,5449.06,5449.17,5447.38,5448.23,481,0
2024-06-25 18:27,@MES#C,5447.94,5448.11,5447.17,5447.84,403,0
2024-06-25 18:28,@MES#C,5447.42,5447.97,5446.92,5446.96,83,0
2024-06-25 18:29,@MES#C,5446.59,5447.02,5445.85,5446.05,134,0
2024-06-25 18:30,@MES#C,5446.37,5446.42,5444.92,5445.4,220,0
2024-06-25 18:31,@MES#C,5447.17,5447.78,5445.89,5447.73,473,0
2024-06-25 18:32,@MES#C,5447.0,5448.31,5446.9,5447.7,166,0
2024-06-25 18:33,@MES#C,5447.9,5448.06,5447.47,5447.94,83,0
2024-06-25 18:34,@MES#C,5447.48,5448.01,5446.89,5447.68,243,0
2024-06-25 18:35,@MES#C,5447.72,5448.67,5447.64,5448.1,157,0
2024-06-25 18:36,@MES#C,5447.85,5447.98,5447.21,5447.33,238,0
2024-06-25 18:37,@MES#C,5447.25,5447.81,5446.94,5447.58,404,0
2024-06-25 18:38,@MES#C,5447.93,5448.17,5445.65,5446.11,421,0
2024-06-25 18:39,@MES#C,5445.76,5445.78,5445.18,5445.42,150,0
2024-06-25 18:40,@MES#C,5445.1,5445.33,5444.93,5445.16,394,0
2024-06-25 18:41,@MES#C,5444.24,5444.39,5443.66,5444.27,211,0
2024-06-25 18:42,@MES#C,5444.88,5445.73,5444.76,5445.34,390,0
2024-06-25 18:43,@MES#C,5447.09,5447.5,5446.29,5446.9,118,0
2024-06-25 18:44,@MES#C,5448.31,5449.74,5448.02,5449.37,396,0
2024-06-25 18:45,@MES#C,5450.35,5451.14,5448.71,5449.58,283,0
2024-06-25 18:46,@MES#C,5449.83,5450.18,5449.64,5450.1,230,0
2024-06-25 18:47,@MES#C,5449.43,5450.4,5449.31,5449.49,362,0
2024-06-25 18:48,@MES#C,5449.2,5449.42,5448.62,5449.02,408,0
2024-06-25 18:49,@MES#C,5449.13,5449.68,5448.93,5448.95,325,0
2024-06-25 18:50,@MES#C,5448.72,5449.58,5448.17,5448.44,126,0
2024-06-25 18:51,@MES#C,5448.49,5448.65,5447.55,5448.01,105,0
2024-06-25 18:52,@MES#C,5448.43,5449.24,5448.27,5449.11,489,0
2024-06-25 18:53,@MES#C,5448.86,5449.35,5448.52,5448.72,437,0
2024-06-25 18:54,@MES#C,5448.93,5449.53,5448.88,5449.07,144,0
2024-06-25 18:55,@MES#C,5447.7,5448.62,5446.42,5446.74,76,0
2024-06-25 18:56,@MES#C,5447.27,5448.08,5447.05,5447.81,200,0
2024-06-25 18:57,@MES#C,5448.97,5450.3,5448.84,5449.98,242,0
2024-06-25 18:58,@MES#C,5451.05,5451.21,5450.85,5450.9,65,0
2024-06-25 18:59,@MES#C,5450.76,5451.17,5449.87,5450.09,437,0
2024-06-25 19:00,@MES#C,5451.23,5451.99,5449.63,5450.25,183,0
2024-06-25 19:01,@MES#C,5449.76,5450.63,5449.66,5450.54,431,0
2024-06-25 19:02,@MES#C,5449.91,5450.36,5448.76,5449.08,387,0
2024-06-25 19:03,@MES#C,5449.4,5449.9,5447.63,5447.82,316,0
2024-06-25 19:04,@MES#C,5447.52,5447.96,5446.8,5447.18,65,0
2024-06-25 19:05,@MES#C,5447.58,5447.66,5446.67,5447.2,348,0
2024-06-25 19:06,@MES#C,5447.1,5447.73,5445.46,5445.58,310,0
2024-06-25 19:07,@MES#C,5444.14,5444.23,5442.69,5443.4,147,0
2024-06-25 19:08,@MES#C,5443.56,5444.12,5443.35,5443.98,474,0
2024-06-25 19:09,@MES#C,5443.45,5444.53,5443.1,5443.89,221,0
2024-06-25 19:10,@MES#C,5443.92,5444.58,5443.4,5443.79,404,0
2024-06-25 19:11,@MES#C,5443.62,5444.14,5443.61,5443.79,95,0
2024-06-25 19:12,@MES#C,5442.69,5442.9,5442.57,5442.75,86,0
2024-06-25 19:13,@MES#C,5442.48,5442.89,5442.36,5442.8,435,0
2024-06-25 19:14,@MES#C,5444.32,5444.76,5443.29,5443.75,473,0
2024-06-25 19:15,@MES#C,5444.32,5444.81,5443.23,5444.01,353,0
2024-06-25 19:16,@MES#C,5443.52,5444.27,5443.48,5443.84,144,0
2024-06-25 19:17,@MES#C,5443.65,5443.68,5442.76,5442.96,152,0
2024-06-25 19:18,@MES#C,5442.01,5442.38,5441.09,5441.62,275,0
2024-06-25 19:19,@MES#C,5441.33,5441.58,5439.64,5440.01,84,0
2024-06-25 19:20,@MES#C,5439.4,5440.64,5439.2,5440.3,310,0
2024-06-25 19:21,@MES#C,5440.66,5441.03,5439.36,5439.83,239,0
2024-06-25 19:22,@MES#C,5439.19,5439.94,5439.13,5439.77,227,0
2024-06-25 19:23,@MES#C,5439.29,5439.38,5438.72,5438.76,497,0
2024-06-25 19:24,@MES#C,5439.13,5439.5,5438.76,5438.84,195,0
2024-06-25 19:25,@MES#C,5439.7,5439.83,5439.45,5439.63,255,0
2024-06-25 19:26,@MES#C,5439.57,5439.99,5438.15,5438.57,164,0
2024-06-25 19:27,@MES#C,5437.23,5437.66,5436.88,5437.44,278,0
2024-06-25 19:28,@MES#C,5436.52,5437.91,5436.19,5437.12,217,0
2024-06-25 19:29,@MES#C,5438.39,5439.06,5437.78,5438.72,170,0
2024-06-25 19:30,@MES#C,5437.64,5437.99,5437.28,5437.79,494,0
2024-06-25 19:31,@MES#C,5437.38,5438.54,5437.25,5437.8,379,0
2024-06-25 19:32,@MES#C,5437.47,5438.18,5436.97,5438.16,377,0
2024-06-25 19:33,@MES#C,5438.06,5438.85,5437.87,5438.53,242,0
2024-06-25 19:34,@MES#C,5436.7,5437.25,5435.61,5436.11,378,0
2024-06-25 19:35,@MES#C,5436.67,5437.47,5436.01,5436.24,429,0
2024-06-25 19:36,@MES#C,5437.9,5438.22,5436.98,5437.38,158,0
2024-06-25 19:37,@MES#C,5437.19,5437.75,5436.58,5436.81,188,0
2024-06-25 19:38,@MES#C,5436.08,5436.54,5435.34,5435.34,177,0
2024-06-25 19:39,@MES#C,5433.92,5434.41,5432.43,5433.25,483,0
2024-06-25 19:40,@MES#C,5432.37,5432.55,5431.14,5431.82,230,0
2024-06-25 19:41,@MES#C,5431.68,5432.08,5431.52,5431.99,180,0
2024-06-25 19:42,@MES#C,5432.21,5433.39,5431.85,5432.29,376,0
2024-06-25 19:43,@MES#C,5432.58,5432.76,5431.56,5432.11,329,0
2024-06-25 19:44,@MES#C,5431.22,5431.83,5431.02,5431.43,465,0
2024-06-25 19:45,@MES#C,5431.73,5432.03,5431.4,5431.83,263,0
2024-06-25 19:46,@MES#C,5432.65,5432.7,5431.97,5432.61,380,0
2024-06-25 19:47,@MES#C,5432.67,5433.0,5432.34,5432.96,219,0
2024-06-25 19:48,@MES#C,5433.26,5434.0,5432.93,5433.24,61,0
2024-06-25 19:49,@MES#C,5433.82,5434.53,5433.61,5434.01,476,0
2024-06-25 19:50,@MES#C,5434.16,5434.18,5433.75,5434.1,87,0
2024-06-25 19:51,@MES#C,5434.44,5435.21,5434.27,5435.21,397,0
2024-06-25 19:52,@MES#C,5435.84,5436.27,5434.93,5435.36,100,0
2024-06-25 19:53,@MES#C,5435.66,5435.71,5435.22,5435.37,203,0
2024-06-25 19:54,@MES#C,5434.92,5435.95,5434.57,5435.72,368,0
2024-06-25 19:55,@MES#C,5435.8,5436.13,5434.55,5435.14,324,0
2024-06-25 19:56,@MES#C,5436.6,5437.74,5436.12,5437.21,472,0
2024-06-25 19:57,@MES#C,5437.47,5438.09,5437.18,5437.8,375,0
2024-06-25 19:58,@MES#C,5438.38,5439.34,5438.26,5439.26,82,0
2024-06-25 19:59,@MES#C,5438.74,5439.2,5437.77,5437.95,362,0
2024-06-25 20:00,@MES#C,5437.96,5438.47,5437.25,5437.6,265,0
2024-06-25 20:01,@MES#C,5436.65,5436.88,5436.37,5436.44,170,0
2024-06-25 20:02,@MES#C,5436.53,5436.96,5436.51,5436.66,333,0
2024-06-25 20:03,@MES#C,5435.87,5437.51,5435.79,5437.4,290,0
2024-06-25 20:04,@MES#C,5437.85,5437.86,5437.61,5437.61,143,0
2024-06-25 20:05,@MES#C,5437.96,5438.66,5436.65,5436.97,215,0
2024-06-25 20:06,@MES#C,5437.48,5437.8,5435.88,5436.44,491,0
2024-06-25 20:07,@MES#C,5437.03,5438.14,5436.62,5437.66,497,0
2024-06-25 20:08,@MES#C,5438.08,5438.48,5437.13,5437.57,471,0
2024-06-25 20:09,@MES#C,5436.55,5437.16,5436.51,5437.14,67,0
2024-06-25 20:10,@MES#C,5437.12,5437.39,5436.2,5436.45,369,0
2024-06-25 20:11,@MES#C,5436.05,5436.28,5435.13,5435.4,329,0
2024-06-25 20:12,@MES#C,5434.36,5435.1,5433.79,5434.18,142,0
2024-06-25 20:13,@MES#C,5434.27,5435.04,5434.1,5434.92,408,0
2024-06-25 20:14,@MES#C,5434.98,5435.06,5434.45,5435.03,279,0
2024-06-25 20:15,@MES#C,5435.88,5436.0,5435.16,5435.25,95,0
2024-06-25 20:16,@MES#C,5434.33,5434.6,5433.07,5433.21,50,0
2024-06-25 20:17,@MES#C,5433.35,5434.38,5433.3,5434.05,323,0
2024-06-25 20:18,@MES#C,5432.57,5433.06,5432.41,5433.0,426,0
2024-06-25 20:19,@MES#C,5432.34,5432.77,5430.43,5430.62,492,0
2024-06-25 20:20,@MES#C,5430.64,5431.21,5429.77,5429.91,256,0
2024-06-25 20:21,@MES#C,5430.33,5430.58,5429.78,5430.08,386,0
2024-06-25 20:22,@MES#C,5430.29,5430.4,5430.22,5430.32,128,0
2024-06-25 20:23,@MES#C,5429.49,5429.65,5428.23,5429.05,453,0
2024-06-25 20:24,@MES#C,5427.97,5428.01,5427.6,5427.72,410,0
2024-06-25 20:25,@MES#C,5427.48,5427.8,5426.61,5427.33,244,0
2024-06-25 20:26,@MES#C,5428.46,5428.48,5428.36,5428.38,138,0
2024-06-25 20:27,@MES#C,5427.7,5428.35,5427.68,5428.26,394,0
2024-06-25 20:28,@MES#C,5427.25,5428.04,5427.01,5427.28,455,0
2024-06-25 20:29,@MES#C,5427.51,5428.87,5426.93,5428.64,183,0
2024-06-25 20:30,@MES#C,5429.16,5430.57,5428.86,5429.83,130,0
2024-06-25 20:31,@MES#C,5430.37,5430.46,5430.27,5430.36,83,0
2024-06-25 20:32,@MES#C,5429.89,5431.3,5429.61,5430.86,299,0
2024-06-25 20:33,@MES#C,5429.6,5429.86,5428.87,5429.1,185,0
2024-06-25 20:34,@MES#C,5428.81,5429.39,5427.82,5428.75,125,0
2024-06-25 20:35,@MES#C,5429.15,5429.41,5428.06,5428.83,114,0
2024-06-25 20:36,@MES#C,5427.3,5427.95,5427.13,5427.46,174,0
2024-06-25 20:37,@MES#C,5426.67,5427.72,5426.55,5426.69,495,0
2024-06-25 20:38,@MES#C,5426.62,5427.23,5425.57,5425.81,387,0
2024-06-25 20:39,@MES#C,5425.33,5425.86,5424.3,5425.28,452,0
2024-06-25 20:40,@MES#C,5425.88,5427.22,5425.78,5426.53,207,0
2024-06-25 20:41,@MES#C,5427.17,5427.39,5426.44,5427.25,252,0
2024-06-25 20:42,@MES#C,5427.49,5428.14,5426.48,5426.56,316,0
2024-06-25 20:43,@MES#C,5426.56,5426.71,5426.19,5426.64,137,0
2024-06-25 20:44,@MES#C,5427.36,5427.53,5426.83,5427.3,486,0
2024-06-25 20:45,@MES#C,5428.18,5429.08,5427.96,5428.76,310,0
2024-06-25 20:46,@MES#C,5427.97,5428.53,5427.52,5427.58,324,0
2024-06-25 20:47,@MES#C,5426.95,5427.04,5426.47,5426.9,292,0
2024-06-25 20:48,@MES#C,5426.41,5426.75,5425.61,5426.06,394,0
2024-06-25 20:49,@MES#C,5425.95,5426.5,5425.42,5425.99,458,0
2024-06-25 20:50,@MES#C,5424.67,5425.15,5424.49,5425.06,302,0
2024-06-25 20:51,@MES#C,5423.68,5424.76,5423.33,5424.56,125,0
2024-06-25 20:52,@MES#C,5424.09,5424.21,5422.87,5423.07,486,0
2024-06-25 20:53,@MES#C,5423.69,5424.46,5423.56,5424.45,497,0
2024-06-25 20:54,@MES#C,5424.8,5425.23,5424.53,5424.79,436,0
2024-06-25 20:55,@MES#C,5424.99,5425.08,5424.38,5424.99,448,0
2024-06-25 20:56,@MES#C,5425.53,5426.55,5425.37,5425.53,167,0
2024-06-25 20:57,@MES#C,5427.79,5427.93,5427.4,5427.91,226,0
2024-06-25 20:58,@MES#C,5429.13,5429.3,5428.24,5428.43,450,0
2024-06-25 20:59,@MES#C,5427.3,5428.21,5426.81,5428.1,237,0
2024-06-25 21:00,@MES#C,5429.1,5429.24,5428.46,5428.8,139,0
2024-06-25 21:01,@MES#C,5427.04,5427.5,5426.91,5427.46,243,0
2024-06-25 21:02,@MES#C,5427.37,5427.45,5425.86,5426.41,326,0
2024-06-25 21:03,@MES#C,5426.53,5427.5,5425.95,5427.18,226,0
2024-06-25 21:04,@MES#C,5427.93,5428.38,5427.1,5427.68,64,0
2024-06-25 21:05,@MES#C,5427.09,5428.08,5426.73,5427.81,282,0
2024-06-25 21:06,@MES#C,5427.99,5428.0,5427.19,5427.58,360,0
2024-06-25 21:07,@MES#C,5427.68,5428.48,5427.52,5427.8,394,0
2024-06-25 21:08,@MES#C,5427.93,5428.71,5427.85,5428.47,452,0
2024-06-25 21:09,@MES#C,5428.23,5428.5,5428.05,5428.38,138,0
2024-06-25 21:10,@MES#C,5428.08,5429.87,5427.73,5429.07,68,0
2024-06-25 21:11,@MES#C,5427.84,5427.96,5426.97,5426.98,371,0
2024-06-25 21:12,@MES#C,5426.82,5427.28,5424.98,5425.84,101,0
2024-06-25 21:13,@MES#C,5426.71,5427.18,5426.68,5426.84,259,0
2024-06-25 21:14,@MES#C,5428.53,5428.71,5427.87,5428.32,462,0
2024-06-25 21:15,@MES#C,5427.64,5427.84,5427.45,5427.48,199,0
2024-06-25 21:16,@MES#C,5428.36,5428.8,5427.84,5427.88,302,0
2024-06-25 21:17,@MES#C,5428.14,5428.37,5427.94,5428.08,330,0
2024-06-25 21:18,@MES#C,5426.64,5426.74,5425.86,5426.5,381,0
2024-06-25 21:19,@MES#C,5424.84,5424.94,5424.6,5424.64,222,0
2024-06-25 21:20,@MES#C,5424.31,5424.62,5424.25,5424.26,204,0
2024-06-25 21:21,@MES#C,5423.54,5423.8,5423.47,5423.7,332,0
2024-06-25 21:22,@MES#C,5425.63,5425.74,5425.38,5425.55,78,0
2024-06-25 21:23,@MES#C,5426.1,5426.32,5425.47,5425.69,353,0
2024-06-25 21:24,@MES#C,5424.9,5425.08,5423.5,5423.85,202,0
2024-06-25 21:25,@MES#C,5425.09,5425.76,5424.34,5425.55,282,0
2024-06-25 21:26,@MES#C,5425.47,5425.51,5424.85,5425.51,116,0
2024-06-25 21:27,@MES#C,5424.99,5425.67,5424.77,5425.34,275,0
2024-06-25 21:28,@MES#C,5425.67,5425.9,5424.96,5425.56,99,0
2024-06-25 21:29,@MES#C,5425.19,5426.97,5424.95,5426.9,394,0
2024-06-25 21:30,@MES#C,5425.8,5426.72,5425.48,5426.58,262,0
2024-06-25 21:31,@MES#C,5427.1,5427.49,5427.04,5427.48,287,0
2024-06-25 21:32,@MES#C,5427.67,5428.04,5427.23,5427.87,431,0
2024-06-25 21:33,@MES#C,5427.22,5427.52,5426.42,5427.13,51,0
2024-06-25 21:34,@MES#C,5425.71,5426.87,5425.2,5426.26,132,0
2024-06-25 21:35,@MES#C,5425.94,5426.06,5425.27,5425.78,278,0
2024-06-25 21:36,@MES#C,5424.9,5424.95,5424.27,5424.72,228,0
2024-06-25 21:37,@MES#C,5424.38,5424.5,5424.08,5424.13,250,0
2024-06-25 21:38,@MES#C,5424.8,5425.36,5424.11,5424.24,322,0
2024-06-25 21:39,@MES#C,5423.25,5423.32,5422.11,5422.41,332,0
2024-06-25 21:40,@MES#C,5421.25,5422.08,5420.79,5421.83,453,0
2024-06-25 21:41,@MES#C,5422.07,5423.13,5421.48,5421.94,333,0
2024-06-25 21:42,@MES#C,5421.84,5422.77,5421.82,5422.06,320,0
2024-06-25 21:43,@MES#C,5422.25,5422.54,5421.81,5422.23,251,0
2024-06-25 21:44,@MES#C,5422.6,5423.26,5421.47,5423.12,54,0
2024-06-25 21:45,@MES#C,5422.7,5423.54,5422.5,5423.24,267,0
2024-06-25 21:46,@MES#C,5423.78,5424.41,5422.44,5422.53,57,0
2024-06-25 21:47,@MES#C,5420.9,5421.28,5420.67,5421.05,96,0
2024-06-25 21:48,@MES#C,5421.31,5421.95,5421.28,5421.53,179,0
2024-06-25 21:49,@MES#C,5421.92,5422.58,5421.41,5422.52,337,0
2024-06-25 21:50,@MES#C,5422.6,5424.83,5421.41,5424.17,327,0
2024-06-25 21:51,@MES#C,5424.91,5425.1,5424.7,5424.81,446,0
2024-06-25 21:52,@MES#C,5425.25,5425.72,5424.54,5424.56,128,0
2024-06-25 21:53,@MES#C,5425.46,5425.68,5424.3,5424.53,257,0
2024-06-25 21:54,@MES#C,5426.25,5427.11,5425.6,5425.83,188,0
2024-06-25 21:55,@MES#C,5426.46,5428.39,5426.39,5427.83,289,0
2024-06-25 21:56,@MES#C,5427.11,5428.24,5426.85,5428.09,167,0
2024-06-25 21:57,@MES#C,5427.09,5427.18,5426.52,5426.81,454,0
2024-06-25 21:58,@MES#C,5426.5,5427.14,5425.65,5425.74,294,0
2024-06-25 21:59,@MES#C,5425.29,5425.45,5424.46,5425.01,164,0
2024-06-25 23:00,@MES#C,5424.39,5424.83,5424.08,5424.44,380,0
2024-06-25 23:01,@MES#C,5424.41,5424.48,5423.61,5423.63,387,0
2024-06-25 23:02,@MES#C,5424.07,5424.07,5422.8,5423.36,295,0
2024-06-25 23:03,@MES#C,5423.65,5424.89,5423.47,5424.42,218,0
2024-06-25 23:04,@MES#C,5424.03,5424.51,5423.35,5424.2,292,0
2024-06-25 23:05,@MES#C,5424.78,5425.11,5424.69,5424.95,287,0
2024-06-25 23:06,@MES#C,5425.28,5425.7,5425.24,5425.59,470,0
2024-06-25 23:07,@MES#C,5425.71,5425.77,5425.62,5425.73,484,0
2024-06-25 23:08,@MES#C,5425.38,5425.71,5425.33,5425.51,491,0
2024-06-25 23:09,@MES#C,5425.6,5426.03,5424.79,5425.95,156,0
2024-06-25 23:10,@MES#C,5426.42,5426.89,5426.11,5426.49,106,0
2024-06-25 23:11,@MES#C,5427.33,5428.24,5427.22,5427.29,488,0
2024-06-25 23:12,@MES#C,5426.97,5427.26,5426.58,5426.63,257,0
2024-06-25 23:13,@MES#C,5425.15,5426.01,5424.86,5425.91,244,0
2024-06-25 23:14,@MES#C,5425.01,5425.99,5424.96,5425.47,249,0
2024-06-25 23:15,@MES#C,5425.05,5425.3,5424.39,5424.39,426,0
2024-06-25 23:16,@MES#C,5424.58,5424.61,5423.75,5424.11,394,0
2024-06-25 23:17,@MES#C,5424.1,5424.52,5423.43,5423.53,208,0
2024-06-25 23:18,@MES#C,5423.09,5423.62,5422.0,5422.36,124,0
2024-06-25 23:19,@MES#C,5421.18,5421.65,5420.58,5421.54,379,0
2024-06-25 23:20,@MES#C,5422.03,5422.62,5421.84,5422.21,212,0
2024-06-25 23:21,@MES#C,5423.26,5423.84,5422.94,5423.51,262,0
2024-06-25 23:22,@MES#C,5425.3,5425.52,5425.0,5425.17,440,0
2024-06-25 23:23,@MES#C,5423.97,5423.99,5423.25,5423.97,446,0
2024-06-25 23:24,@MES#C,5422.53,5423.05,5422.27,5422.36,220,0
2024-06-25 23:25,@MES#C,5421.7,5422.43,5420.89,5421.14,225,0
2024-06-25 23:26,@MES#C,5420.35,5420.73,5420.15,5420.42,328,0
2024-06-25 23:27,@MES#C,5420.38,5420.8,5420.03,5420.06,366,0
2024-06-25 23:28,@MES#C,5420.91,5421.24,5420.87,5420.99,267,0
2024-06-25 23:29,@MES#C,5420.88,5421.25,5420.34,5420.64,386,0
2024-06-25 23:30,@MES#C,5420.31,5421.34,5419.94,5420.91,176,0
2024-06-25 23:31,@MES#C,5420.51,5421.06,5420.48,5421.0,349,0
2024-06-25 23:32,@MES#C,5421.43,5421.97,5421.07,5421.07,73,0
2024-06-25 23:33,@MES#C,5420.89,5421.8,5420.51,5421.63,262,0
2024-06-25 23:34,@MES#C,5421.13,5421.39,5420.32,5420.67,62,0
2024-06-25 23:35,@MES#C,5420.95,5420.98,5420.2,5420.42,87,0
2024-06-25 23:36,@MES#C,5420.7,5421.98,5420.49,5421.83,86,0
2024-06-25 23:37,@MES#C,5421.85,5422.2,5421.62,5421.76,219,0
2024-06-25 23:38,@MES#C,5421.52,5421.93,5420.94,5420.98,278,0
2024-06-25 23:39,@MES#C,5422.05,5422.56,5420.6,5420.95,171,0
2024-06-25 23:40,@MES#C,5421.12,5421.49,5420.24,5420.77,494,0
2024-06-25 23:41,@MES#C,5420.59,5420.82,5419.9,5420.79,258,0
2024-06-25 23:42,@MES#C,5419.1,5419.62,5418.16,5419.33,207,0
2024-06-25 23:43,@MES#C,5420.81,5421.12,5419.93,5420.41,175,0
2024-06-25 23:44,@MES#C,5420.4,5421.16,5420.12,5420.47,238,0
2024-06-25 23:45,@MES#C,5420.52,5420.8,5419.65,5420.74,261,0
2024-06-25 23:46,@MES#C,5420.4,5421.42,5419.72,5421.36,401,0
2024-06-25 23:47,@MES#C,5421.51,5421.57,5420.79,5421.27,480,0
2024-06-25 23:48,@MES#C,5421.58,5422.58,5421.25,5422.31,468,0
2024-06-25 23:49,@MES#C,5422.28,5422.66,5421.69,5422.17,389,0
2024-06-25 23:50,@MES#C,5421.88,5422.74,5421.62,5422.73,421,0
2024-06-25 23:51,@MES#C,5422.07,5423.06,5421.97,5422.29,121,0
2024-06-25 23:52,@MES#C,5423.01,5423.55,5422.94,5423.43,197,0
2024-06-25 23:53,@MES#C,5424.04,5424.14,5423.16,5423.23,312,0
2024-06-25 23:54,@MES#C,5422.92,5423.99,5422.36,5423.69,404,0
2024-06-25 23:55,@MES#C,5422.56,5422.92,5421.34,5421.4,478,0
2024-06-26 00:00,@MES#C,5421.78,5422.33,5421.04,5421.51,308,0
2024-06-26 00:01,@MES#C,5420.5,5420.86,5420.42,5420.68,282,0
2024-06-26 00:02,@MES#C,5420.8,5421.24,5420.67,5421.04,140,0
2024-06-26 00:03,@MES#C,5421.23,5421.48,5419.71,5419.77,110,0
2024-06-26 00:04,@MES#C,5420.22,5420.35,5419.01,5419.45,227,0
2024-06-26 00:05,@MES#C,5418.32,5418.54,5417.51,5417.77,149,0
2024-06-26 00:06,@MES#C,5417.02,5417.95,5416.73,5417.57,141,0
2024-06-26 00:07,@MES#C,5417.38,5417.64,5417.19,5417.26,237,0
2024-06-26 00:08,@MES#C,5416.84,5417.08,5416.1,5416.58,65,0
2024-06-26 00:09,@MES#C,5418.01,5418.75,5417.3,5417.59,345,0
2024-06-26 00:10,@MES#C,5416.97,5417.68,5416.45,5416.81,338,0
2024-06-26 00:11,@MES#C,5416.46,5416.5,5415.73,5416.22,385,0
2024-06-26 00:12,@MES#C,5416.76,5417.01,5415.75,5415.79,81,0
2024-06-26 00:13,@MES#C,5416.43,5416.51,5416.14,5416.42,413,0
2024-06-26 00:14,@MES#C,5416.27,5417.26,5415.86,5416.98,238,0
2024-06-26 00:15,@MES#C,5416.08,5416.22,5414.47,5415.05,221,0
2024-06-26 00:16,@MES#C,5415.01,5415.97,5414.84,5415.12,231,0
2024-06-26 00:17,@MES#C,5414.59,5414.77,5414.17,5414.7,280,0
2024-06-26 00:18,@MES#C,5414.96,5415.77,5414.62,5415.68,361,0
2024-06-26 00:19,@MES#C,5416.36,5416.6,5415.36,5415.63,61,0
2024-06-26 00:20,@MES#C,5415.82,5416.05,5414.87,5415.48,339,0
2024-06-26 00:21,@MES#C,5415.87,5417.19,5415.34,5416.91,437,0
2024-06-26 00:22,@MES#C,5415.89,5415.95,5415.34,5415.43,126,0
2024-06-26 00:23,@MES#C,5414.74,5414.81,5413.46,5414.25,142,0
2024-06-26 00:24,@MES#C,5413.5,5413.96,5412.66,5412.92,129,0
2024-06-26 00:25,@MES#C,5412.2,5412.52,5411.86,5411.98,108,0
2024-06-26 00:26,@MES#C,5414.13,5414.5,5413.86,5414.46,249,0
2024-06-26 00:27,@MES#C,5415.05,5415.64,5414.56,5415.46,417,0
2024-06-26 00:28,@MES#C,5415.47,5416.06,5415.4,5415.94,300,0
2024-06-26 00:29,@MES#C,5415.82,5416.53,5415.64,5416.33,297,0
2024-06-26 00:30,@MES#C,5415.46,5416.05,5414.98,5415.93,331,0
2024-06-26 00:31,@MES#C,5416.67,5417.1,5415.89,5415.92,395,0
2024-06-26 00:32,@MES#C,5417.62,5417.82,5417.12,5417.22,348,0
2024-06-26 00:33,@MES#C,5417.35,5417.49,5416.42,5417.08,400,0
2024-06-26 00:34,@MES#C,5417.06,5417.62,5416.62,5417.6,265,0
2024-06-26 00:35,@MES#C,5417.55,5417.75,5416.59,5417.18,301,0
2024-06-26 00:36,@MES#C,5416.96,5417.74,5416.75,5417.05,149,0
2024-06-26 00:37,@MES#C,5415.9,5416.22,5415.69,5415.77,464,0
2024-06-26 00:38,@MES#C,5416.21,5416.49,5415.46,5416.1,451,0
2024-06-26 00:39,@MES#C,5415.21,5415.79,5415.16,5415.69,478,0
2024-06-26 00:40,@MES#C,5415.49,5415.83,5415.07,5415.65,247,0
2024-06-26 00:41,@MES#C,5415.91,5416.98,5415.48,5416.94,442,0
2024-06-26 00:42,@MES#C,5417.28,5417.36,5416.75,5416.95,335,0
2024-06-26 00:43,@MES#C,5417.28,5417.81,5416.11,5417.8,107,0
2024-06-26 00:44,@MES#C,5419.15,5419.47,5418.52,5418.97,279,0
2024-06-26 00:45,@MES#C,5418.52,5418.79,5417.86,5418.07,130,0
2024-06-26 00:46,@MES#C,5419.7,5420.64,5419.55,5420.19,148,0
2024-06-26 00:47,@MES#C,5420.09,5420.32,5419.82,5420.15,160,0
2024-06-26 00:48,@MES#C,5419.81,5420.76,5419.78,5420.32,424,0
2024-06-26 00:49,@MES#C,5420.08,5420.11,5419.12,5419.22,158,0
2024-06-26 00:50,@MES#C,5419.0,5419.31,5418.9,5419.15,138,0
2024-06-26 00:51,@MES#C,5418.95,5419.82,5418.84,5419.19,103,0
2024-06-26 00:52,@MES#C,5419.63,5420.24,5419.17,5420.16,267,0
2024-06-26 00:53,@MES#C,5421.26,5422.48,5421.02,5421.54,96,0
2024-06-26 00:54,@MES#C,5423.24,5424.23,5423.11,5423.7,307,0
2024-06-26 00:55,@MES#C,5424.84,5424.91,5423.33,5424.19,253,0
2024-06-26 00:56,@MES#C,5424.05,5424.13,5422.39,5423.56,61,0
2024-06-26 00:57,@MES#C,5422.4,5423.06,5422.27,5422.74,159,0
2024-06-26 00:58,@MES#C,5422.88,5423.58,5422.47,5423.05,299,0
2024-06-26 00:59,@MES#C,5423.13,5423.44,5422.66,5422.7,59,0
2024-06-26 01:00,@MES#C,5423.41,5424.06,5423.08,5423.36,276,0
2024-06-26 01:01,@MES#C,5423.08,5423.74,5422.31,5423.43,335,0
2024-06-26 01:02,@MES#C,5422.08,5423.15,5421.86,5423.11,486,0
2024-06-26 01:03,@MES#C,5423.8,5424.04,5422.61,5423.36,84,0
2024-06-26 01:04,@MES#C,5422.65,5424.07,5422.47,5423.92,208,0
2024-06-26 01:05,@MES#C,5423.74,5423.91,5422.46,5422.57,195,0
2024-06-26 01:06,@MES#C,5421.71,5422.24,5421.45,5422.16,251,0
2024-06-26 01:07,@MES#C,5422.44,5422.76,5422.39,5422.48,170,0
2024-06-26 01:08,@MES#C,5422.44,5422.56,5421.53,5421.76,416,0
2024-06-26 01:09,@MES#C,5421.58,5422.37,5421.2,5421.98,185,0
2024-06-26 01:10,@MES#C,5421.78,5422.74,5421.67,5422.68,447,0
2024-06-26 01:11,@MES#C,5422.45,5424.0,5422.04,5423.79,269,0
2024-06-26 01:12,@MES#C,5423.66,5423.98,5422.47,5423.51,410,0
2024-06-26 01:13,@MES#C,5423.88,5424.11,5423.19,5423.6,65,0
2024-06-26 01:14,@MES#C,5422.26,5422.36,5421.04,5421.58,110,0
2024-06-26 01:15,@MES#C,5421.91,5422.44,5421.27,5421.93,460,0
2024-06-26 01:16,@MES#C,5422.51,5422.88,5422.07,5422.39,240,0
2024-06-26 01:17,@MES#C,5422.31,5422.83,5421.48,5421.71,220,0
2024-06-26 01:18,@MES#C,5421.82,5421.95,5420.61,5421.36,480,0
2024-06-26 01:19,@MES#C,5422.18,5422.64,5422.08,5422.6,241,0
2024-06-26 01:20,@MES#C,5421.94,5423.74,5421.87,5422.92,426,0
2024-06-26 01:21,@MES#C,5422.37,5422.65,5421.53,5421.62,154,0
2024-06-26 01:22,@MES#C,5423.47,5423.81,5422.94,5423.3,319,0
2024-06-26 01:23,@MES#C,5424.1,5424.85,5423.36,5423.81,100,0
2024-06-26 01:24,@MES#C,5425.18,5425.62,5424.44,5425.6,373,0
2024-06-26 01:25,@MES#C,5425.57,5425.8,5425.45,5425.56,103,0
2024-06-26 01:26,@MES#C,5424.37,5425.06,5423.04,5423.48,277,0
2024-06-26 01:27,@MES#C,5425.04,5425.73,5424.45,5424.6,260,0
2024-06-26 01:28,@MES#C,5423.34,5424.68,5422.98,5424.11,77,0
2024-06-26 01:29,@MES#C,5423.39,5423.43,5423.18,5423.32,117,0
2024-06-26 01:30,@MES#C,5421.86,5422.14,5421.43,5421.51,81,0
2024-06-26 01:31,@MES#C,5420.77,5421.33,5419.95,5420.4,298,0
2024-06-26 01:32,@MES#C,5420.98,5421.11,5420.69,5421.01,112,0
2024-06-26 01:33,@MES#C,5421.0,5421.14,5420.51,5420.69,76,0
2024-06-26 01:34,@MES#C,5422.43,5423.36,5421.96,5422.6,375,0
2024-06-26 01:35,@MES#C,5424.21,5425.29,5423.92,5425.09,401,0
2024-06-26 01:36,@MES#C,5424.61,5424.89,5424.17,5424.61,251,0
2024-06-26 01:37,@MES#C,5424.67,5426.31,5424.03,5426.17,210,0
2024-06-26 01:38,@MES#C,5425.03,5425.95,5424.97,5425.92,256,0
2024-06-26 01:39,@MES#C,5425.56,5425.74,5425.04,5425.08,291,0
2024-06-26 01:40,@MES#C,5425.43,5425.81,5424.85,5425.63,116,0
2024-06-26 01:41,@MES#C,5428.06,5429.48,5427.79,5428.94,213,0
2024-06-26 01:42,@MES#C,5428.95,5429.48,5428.23,5428.46,498,0
2024-06-26 01:43,@MES#C,5429.13,5429.26,5428.25,5428.55,79,0
2024-06-26 01:44,@MES#C,5428.1,5428.3,5427.94,5428.14,129,0
2024-06-26 01:45,@MES#C,5427.62,5428.07,5426.66,5427.29,223,0
2024-06-26 01:46,@MES#C,5427.2,5428.24,5427.09,5427.69,258,0
2024-06-26 01:47,@MES#C,5426.22,5426.88,5425.83,5426.06,409,0
2024-06-26 01:48,@MES#C,5424.56,5425.25,5424.28,5424.95,187,0
2024-06-26 01:49,@MES#C,5424.91,5424.91,5424.36,5424.59,365,0
2024-06-26 01:50,@MES#C,5424.41,5424.61,5423.64,5423.71,254,0
2024-06-26 01:51,@MES#C,5424.5,5424.56,5424.09,5424.39,161,0
2024-06-26 01:52,@MES#C,5424.66,5425.47,5424.24,5425.36,265,0
2024-06-26 01:53,@MES#C,5425.76,5426.5,5425.47,5426.0,449,0
2024-06-26 01:54,@MES#C,5425.65,5425.67,5424.96,5425.26,285,0
2024-06-26 01:55,@MES#C,5423.56,5424.36,5422.37,5422.63,186,0
2024-06-26 01:56,@MES#C,5424.16,5424.42,5423.56,5424.4,75,0
2024-06-26 01:57,@MES#C,5425.91,5426.96,5425.45,5426.85,275,0
2024-06-26 01:58,@MES#C,5426.08,5426.59,5424.92,5425.57,61,0
2024-06-26 01:59,@MES#C,5425.33,5426.65,5425.31,5426.26,171,0
2024-06-26 02:00,@MES#C,5426.63,5426.88,5425.82,5426.11,349,0
2024-06-26 02:01,@MES#C,5426.11,5427.73,5426.06,5426.96,218,0
2024-06-26 02:02,@MES#C,5426.74,5426.75,5426.16,5426.39,380,0
2024-06-26 02:03,@MES#C,5426.72,5426.79,5426.4,5426.47,166,0
2024-06-26 02:04,@MES#C,5426.22,5426.52,5425.25,5425.95,385,0
2024-06-26 02:05,@MES#C,5426.06,5426.72,5425.78,5426.43,272,0
2024-06-26 02:06,@MES#C,5425.7,5425.8,5424.8,5425.08,445,0
2024-06-26 02:07,@MES#C,5425.56,5425.72,5423.68,5424.14,350,0
2024-06-26 02:08,@MES#C,5424.01,5424.27,5422.3,5423.51,390,0
2024-06-26 02:09,@MES#C,5424.35,5424.54,5423.07,5424.0,255,0
2024-06-26 02:10,@MES#C,5422.7,5423.66,5422.18,5423.41,222,0
2024-06-26 02:11,@MES#C,5423.39,5424.19,5422.61,5422.67,101,0
2024-06-26 02:12,@MES#C,5423.13,5423.84,5422.51,5423.49,278,0
2024-06-26 02:13,@MES#C,5423.27,5423.36,5422.95,5423.22,446,0
2024-06-26 02:14,@MES#C,5420.8,5421.63,5420.21,5421.5,254,0
2024-06-26 02:15,@MES#C,5421.14,5421.45,5420.68,5420.89,363,0
2024-06-26 02:16,@MES#C,5420.25,5420.71,5419.52,5419.59,439,0
2024-06-26 02:17,@MES#C,5420.15,5420.34,5419.63,5419.75,334,0
2024-06-26 02:18,@MES#C,5418.52,5418.95,5418.17,5418.65,439,0
2024-06-26 02:19,@MES#C,5418.98,5419.02,5417.54,5418.02,476,0
2024-06-26 02:20,@MES#C,5417.99,5418.6,5416.12,5416.6,348,0
2024-06-26 02:21,@MES#C,5416.31,5416.75,5415.69,5415.77,343,0
2024-06-26 02:22,@MES#C,5415.49,5416.5,5415.47,5416.42,409,0
2024-06-26 02:23,@MES#C,5416.13,5416.39,5415.94,5416.24,245,0
2024-06-26 02:24,@MES#C,5416.5,5417.47,5416.04,5417.41,346,0
2024-06-26 02:25,@MES#C,5418.28,5418.36,5417.83,5417.91,142,0
2024-06-26 02:26,@MES#C,5418.35,5418.87,5418.0,5418.82,270,0
2024-06-26 02:27,@MES#C,5419.53,5420.41,5419.48,5420.14,128,0
2024-06-26 02:28,@MES#C,5420.71,5420.79,5420.06,5420.18,330,0
2024-06-26 02:29,@MES#C,5420.56,5420.73,5419.79,5419.81,492,0
2024-06-26 02:30,@MES#C,5419.22,5419.3,5418.89,5419.27,238,0
2024-06-26 02:31,@MES#C,5418.66,5420.08,5418.19,5420.03,255,0
2024-06-26 02:32,@MES#C,5419.24,5420.1,5418.7,5419.93,429,0
2024-06-26 02:33,@MES#C,5419.6,5420.37,5419.49,5419.99,76,0
2024-06-26 02:34,@MES#C,5421.91,5422.24,5420.77,5420.87,382,0
2024-06-26 02:35,@MES#C,5422.31,5423.4,5422.04,5423.09,379,0
2024-06-26 02:36,@MES#C,5422.42,5423.02,5421.86,5421.95,435,0
2024-06-26 02:37,@MES#C,5422.57,5422.59,5421.14,5421.58,60,0
2024-06-26 02:38,@MES#C,5421.34,5421.59,5420.9,5420.99,343,0
2024-06-26 02:39,@MES#C,5420.81,5421.38,5420.54,5421.03,62,0
2024-06-26 02:40,@MES#C,5420.87,5421.19,5420.48,5420.58,243,0
2024-06-26 02:41,@MES#C,5420.53,5420.9,5419.65,5419.84,438,0
2024-06-26 02:42,@MES#C,5420.07,5420.58,5419.47,5419.71,486,0
2024-06-26 02:43,@MES#C,5418.87,5419.43,5418.62,5418.69,273,0
2024-06-26 02:44,@MES#C,5420.51,5420.61,5419.58,5420.35,457,0
2024-06-26 02:45,@MES#C,5419.04,5419.36,5417.91,5418.56,145,0
2024-06-26 02:46,@MES#C,5419.04,5420.16,5418.62,5419.35,467,0
2024-06-26 02:47,@MES#C,5420.44,5420.95,5419.98,5420.76,411,0
2024-06-26 02:48,@MES#C,5420.31,5420.38,5419.43,5420.28,171,0
2024-06-26 02:49,@MES#C,5420.31,5421.29,5420.23,5420.63,291,0
2024-06-26 02:50,@MES#C,5419.91,5420.18,5418.47,5418.82,147,0
2024-06-26 02:51,@MES#C,5419.93,5420.16,5418.49,5419.01,130,0
2024-06-26 02:52,@MES#C,5419.82,5420.16,5418.05,5418.56,440,0
2024-06-26 02:53,@MES#C,5418.9,5419.02,5416.96,5417.28,185,0
2024-06-26 02:54,@MES#C,5417.4,5417.63,5416.97,5417.48,471,0
2024-06-26 02:55,@MES#C,5417.52,5418.17,5417.49,5417.89,106,0
2024-06-26 02:56,@MES#C,5418.77,5419.35,5418.35,5418.54,263,0
2024-06-26 02:57,@MES#C,5418.94,5419.66,5417.9,5418.18,110,0
2024-06-26 02:58,@MES#C,5417.95,5418.38,5416.95,5417.39,104,0
2024-06-26 02:59,@MES#C,5416.9,5418.01,5416.27,5417.93,381,0
2024-06-26 03:00,@MES#C,5417.35,5417.68,5417.08,5417.36,73,0
2024-06-26 03:01,@MES#C,5416.97,5417.52,5416.69,5417.02,254,0
2024-06-26 03:02,@MES#C,5417.48,5417.56,5417.31,5417.34,323,0
2024-06-26 03:03,@MES#C,5417.14,5417.26,5416.51,5417.22,442,0
2024-06-26 03:04,@MES#C,5418.03,5418.51,5417.7,5418.2,164,0
2024-06-26 03:05,@MES#C,5417.4,5417.61,5417.27,5417.47,328,0
2024-06-26 03:06,@MES#C,5416.66,5416.88,5415.91,5416.19,465,0
2024-06-26 03:07,@MES#C,5416.19,5416.23,5415.6,5415.87,154,0
2024-06-26 03:08,@MES#C,5415.6,5416.65,5415.13,5416.14,210,0
2024-06-26 03:09,@MES#C,5416.1,5416.59,5415.02,5415.68,387,0
2024-06-26 03:10,@MES#C,5415.07,5415.81,5414.45,5415.42,437,0
2024-06-26 03:11,@MES#C,5415.12,5415.17,5414.5,5414.91,426,0
2024-06-26 03:12,@MES#C,5415.91,5417.76,5415.57,5417.11,95,0
2024-06-26 03:13,@MES#C,5416.75,5417.35,5416.12,5417.27,403,0
2024-06-26 03:14,@MES#C,5418.1,5418.9,5418.06,5418.74,448,0
2024-06-26 03:15,@MES#C,5417.53,5418.71,5417.39,5418.41,455,0
2024-06-26 03:16,@MES#C,5419.46,5420.19,5418.68,5419.08,100,0
2024-06-26 03:17,@MES#C,5418.92,5419.2,5418.58,5419.05,196,0
2024-06-26 03:18,@MES#C,5419.51,5420.16,5419.39,5419.84,124,0
2024-06-26 03:19,@MES#C,5421.09,5421.23,5419.72,5420.25,496,0
2024-06-26 03:20,@MES#C,5419.67,5419.89,5419.21,5419.67,211,0
2024-06-26 03:21,@MES#C,5419.3,5419.79,5418.86,5419.22,239,0
2024-06-26 03:22,@MES#C,5418.31,5418.5,5417.76,5417.9,441,0
2024-06-26 03:23,@MES#C,5418.5,5419.02,5417.76,5417.97,423,0
2024-06-26 03:24,@MES#C,5417.06,5417.28,5416.68,5416.75,367,0
2024-06-26 03:25,@MES#C,5415.83,5416.05,5414.88,5414.99,285,0
2024-06-26 03:26,@MES#C,5415.08,5415.49,5415.0,5415.24,453,0
2024-06-26 03:27,@MES#C,5415.03,5417.02,5414.91,5416.55,106,0
2024-06-26 03:28,@MES#C,5416.13,5416.56,5414.1,5414.42,485,0
2024-06-26 03:29,@MES#C,5413.27,5413.45,5412.54,5412.58,240,0
2024-06-26 03:30,@MES#C,5413.13,5413.57,5412.99,5413.18,150,0
2024-06-26 03:31,@MES#C,5411.51,5411.66,5410.34,5410.77,269,0
2024-06-26 03:32,@MES#C,5412.28,5412.52,5411.4,5412.18,325,0
2024-06-26 03:33,@MES#C,5411.74,5413.81,5410.9,5413.51,298,0
2024-06-26 03:34,@MES#C,5414.11,5414.2,5413.19,5413.49,490,0
2024-06-26 03:35,@MES#C,5414.17,5414.89,5414.16,5414.65,124,0
2024-06-26 03:36,@MES#C,5413.71,5413.79,5412.92,5413.67,278,0
2024-06-26 03:37,@MES#C,5413.59,5413.72,5412.69,5412.81,113,0
2024-06-26 03:38,@MES#C,5414.36,5414.9,5414.31,5414.49,444,0
2024-06-26 03:39,@MES#C,5415.03,5415.16,5414.21,5414.63,93,0
2024-06-26 03:40,@MES#C,5414.69,5415.7,5414.06,5415.33,191,0
2024-06-26 03:41,@MES#C,5413.69,5414.42,5412.72,5412.98,267,0
2024-06-26 03:42,@MES#C,5412.42,5412.51,5411.98,5412.13,393,0
2024-06-26 03:43,@MES#C,5411.12,5411.6,5411.11,5411.12,310,0
2024-06-26 03:44,@MES#C,5410.49,5410.87,5408.91,5409.2,440,0
2024-06-26 03:45,@MES#C,5407.83,5408.21,5406.87,5406.96,497,0
2024-06-26 03:46,@MES#C,5406.0,5406.21,5405.11,5406.11,120,0
2024-06-26 03:47,@MES#C,5406.24,5406.76,5406.2,5406.34,196,0
2024-06-26 03:48,@MES#C,5406.96,5407.57,5406.09,5407.02,298,0
2024-06-26 03:49,@MES#C,5408.2,5408.96,5407.7,5408.74,148,0
2024-06-26 03:50,@MES#C,5407.21,5408.11,5406.95,5407.69,310,0
2024-06-26 03:51,@MES#C,5407.84,5408.0,5406.24,5406.53,92,0
2024-06-26 03:52,@MES#C,5407.46,5408.03,5406.86,5407.79,427,0
2024-06-26 03:53,@MES#C,5407.13,5407.33,5406.89,5407.04,320,0
2024-06-26 03:54,@MES#C,5406.77,5407.22,5405.88,5406.79,336,0
2024-06-26 03:55,@MES#C,5405.2,5405.91,5403.94,5404.6,286,0
2024-06-26 03:56,@MES#C,5404.95,5405.05,5404.29,5404.81,190,0
2024-06-26 03:57,@MES#C,5405.11,5405.44,5404.7,5405.08,239,0
2024-06-26 03:58,@MES#C,5404.88,5405.18,5403.73,5403.77,495,0
2024-06-26 03:59,@MES#C,5402.92,5403.94,5402.73,5402.97,294,0
2024-06-26 04:00,@MES#C,5402.96,5403.46,5401.83,5402.18,364,0
2024-06-26 04:01,@MES#C,5403.26,5403.39,5402.32,5403.01,309,0
2024-06-26 04:02,@MES#C,5403.51,5403.7,5401.95,5402.18,400,0
2024-06-26 04:03,@MES#C,5402.51,5402.62,5401.38,5401.47,136,0
2024-06-26 04:04,@MES#C,5401.76,5402.7,5401.59,5402.1,97,0
2024-06-26 04:05,@MES#C,5403.02,5404.73,5402.94,5404.37,219,0
2024-06-26 04:06,@MES#C,5404.71,5404.87,5403.85,5404.87,162,0
2024-06-26 04:07,@MES#C,5405.79,5406.38,5405.64,5405.71,245,0
2024-06-26 04:08,@MES#C,5405.28,5405.66,5404.87,5405.62,280,0
2024-06-26 04:09,@MES#C,5406.49,5407.54,5406.48,5407.45,366,0
2024-06-26 04:10,@MES#C,5408.01,5408.06,5407.59,5407.66,179,0
2024-06-26 04:11,@MES#C,5407.76,5407.86,5407.35,5407.5,161,0
2024-06-26 04:12,@MES#C,5408.52,5408.65,5407.7,5408.01,61,0
2024-06-26 04:13,@MES#C,5407.53,5407.77,5407.29,5407.42,300,0
2024-06-26 04:14,@MES#C,5406.57,5407.72,5406.21,5407.35,468,0
2024-06-26 04:15,@MES#C,5407.61,5407.75,5407.5,5407.51,361,0
2024-06-26 04:16,@MES#C,5407.95,5408.2,5407.14,5408.06,66,0
2024-06-26 04:17,@MES#C,5407.76,5408.42,5407.62,5408.23,459,0
2024-06-26 04:18,@MES#C,5409.05,5409.24,5408.99,5409.17,485,0
2024-06-26 04:19,@MES#C,5408.6,5409.1,5408.12,5408.41,154,0
2024-06-26 04:20,@MES#C,5407.94,5408.15,5407.63,5407.66,441,0
2024-06-26 04:21,@MES#C,5405.87,5406.99,5405.52,5406.14,100,0
2024-06-26 04:22,@MES#C,5407.39,5407.91,5407.28,5407.29,190,0
2024-06-26 04:23,@MES#C,5406.92,5406.96,5404.82,5405.5,160,0
2024-06-26 04:24,@MES#C,5405.93,5406.06,5405.23,5405.62,179,0
2024-06-26 04:25,@MES#C,5407.72,5408.13,5407.11,5407.41,278,0
2024-06-26 04:26,@MES#C,5406.85,5407.26,5406.54,5406.6,417,0
2024-06-26 04:27,@MES#C,5405.29,5405.8,5405.26,5405.68,459,0
2024-06-26 04:28,@MES#C,5405.97,5406.21,5405.63,5405.73,122,0
2024-06-26 04:29,@MES#C,5407.47,5408.41,5406.66,5408.02,401,0
2024-06-26 04:30,@MES#C,5407.67,5408.05,5406.88,5407.69,279,0
2024-06-26 04:31,@MES#C,5407.23,5407.5,5407.2,5407.35,454,0
2024-06-26 04:32,@MES#C,5407.26,5408.02,5407.24,5407.89,260,0
2024-06-26 04:33,@MES#C,5409.36,5409.67,5408.6,5409.47,224,0
2024-06-26 04:34,@MES#C,5408.32,5408.36,5407.82,5408.04,91,0
2024-06-26 04:35,@MES#C,5407.58,5407.83,5406.49,5407.04,471,0
2024-06-26 04:36,@MES#C,5406.15,5407.06,5405.56,5406.3,472,0
2024-06-26 04:37,@MES#C,5406.34,5406.79,5405.67,5405.98,499,0
2024-06-26 04:38,@MES#C,5405.33,5405.37,5405.02,5405.35,351,0
2024-06-26 04:39,@MES#C,5405.14,5405.37,5404.96,5405.21,498,0
2024-06-26 04:40,@MES#C,5406.2,5407.5,5405.75,5407.19,72,0
2024-06-26 04:41,@MES#C,5407.97,5408.05,5407.54,5407.92,312,0
2024-06-26 04:42,@MES#C,5408.68,5409.7,5408.64,5409.62,252,0
2024-06-26 04:43,@MES#C,5408.33,5408.77,5407.77,5408.1,204,0
2024-06-26 04:44,@MES#C,5407.05,5407.23,5406.26,5406.75,146,0
2024-06-26 04:45,@MES#C,5407.11,5407.59,5406.77,5407.23,457,0
2024-06-26 04:46,@MES#C,5407.2,5407.29,5406.17,5406.18,471,0
2024-06-26 04:47,@MES#C,5405.59,5406.28,5405.22,5406.28,120,0
2024-06-26 04:48,@MES#C,5405.91,5407.33,5405.49,5407.07,81,0
2024-06-26 04:49,@MES#C,5406.52,5406.59,5406.04,5406.11,152,0
2024-06-26 04:50,@MES#C,5405.71,5406.03,5405.42,5405.5,256,0
2024-06-26 04:51,@MES#C,5404.29,5405.05,5404.21,5404.49,474,0
2024-06-26 04:52,@MES#C,5404.07,5405.02,5404.06,5404.63,264,0
2024-06-26 04:53,@MES#C,5403.13,5403.63,5403.03,5403.04,76,0
2024-06-26 04:54,@MES#C,5403.93,5405.08,5403.52,5405.04,323,0
2024-06-26 04:55,@MES#C,5404.74,5405.39,5403.16,5403.58,173,0
2024-06-26 04:56,@MES#C,5404.69,5405.4,5404.56,5405.01,429,0
2024-06-26 04:57,@MES#C,5406.24,5406.52,5405.89,5405.93,424,0
2024-06-26 04:58,@MES#C,5405.8,5406.81,5405.12,5406.52,370,0
2024-06-26 04:59,@MES#C,5406.37,5406.5,5405.9,5406.4,408,0
2024-06-26 05:00,@MES#C,5407.18,5407.2,5406.55,5406.73,494,0
2024-06-26 05:01,@MES#C,5406.64,5408.43,5406.63,5407.75,216,0
2024-06-26 05:02,@MES#C,5407.7,5408.26,5407.13,5407.88,383,0
2024-06-26 05:03,@MES#C,5408.94,5409.14,5407.51,5408.35,312,0
2024-06-26 05:04,@MES#C,5407.76,5408.4,5407.36,5407.97,292,0
2024-06-26 05:05,@MES#C,5407.4,5408.35,5407.09,5407.58,438,0
2024-06-26 05:06,@MES#C,5407.19,5407.69,5406.91,5407.44,266,0
2024-06-26 05:07,@MES#C,5407.01,5407.65,5406.92,5407.14,477,0
2024-06-26 05:08,@MES#C,5407.12,5407.87,5406.45,5406.51,468,0
2024-06-26 05:09,@MES#C,5406.53,5407.18,5405.67,5406.58,142,0
2024-06-26 05:10,@MES#C,5407.58,5407.71,5407.08,5407.63,257,0
2024-06-26 05:11,@MES#C,5408.48,5409.77,5408.21,5409.52,373,0
2024-06-26 05:12,@MES#C,5409.68,5410.42,5409.42,5409.6,222,0
2024-06-26 05:13,@MES#C,5409.91,5410.46,5409.78,5409.9,310,0
2024-06-26 05:14,@MES#C,5409.82,5411.15,5409.34,5410.65,190,0
2024-06-26 05:15,@MES#C,5411.08,5411.26,5410.73,5410.81,272,0
2024-06-26 05:16,@MES#C,5410.79,5411.26,5410.52,5411.15,281,0
2024-06-26 05:17,@MES#C,5412.35,5413.04,5412.15,5412.82,288,0
2024-06-26 05:18,@MES#C,5413.74,5414.4,5413.35,5414.36,127,0
2024-06-26 05:19,@MES#C,5415.89,5416.8,5414.96,5416.55,223,0
2024-06-26 05:20,@MES#C,5414.87,5415.53,5414.12,5415.25,293,0
2024-06-26 05:21,@MES#C,5414.62,5414.9,5414.33,5414.46,60,0
2024-06-26 05:22,@MES#C,5414.19,5414.3,5413.59,5413.74,422,0
2024-06-26 05:23,@MES#C,5412.42,5412.81,5412.12,5412.6,199,0
2024-06-26 05:24,@MES#C,5413.04,5414.39,5411.97,5413.99,341,0
2024-06-26 05:25,@MES#C,5412.58,5412.58,5411.06,5411.26,266,0
2024-06-26 05:26,@MES#C,5411.2,5411.73,5410.92,5411.62,231,0
2024-06-26 05:27,@MES#C,5411.46,5412.16,5411.35,5411.97,305,0
2024-06-26 05:28,@MES#C,5412.43,5412.87,5411.94,5412.31,462,0
2024-06-26 05:29,@MES#C,5412.55,5413.14,5412.01,5412.79,72,0
2024-06-26 05:30,@MES#C,5414.33,5414.93,5413.0,5413.96,289,0
2024-06-26 05:31,@MES#C,5413.27,5414.24,5413.24,5413.85,365,0
2024-06-26 05:32,@MES#C,5413.21,5413.94,5413.04,5413.08,435,0
2024-06-26 05:33,@MES#C,5412.77,5414.32,5412.66,5413.66,327,0
2024-06-26 05:34,@MES#C,5413.24,5414.23,5412.4,5414.16,387,0
2024-06-26 05:35,@MES#C,5413.35,5414.23,5413.23,5413.91,427,0
2024-06-26 05:36,@MES#C,5413.47,5414.35,5413.29,5413.9,203,0
2024-06-26 05:37,@MES#C,5413.68,5413.96,5413.48,5413.92,374,0
2024-06-26 05:38,@MES#C,5412.85,5413.63,5412.72,5413.22,332,0
2024-06-26 05:39,@MES#C,5413.13,5413.69,5412.67,5413.67,462,0
2024-06-26 05:40,@MES#C,5414.32,5414.44,5413.19,5413.34,494,0
2024-06-26 05:41,@MES#C,5413.48,5413.69,5413.03,5413.05,88,0
2024-06-26 05:42,@MES#C,5412.56,5413.45,5412.31,5413.36,291,0
2024-06-26 05:43,@MES#C,5414.48,5414.95,5413.91,5414.83,193,0
2024-06-26 05:44,@MES#C,5415.0,5415.8,5413.62,5415.65,419,0
2024-06-26 05:45,@MES#C,5416.4,5416.79,5415.97,5416.22,464,0
2024-06-26 05:46,@MES#C,5415.67,5416.94,5415.65,5416.43,479,0
2024-06-26 05:47,@MES#C,5415.77,5416.48,5415.27,5415.95,54,0
2024-06-26 05:48,@MES#C,5416.53,5417.07,5415.45,5415.52,178,0
2024-06-26 05:49,@MES#C,5415.12,5416.3,5414.9,5416.26,51,0
2024-06-26 05:50,@MES#C,5417.05,5418.12,5416.68,5417.08,374,0
2024-06-26 05:51,@MES#C,5416.33,5417.59,5416.11,5417.27,428,0
2024-06-26 05:52,@MES#C,5416.58,5417.55,5416.01,5417.41,201,0
2024-06-26 05:53,@MES#C,5417.82,5418.25,5417.76,5418.0,333,0
2024-06-26 05:54,@MES#C,5417.05,5417.65,5416.65,5417.35,320,0
2024-06-26 05:55,@MES#C,5417.24,5418.53,5416.69,5418.17,128,0
2024-06-26 05:56,@MES#C,5419.34,5419.49,5418.95,5419.26,211,0
2024-06-26 05:57,@MES#C,5418.36,5418.4,5417.45,5417.58,95,0
2024-06-26 05:58,@MES#C,5416.43,5416.56,5415.96,5416.52,401,0
2024-06-26 05:59,@MES#C,5416.89,5417.14,5416.46,5416.47,92,0
2024-06-26 06:00,@MES#C,5416.28,5416.46,5415.69,5415.76,148,0
2024-06-26 06:01,@MES#C,5416.17,5417.53,5416.0,5417.26,494,0
2024-06-26 06:02,@MES#C,5417.02,5417.25,5416.11,5416.39,179,0
2024-06-26 06:03,@MES#C,5415.59,5416.7,5415.44,5416.55,327,0
2024-06-26 06:04,@MES#C,5416.87,5416.98,5415.18,5415.7,380,0
2024-06-26 06:05,@MES#C,5414.28,5414.79,5413.93,5414.03,336,0
2024-06-26 06:06,@MES#C,5412.9,5414.82,5412.8,5414.32,429,0
2024-06-26 06:07,@MES#C,5413.49,5413.74,5412.7,5413.22,78,0
2024-06-26 06:08,@MES#C,5412.91,5413.1,5412.1,5412.3,115,0
2024-06-26 06:09,@MES#C,5412.52,5412.56,5412.38,5412.45,223,0
2024-06-26 06:10,@MES#C,5413.31,5414.72,5413.31,5414.65,316,0
2024-06-26 06:11,@MES#C,5414.12,5414.76,5413.95,5414.58,307,0
2024-06-26 06:12,@MES#C,5415.3,5415.7,5415.16,5415.31,470,0
2024-06-26 06:13,@MES#C,5416.08,5416.62,5415.89,5416.58,117,0
2024-06-26 06:14,@MES#C,5416.58,5416.99,5416.46,5416.8,436,0
2024-06-26 06:15,@MES#C,5417.6,5418.59,5416.89,5417.19,337,0
2024-06-26 06:16,@MES#C,5416.29,5416.71,5416.15,5416.4,86,0
2024-06-26 06:17,@MES#C,5415.57,5416.6,5414.99,5415.9,270,0
2024-06-26 06:18,@MES#C,5416.32,5416.6,5415.99,5416.19,489,0
2024-06-26 06:19,@MES#C,5416.58,5416.79,5415.96,5416.1,200,0
2024-06-26 06:20,@MES#C,5415.89,5416.69,5415.32,5415.47,362,0
2024-06-26 06:21,@MES#C,5415.05,5415.06,5414.24,5414.43,109,0
2024-06-26 06:22,@MES#C,5414.51,5415.77,5414.47,5415.49,403,0
2024-06-26 06:23,@MES#C,5415.53,5416.08,5415.17,5415.56,190,0
2024-06-26 06:24,@MES#C,5415.58,5416.41,5415.43,5416.29,498,0
2024-06-26 06:25,@MES#C,5414.47,5415.84,5414.24,5415.72,319,0
2024-06-26 06:26,@MES#C,5416.0,5416.13,5415.05,5415.43,495,0
2024-06-26 06:27,@MES#C,5413.75,5414.16,5412.39,5412.79,146,0
2024-06-26 06:28,@MES#C,5413.22,5413.8,5413.1,5413.79,495,0
2024-06-26 06:29,@MES#C,5413.46,5414.93,5412.88,5414.18,398,0
2024-06-26 06:30,@MES#C,5412.46,5412.46,5412.01,5412.2,148,0
2024-06-26 06:31,@MES#C,5410.8,5411.81,5410.21,5411.58,326,0
2024-06-26 06:32,@MES#C,5410.7,5411.27,5410.61,5410.94,290,0
2024-06-26 06:33,@MES#C,5409.54,5410.55,5409.41,5410.4,307,0
2024-06-26 06:34,@MES#C,5409.98,5411.09,5409.52,5410.86,496,0
2024-06-26 06:35,@MES#C,5410.9,5411.36,5410.86,5411.14,345,0
2024-06-26 06:36,@MES#C,5410.67,5411.44,5410.44,5410.91,464,0
2024-06-26 06:37,@MES#C,5410.75,5411.16,5410.48,5411.02,58,0
2024-06-26 06:38,@MES#C,5411.45,5412.01,5411.22,5411.81,402,0
2024-06-26 06:39,@MES#C,5411.36,5412.41,5411.36,5412.28,404,0
2024-06-26 06:40,@MES#C,5411.53,5412.22,5411.27,5411.98,408,0
2024-06-26 06:41,@MES#C,5412.29,5412.35,5410.73,5410.78,91,0
2024-06-26 06:42,@MES#C,5410.51,5411.33,5409.38,5410.61,275,0
2024-06-26 06:43,@MES#C,5410.83,5411.17,5408.13,5408.9,262,0
2024-06-26 06:44,@MES#C,5408.71,5409.97,5408.66,5409.88,253,0
2024-06-26 06:45,@MES#C,5409.9,5410.27,5409.58,5409.77,80,0
2024-06-26 06:46,@MES#C,5410.0,5410.14,5409.55,5409.92,180,0
2024-06-26 06:47,@MES#C,5409.56,5410.71,5408.98,5410.29,325,0
2024-06-26 06:48,@MES#C,5410.67,5410.88,5409.83,5410.09,289,0
2024-06-26 06:49,@MES#C,5409.7,5410.08,5409.41,5409.62,332,0
2024-06-26 06:50,@MES#C,5408.72,5408.83,5407.94,5408.08,468,0
2024-06-26 06:51,@MES#C,5409.35,5410.09,5409.07,5409.84,460,0
2024-06-26 06:52,@MES#C,5409.66,5410.16,5409.07,5409.46,370,0
2024-06-26 06:53,@MES#C,5410.0,5410.52,5409.84,5410.5,446,0
2024-06-26 06:54,@MES#C,5410.97,5411.58,5410.7,5411.26,64,0
2024-06-26 06:55,@MES#C,5410.7,5410.97,5409.68,5409.82,240,0
2024-06-26 06:56,@MES#C,5408.74,5408.82,5408.53,5408.6,363,0
2024-06-26 06:57,@MES#C,5407.52,5408.44,5407.42,5407.83,468,0
2024-06-26 06:58,@MES#C,5407.57,5407.67,5406.85,5407.49,86,0
2024-06-26 06:59,@MES#C,5408.19,5408.75,5405.87,5406.69,490,0
2024-06-26 07:00,@MES#C,5408.64,5409.15,5407.97,5408.4,495,0
2024-06-26 07:01,@MES#C,5408.11,5408.43,5407.44,5407.61,174,0
2024-06-26 07:02,@MES#C,5406.96,5407.64,5406.83,5407.28,190,0
2024-06-26 07:03,@MES#C,5406.77,5407.38,5406.39,5406.47,340,0
2024-06-26 07:04,@MES#C,5406.18,5406.36,5405.66,5406.08,445,0
2024-06-26 07:05,@MES#C,5406.28,5407.0,5404.63,5405.21,174,0
2024-06-26 07:06,@MES#C,5404.57,5404.66,5403.33,5403.9,407,0
2024-06-26 07:07,@MES#C,5403.52,5404.82,5403.48,5404.49,153,0
2024-06-26 07:08,@MES#C,5405.51,5405.62,5404.88,5405.31,215,0
2024-06-26 07:09,@MES#C,5404.3,5404.54,5403.27,5403.43,70,0
2024-06-26 07:10,@MES#C,5404.28,5404.85,5403.17,5404.11,453,0
2024-06-26 07:11,@MES#C,5404.54,5404.73,5403.96,5404.62,493,0
2024-06-26 07:12,@MES#C,5403.98,5405.29,5403.68,5405.03,359,0
2024-06-26 07:13,@MES#C,5404.62,5405.43,5404.35,5404.43,416,0
2024-06-26 07:14,@MES#C,5403.47,5403.58,5402.93,5403.44,256,0
2024-06-26 07:15,@MES#C,5404.41,5404.81,5404.19,5404.49,343,0
2024-06-26 07:16,@MES#C,5403.16,5403.29,5402.72,5403.08,351,0
2024-06-26 07:17,@MES#C,5403.72,5404.42,5402.25,5402.64,99,0
2024-06-26 07:18,@MES#C,5403.9,5405.08,5403.89,5404.43,296,0
2024-06-26 07:19,@MES#C,5403.44,5403.72,5403.34,5403.65,340,0
2024-06-26 07:20,@MES#C,5404.94,5405.47,5404.23,5404.86,56,0
2024-06-26 07:21,@MES#C,5404.57,5405.34,5404.37,5404.99,147,0
2024-06-26 07:22,@MES#C,5405.64,5406.45,5405.36,5406.17,491,0
2024-06-26 07:23,@MES#C,5406.07,5407.19,5406.05,5406.91,107,0
2024-06-26 07:24,@MES#C,5407.4,5407.64,5406.05,5406.17,123,0
2024-06-26 07:25,@MES#C,5406.33,5407.55,5406.13,5407.2,442,0
2024-06-26 07:26,@MES#C,5407.09,5407.51,5406.48,5407.34,463,0
2024-06-26 07:27,@MES#C,5407.59,5408.15,5407.37,5408.03,257,0
2024-06-26 07:28,@MES#C,5407.97,5408.66,5407.54,5408.46,253,0
2024-06-26 07:29,@MES#C,5408.78,5409.68,5407.9,5409.38,205,0
2024-06-26 07:30,@MES#C,5410.27,5410.46,5409.61,5409.84,332,0
2024-06-26 07:31,@MES#C,5408.71,5408.93,5408.51,5408.54,289,0
2024-06-26 07:32,@MES#C,5407.66,5408.5,5406.61,5406.74,387,0
2024-06-26 07:33,@MES#C,5407.11,5408.67,5406.0,5408.43,383,0
2024-06-26 07:34,@MES#C,5410.55,5410.63,5408.98,5409.44,123,0
2024-06-26 07:35,@MES#C,5409.67,5409.7,5407.96,5408.42,353,0
2024-06-26 07:36,@MES#C,5407.75,5407.8,5406.78,5406.91,185,0
2024-06-26 07:37,@MES#C,5405.96,5406.51,5405.54,5406.27,295,0
2024-06-26 07:38,@MES#C,5405.53,5406.0,5405.46,5405.61,342,0
2024-06-26 07:39,@MES#C,5405.57,5405.72,5404.77,5404.84,213,0
2024-06-26 07:40,@MES#C,5404.72,5405.28,5404.7,5405.0,447,0
2024-06-26 07:41,@MES#C,5405.26,5406.98,5404.93,5406.5,290,0
2024-06-26 07:42,@MES#C,5406.6,5407.05,5405.94,5406.0,469,0
2024-06-26 07:43,@MES#C,5405.81,5406.23,5404.95,5405.23,368,0
2024-06-26 07:44,@MES#C,5405.37,5405.64,5404.49,5405.35,359,0
2024-06-26 07:45,@MES#C,5404.75,5404.87,5403.89,5404.22,309,0
2024-06-26 07:46,@MES#C,5404.11,5405.27,5404.06,5404.96,110,0
2024-06-26 07:47,@MES#C,5404.82,5405.51,5404.76,5405.47,400,0
2024-06-26 07:48,@MES#C,5404.15,5404.59,5402.78,5403.61,204,0
2024-06-26 07:49,@MES#C,5404.01,5404.34,5402.8,5403.56,76,0
2024-06-26 07:50,@MES#C,5404.69,5404.74,5404.36,5404.62,206,0
2024-06-26 07:51,@MES#C,5404.08,5404.8,5403.99,5404.03,52,0
2024-06-26 07:52,@MES#C,5403.19,5403.24,5402.07,5402.37,168,0
2024-06-26 07:53,@MES#C,5401.08,5401.91,5401.06,5401.49,284,0
2024-06-26 07:54,@MES#C,5401.22,5402.32,5400.44,5402.25,88,0
2024-06-26 07:55,@MES#C,5403.39,5403.53,5402.78,5403.27,94,0
2024-06-26 07:56,@MES#C,5403.99,5404.44,5403.93,5404.31,62,0
2024-06-26 07:57,@MES#C,5405.39,5405.68,5404.67,5405.03,316,0
2024-06-26 07:58,@MES#C,5405.69,5406.02,5404.92,5405.14,87,0
2024-06-26 07:59,@MES#C,5406.39,5407.05,5405.38,5405.51,125,0
2024-06-26 08:00,@MES#C,5403.85,5405.19,5403.68,5404.81,244,0
2024-06-26 08:01,@MES#C,5403.55,5405.37,5403.04,5405.0,434,0
2024-06-26 08:02,@MES#C,5405.21,5405.61,5403.83,5404.23,499,0
2024-06-26 08:03,@MES#C,5403.92,5404.11,5403.9,5403.93,118,0
2024-06-26 08:04,@MES#C,5403.32,5403.57,5402.69,5402.98,232,0
2024-06-26 08:05,@MES#C,5403.59,5404.07,5402.97,5403.03,441,0
2024-06-26 08:06,@MES#C,5404.76,5404.82,5404.1,5404.14,193,0
2024-06-26 08:07,@MES#C,5403.77,5404.65,5403.43,5404.47,394,0
2024-06-26 08:08,@MES#C,5404.94,5406.11,5404.41,5405.47,476,0
2024-06-26 08:09,@MES#C,5406.45,5406.79,5405.76,5406.05,498,0
2024-06-26 08:10,@MES#C,5407.58,5407.81,5406.73,5407.0,324,0
2024-06-26 08:11,@MES#C,5406.83,5407.68,5406.51,5407.12,424,0
2024-06-26 08:12,@MES#C,5407.28,5408.15,5407.13,5407.37,451,0
2024-06-26 08:13,@MES#C,5407.45,5408.46,5407.43,5407.57,339,0
2024-06-26 08:14,@MES#C,5407.12,5408.37,5406.48,5408.24,235,0
2024-06-26 08:15,@MES#C,5407.24,5407.39,5406.14,5406.16,417,0
2024-06-26 08:16,@MES#C,5407.11,5407.72,5406.75,5407.49,393,0
2024-06-26 08:17,@MES#C,5408.6,5409.01,5408.09,5408.84,414,0
2024-06-26 08:18,@MES#C,5409.68,5410.88,5409.44,5410.75,86,0
2024-06-26 08:19,@MES#C,5410.41,5410.67,5410.08,5410.2,285,0
2024-06-26 08:20,@MES#C,5411.0,5411.57,5410.8,5411.22,91,0
2024-06-26 08:21,@MES#C,5411.07,5412.93,5410.74,5412.15,248,0
2024-06-26 08:22,@MES#C,5412.24,5412.33,5411.11,5411.43,475,0
2024-06-26 08:23,@MES#C,5410.14,5410.72,5410.14,5410.37,376,0
2024-06-26 08:24,@MES#C,5410.91,5411.54,5410.6,5411.52,293,0
2024-06-26 08:25,@MES#C,5411.72,5412.45,5411.5,5412.32,489,0
2024-06-26 08:26,@MES#C,5412.09,5413.14,5411.72,5412.7,318,0
2024-06-26 08:27,@MES#C,5412.35,5412.89,5411.04,5411.48,244,0
2024-06-26 08:28,@MES#C,5411.32,5411.44,5410.59,5410.95,197,0
2024-06-26 08:29,@MES#C,5411.04,5411.87,5410.18,5411.63,468,0
2024-06-26 08:30,@MES#C,5410.1,5410.81,5408.96,5409.15,57,0
2024-06-26 08:31,@MES#C,5409.5,5409.96,5409.11,5409.84,116,0
2024-06-26 08:32,@MES#C,5410.5,5411.46,5409.79,5410.89,98,0
2024-06-26 08:33,@MES#C,5409.91,5411.38,5409.77,5410.97,185,0
2024-06-26 08:34,@MES#C,5410.77,5411.07,5410.41,5410.51,128,0
2024-06-26 08:35,@MES#C,5409.86,5410.16,5409.67,5409.75,187,0
2024-06-26 08:36,@MES#C,5409.66,5410.87,5408.81,5410.76,471,0
2024-06-26 08:37,@MES#C,5411.12,5411.3,5410.67,5411.04,434,0
2024-06-26 08:38,@MES#C,5412.6,5413.32,5412.46,5412.63,194,0
2024-06-26 08:39,@MES#C,5412.75,5413.15,5411.84,5412.21,314,0
2024-06-26 08:40,@MES#C,5413.43,5414.1,5413.23,5413.38,340,0
2024-06-26 08:41,@MES#C,5413.03,5413.45,5411.98,5412.41,226,0
2024-06-26 08:42,@MES#C,5412.61,5413.0,5412.48,5412.9,362,0
2024-06-26 08:43,@MES#C,5412.73,5414.0,5412.24,5413.43,202,0
2024-06-26 08:44,@MES#C,5413.27,5414.52,5412.55,5413.77,101,0
2024-06-26 08:45,@MES#C,5414.79,5415.24,5414.47,5414.82,411,0
2024-06-26 08:46,@MES#C,5413.81,5414.55,5413.81,5414.14,141,0
2024-06-26 08:47,@MES#C,5412.89,5413.38,5412.52,5413.3,340,0
2024-06-26 08:48,@MES#C,5413.04,5413.35,5413.03,5413.13,87,0
2024-06-26 08:49,@MES#C,5414.21,5414.66,5413.22,5414.22,303,0
2024-06-26 08:50,@MES#C,5415.04,5415.46,5414.7,5415.38,204,0
2024-06-26 08:51,@MES#C,5415.53,5415.7,5415.21,5415.38,422,0
2024-06-26 08:52,@MES#C,5416.5,5417.09,5416.29,5416.43,300,0
2024-06-26 08:53,@MES#C,5418.36,5420.02,5418.04,5419.35,308,0
2024-06-26 08:54,@MES#C,5421.1,5421.2,5420.19,5421.05,282,0
2024-06-26 08:55,@MES#C,5420.19,5420.9,5419.47,5420.43,61,0
2024-06-26 08:56,@MES#C,5420.87,5422.65,5420.25,5422.24,459,0
2024-06-26 08:57,@MES#C,5422.41,5422.59,5421.82,5422.03,495,0
2024-06-26 08:58,@MES#C,5421.3,5421.48,5420.5,5420.54,107,0
2024-06-26 08:59,@MES#C,5420.78,5422.07,5420.61,5421.48,305,0
2024-06-26 09:00,@MES#C,5422.05,5422.6,5421.67,5422.25,226,0
2024-06-26 09:01,@MES#C,5421.63,5421.93,5421.42,5421.92,403,0
2024-06-26 09:02,@MES#C,5421.48,5421.64,5420.4,5420.84,329,0
2024-06-26 09:03,@MES#C,5421.6,5422.16,5420.94,5421.91,475,0
2024-06-26 09:04,@MES#C,5421.17,5421.47,5420.38,5420.77,303,0
2024-06-26 09:05,@MES#C,5422.54,5423.18,5421.44,5422.08,65,0
2024-06-26 09:06,@MES#C,5421.89,5422.67,5421.87,5422.18,137,0
2024-06-26 09:07,@MES#C,5421.68,5421.7,5419.98,5420.26,116,0
2024-06-26 09:08,@MES#C,5419.4,5420.23,5419.08,5419.65,178,0
2024-06-26 09:09,@MES#C,5419.33,5419.81,5418.99,5419.29,230,0
2024-06-26 09:10,@MES#C,5419.44,5419.8,5419.19,5419.6,142,0
2024-06-26 09:11,@MES#C,5420.37,5421.0,5420.2,5420.78,150,0
2024-06-26 09:12,@MES#C,5421.79,5422.7,5421.19,5422.47,364,0
2024-06-26 09:13,@MES#C,5422.22,5423.39,5421.98,5423.1,149,0
2024-06-26 09:14,@MES#C,5422.61,5422.61,5421.77,5422.29,102,0
2024-06-26 09:15,@MES#C,5422.17,5424.13,5421.53,5423.66,92,0
2024-06-26 09:16,@MES#C,5424.77,5424.93,5424.16,5424.52,278,0
2024-06-26 09:17,@MES#C,5424.52,5425.18,5423.61,5424.54,191,0
2024-06-26 09:18,@MES#C,5424.33,5424.62,5424.22,5424.37,183,0
2024-06-26 09:19,@MES#C,5424.37,5424.69,5424.27,5424.36,398,0
2024-06-26 09:20,@MES#C,5424.92,5425.01,5424.82,5424.91,360,0
2024-06-26 09:21,@MES#C,5425.17,5425.25,5425.03,5425.08,190,0
2024-06-26 09:22,@MES#C,5425.1,5425.33,5424.76,5425.07,326,0
2024-06-26 09:23,@MES#C,5426.49,5426.76,5425.37,5426.13,353,0
2024-06-26 09:24,@MES#C,5426.8,5427.19,5425.79,5425.92,76,0
2024-06-26 09:25,@MES#C,5425.32,5425.61,5424.65,5425.02,483,0
2024-06-26 09:26,@MES#C,5424.98,5425.31,5424.41,5424.75,271,0
2024-06-26 09:27,@MES#C,5425.59,5425.68,5424.85,5425.22,370,0
2024-06-26 09:28,@MES#C,5425.52,5427.1,5425.34,5427.05,267,0
2024-06-26 09:29,@MES#C,5425.88,5426.87,5425.46,5426.75,58,0
2024-06-26 09:30,@MES#C,5425.93,5426.31,5425.47,5425.94,490,0
2024-06-26 09:31,@MES#C,5425.87,5426.06,5424.61,5425.31,329,0
2024-06-26 09:32,@MES#C,5424.2,5424.58,5423.67,5423.76,181,0
2024-06-26 09:33,@MES#C,5424.53,5425.27,5424.29,5425.14,416,0
2024-06-26 09:34,@MES#C,5424.77,5425.47,5424.24,5424.94,288,0
2024-06-26 09:35,@MES#C,5424.75,5425.44,5423.97,5424.97,376,0
2024-06-26 09:36,@MES#C,5426.21,5426.34,5424.97,5425.17,315,0
2024-06-26 09:37,@MES#C,5426.6,5427.9,5426.53,5427.58,414,0
2024-06-26 09:38,@MES#C,5426.98,5427.07,5426.48,5426.86,404,0
2024-06-26 09:39,@MES#C,5424.77,5425.18,5423.54,5423.8,439,0
2024-06-26 09:40,@MES#C,5423.95,5424.44,5422.93,5423.31,173,0
2024-06-26 09:41,@MES#C,5422.86,5423.14,5422.11,5422.5,323,0
2024-06-26 09:42,@MES#C,5422.22,5422.54,5421.83,5421.89,244,0
2024-06-26 09:43,@MES#C,5420.97,5421.2,5420.45,5420.94,429,0
2024-06-26 09:44,@MES#C,5420.89,5422.27,5420.83,5421.92,297,0
2024-06-26 09:45,@MES#C,5420.76,5420.94,5420.12,5420.29,308,0
2024-06-26 09:46,@MES#C,5420.1,5420.35,5418.91,5419.12,170,0
2024-06-26 09:47,@MES#C,5418.83,5419.32,5418.69,5419.01,257,0
2024-06-26 09:48,@MES#C,5417.79,5418.47,5417.77,5418.32,276,0
2024-06-26 09:49,@MES#C,5418.06,5418.61,5416.95,5417.69,188,0
2024-06-26 09:50,@MES#C,5417.13,5417.55,5417.03,5417.07,378,0
2024-06-26 09:51,@MES#C,5417.69,5417.86,5417.35,5417.35,413,0
2024-06-26 09:52,@MES#C,5416.38,5416.64,5415.41,5415.79,178,0
2024-06-26 09:53,@MES#C,5416.39,5416.81,5416.27,5416.65,198,0
2024-06-26 09:54,@MES#C,5416.98,5417.82,5416.66,5417.26,51,0
2024-06-26 09:55,@MES#C,5418.15,5420.01,5417.52,5419.14,150,0
2024-06-26 09:56,@MES#C,5419.21,5420.02,5418.63,5419.82,188,0
2024-06-26 09:57,@MES#C,5418.73,5418.93,5418.58,5418.66,466,0
2024-06-26 09:58,@MES#C,5419.19,5419.43,5418.71,5419.15,171,0
2024-06-26 09:59,@MES#C,5419.31,5419.62,5417.34,5418.14,300,0
2024-06-26 10:00,@MES#C,5417.64,5418.84,5417.36,5418.36,214,0
2024-06-26 10:01,@MES#C,5419.52,5419.95,5418.98,5419.6,386,0
2024-06-26 10:02,@MES#C,5418.35,5418.52,5417.91,5418.36,315,0
2024-06-26 10:03,@MES#C,5418.52,5418.67,5418.49,5418.61,294,0
2024-06-26 10:04,@MES#C,5417.93,5418.18,5417.75,5418.1,475,0
2024-06-26 10:05,@MES#C,5418.92,5419.74,5418.88,5419.33,348,0
2024-06-26 10:06,@MES#C,5418.6,5419.02,5418.09,5418.65,432,0
2024-06-26 10:07,@MES#C,5419.58,5420.32,5419.41,5420.21,190,0
2024-06-26 10:08,@MES#C,5421.6,5422.14,5421.1,5421.5,217,0
2024-06-26 10:09,@MES#C,5422.71,5422.86,5422.1,5422.85,169,0
2024-06-26 10:10,@MES#C,5421.62,5421.98,5420.39,5421.27,444,0
2024-06-26 10:11,@MES#C,5420.82,5421.52,5420.58,5421.37,261,0
2024-06-26 10:12,@MES#C,5421.0,5421.04,5420.18,5420.55,113,0
2024-06-26 10:13,@MES#C,5419.98,5420.07,5419.04,5419.26,107,0
2024-06-26 10:14,@MES#C,5419.21,5419.38,5418.95,5419.06,473,0
2024-06-26 10:15,@MES#C,5420.64,5421.73,5420.31,5421.09,410,0
2024-06-26 10:16,@MES#C,5419.81,5420.15,5419.52,5419.8,189,0
2024-06-26 10:17,@MES#C,5417.77,5418.66,5417.15,5418.52,103,0
2024-06-26 10:18,@MES#C,5419.1,5419.36,5418.7,5419.2,477,0
2024-06-26 10:19,@MES#C,5418.03,5418.67,5417.68,5417.94,352,0
2024-06-26 10:20,@MES#C,5419.06,5419.33,5417.96,5418.31,430,0
2024-06-26 10:21,@MES#C,5418.64,5418.9,5417.95,5418.38,129,0
2024-06-26 10:22,@MES#C,5419.26,5419.81,5418.0,5418.59,441,0
2024-06-26 10:23,@MES#C,5418.09,5418.39,5417.61,5418.0,218,0
2024-06-26 10:24,@MES#C,5417.12,5417.46,5416.6,5417.12,357,0
2024-06-26 10:25,@MES#C,5417.09,5417.35,5416.74,5417.03,241,0
2024-06-26 10:26,@MES#C,5417.32,5417.55,5417.08,5417.41,103,0
2024-06-26 10:27,@MES#C,5416.74,5417.38,5416.56,5417.27,474,0
2024-06-26 10:28,@MES#C,5417.46,5418.1,5417.04,5417.67,305,0
2024-06-26 10:29,@MES#C,5417.69,5417.9,5416.98,5417.38,215,0
2024-06-26 10:30,@MES#C,5415.99,5417.19,5415.34,5416.4,335,0
2024-06-26 10:31,@MES#C,5417.0,5417.33,5416.93,5416.97,365,0
2024-06-26 10:32,@MES#C,5416.51,5417.46,5415.91,5416.37,140,0
2024-06-26 10:33,@MES#C,5417.32,5418.34,5416.42,5418.17,75,0
2024-06-26 10:34,@MES#C,5417.66,5419.1,5417.11,5418.45,412,0
2024-06-26 10:35,@MES#C,5417.41,5417.41,5416.76,5417.38,286,0
2024-06-26 10:36,@MES#C,5417.57,5417.61,5417.41,5417.58,307,0
2024-06-26 10:37,@MES#C,5417.0,5417.55,5415.71,5416.36,495,0
2024-06-26 10:38,@MES#C,5417.67,5417.91,5416.14,5416.53,63,0
2024-06-26 10:39,@MES#C,5415.47,5415.76,5415.39,5415.73,331,0
2024-06-26 10:40,@MES#C,5415.23,5415.46,5414.24,5415.21,356,0
2024-06-26 10:41,@MES#C,5414.91,5415.62,5413.93,5414.59,339,0
2024-06-26 10:42,@MES#C,5414.87,5415.44,5414.4,5414.73,499,0
2024-06-26 10:43,@MES#C,5414.04,5414.89,5413.97,5414.19,62,0
2024-06-26 10:44,@MES#C,5413.03,5413.14,5412.38,5412.52,118,0
2024-06-26 10:45,@MES#C,5412.77,5413.81,5412.31,5413.81,279,0
2024-06-26 10:46,@MES#C,5414.73,5415.58,5414.64,5415.49,141,0
2024-06-26 10:47,@MES#C,5415.32,5415.55,5413.73,5414.09,233,0
2024-06-26 10:48,@MES#C,5415.24,5415.33,5414.7,5414.8,204,0
2024-06-26 10:49,@MES#C,5414.9,5415.0,5414.6,5414.92,110,0
2024-06-26 10:50,@MES#C,5415.89,5415.96,5415.27,5415.44,264,0
2024-06-26 10:51,@MES#C,5414.15,5414.35,5414.09,5414.16,234,0
2024-06-26 10:52,@MES#C,5414.16,5414.97,5413.99,5414.41,389,0
2024-06-26 10:53,@MES#C,5414.33,5415.93,5414.07,5415.46,328,0
2024-06-26 10:54,@MES#C,5416.39,5416.55,5414.73,5414.97,288,0
2024-06-26 10:55,@MES#C,5414.45,5414.59,5413.98,5414.1,397,0
2024-06-26 10:56,@MES#C,5413.71,5414.18,5413.01,5413.5,185,0
2024-06-26 10:57,@MES#C,5414.47,5414.62,5414.31,5414.35,159,0
2024-06-26 10:58,@MES#C,5414.52,5414.72,5413.82,5414.2,268,0
2024-06-26 10:59,@MES#C,5412.43,5413.21,5412.16,5413.13,56,0
2024-06-26 11:00,@MES#C,5413.52,5413.85,5413.36,5413.85,490,0
2024-06-26 11:01,@MES#C,5412.91,5413.18,5412.28,5412.85,476,0
2024-06-26 11:02,@MES#C,5413.15,5413.26,5412.67,5412.72,325,0
2024-06-26 11:03,@MES#C,5412.94,5413.53,5412.08,5412.98,390,0
2024-06-26 11:04,@MES#C,5412.68,5413.16,5412.18,5413.01,390,0
2024-06-26 11:05,@MES#C,5414.1,5415.21,5413.62,5414.79,333,0
2024-06-26 11:06,@MES#C,5414.81,5415.65,5414.58,5415.54,342,0
2024-06-26 11:07,@MES#C,5417.07,5417.87,5416.46,5416.6,370,0
2024-06-26 11:08,@MES#C,5414.64,5415.66,5413.84,5413.99,109,0
2024-06-26 11:09,@MES#C,5414.01,5414.36,5413.12,5413.47,436,0
2024-06-26 11:10,@MES#C,5413.69,5414.73,5412.8,5413.0,163,0
2024-06-26 11:11,@MES#C,5412.77,5413.07,5412.12,5412.43,292,0
2024-06-26 11:12,@MES#C,5413.78,5414.63,5412.98,5413.44,335,0
2024-06-26 11:13,@MES#C,5413.24,5413.71,5412.85,5413.16,299,0
2024-06-26 11:14,@MES#C,5413.67,5413.9,5413.11,5413.27,207,0
2024-06-26 11:15,@MES#C,5412.57,5413.36,5412.5,5413.06,209,0
2024-06-26 11:16,@MES#C,5412.68,5413.88,5412.52,5413.64,166,0
2024-06-26 11:17,@MES#C,5414.46,5414.59,5414.41,5414.53,184,0
2024-06-26 11:18,@MES#C,5414.8,5415.28,5414.26,5414.77,112,0
2024-06-26 11:19,@MES#C,5415.86,5416.15,5415.46,5415.87,373,0
2024-06-26 11:20,@MES#C,5416.69,5417.49,5415.9,5417.23,101,0
2024-06-26 11:21,@MES#C,5417.11,5417.26,5416.19,5416.98,311,0
2024-06-26 11:22,@MES#C,5418.08,5418.15,5416.9,5417.47,381,0
2024-06-26 11:23,@MES#C,5416.84,5416.92,5415.88,5416.16,266,0
2024-06-26 11:24,@MES#C,5415.7,5416.12,5415.37,5415.8,83,0
2024-06-26 11:25,@MES#C,5415.82,5416.73,5415.39,5416.14,372,0
2024-06-26 11:26,@MES#C,5415.89,5417.38,5415.49,5416.59,350,0
2024-06-26 11:27,@MES#C,5416.9,5417.2,5416.45,5416.55,421,0
2024-06-26 11:28,@MES#C,5417.79,5418.39,5416.78,5417.01,252,0
2024-06-26 11:29,@MES#C,5418.28,5418.59,5417.99,5418.47,399,0
2024-06-26 11:30,@MES#C,5418.33,5418.73,5417.99,5418.65,333,0
2024-06-26 11:31,@MES#C,5417.84,5417.86,5416.38,5416.99,215,0
2024-06-26 11:32,@MES#C,5416.44,5417.03,5415.38,5415.77,496,0
2024-06-26 11:33,@MES#C,5415.97,5417.03,5415.96,5416.98,321,0
2024-06-26 11:34,@MES#C,5418.02,5418.71,5417.78,5418.54,53,0
2024-06-26 11:35,@MES#C,5417.46,5418.03,5416.56,5417.08,242,0
2024-06-26 11:36,@MES#C,5417.43,5417.91,5416.0,5416.27,474,0
2024-06-26 11:37,@MES#C,5415.27,5415.98,5414.96,5415.13,167,0
2024-06-26 11:38,@MES#C,5415.3,5415.96,5414.2,5414.69,52,0
2024-06-26 11:39,@MES#C,5414.75,5415.37,5414.69,5414.98,217,0
2024-06-26 11:40,@MES#C,5416.16,5417.64,5416.09,5417.33,98,0
2024-06-26 11:41,@MES#C,5418.41,5419.0,5416.99,5417.21,461,0
2024-06-26 11:42,@MES#C,5416.78,5416.91,5416.12,5416.57,479,0
2024-06-26 11:43,@MES#C,5416.99,5417.27,5416.86,5417.12,338,0
2024-06-26 11:44,@MES#C,5417.67,5418.7,5417.5,5418.31,271,0
2024-06-26 11:45,@MES#C,5419.0,5421.1,5418.97,5420.61,89,0
2024-06-26 11:46,@MES#C,5419.88,5420.01,5419.52,5419.72,106,0
2024-06-26 11:47,@MES#C,5420.68,5421.33,5419.79,5419.84,130,0
2024-06-26 11:48,@MES#C,5419.17,5419.42,5418.11,5418.41,265,0
2024-06-26 11:49,@MES#C,5417.92,5417.92,5417.19,5417.59,50,0
2024-06-26 11:50,@MES#C,5418.77,5418.95,5418.7,5418.86,178,0
2024-06-26 11:51,@MES#C,5419.17,5420.72,5419.08,5419.97,478,0
2024-06-26 11:52,@MES#C,5420.24,5420.61,5419.7,5420.22,176,0
2024-06-26 11:53,@MES#C,5419.62,5419.96,5418.38,5418.56,328,0
2024-06-26 11:54,@MES#C,5418.47,5418.52,5417.44,5417.92,263,0
2024-06-26 11:55,@MES#C,5416.67,5416.68,5416.1,5416.29,85,0
2024-06-26 11:56,@MES#C,5416.81,5417.57,5416.59,5417.46,485,0
2024-06-26 11:57,@MES#C,5417.47,5417.88,5416.15,5416.69,340,0
2024-06-26 11:58,@MES#C,5416.58,5417.29,5416.55,5416.71,139,0
2024-06-26 11:59,@MES#C,5415.86,5416.31,5415.24,5415.48,306,0
2024-06-26 12:00,@MES#C,5415.35,5416.02,5415.19,5415.84,235,0
2024-06-26 12:01,@MES#C,5415.82,5417.59,5415.31,5416.94,106,0
2024-06-26 12:02,@MES#C,5418.27,5418.86,5417.7,5418.73,150,0
2024-06-26 12:03,@MES#C,5418.16,5418.39,5417.55,5417.93,73,0
2024-06-26 12:04,@MES#C,5418.82,5418.83,5417.78,5418.35,60,0
2024-06-26 12:05,@MES#C,5417.43,5417.47,5416.3,5416.72,444,0
2024-06-26 12:06,@MES#C,5417.07,5417.43,5416.94,5417.38,457,0
2024-06-26 12:07,@MES#C,5416.93,5417.92,5416.59,5417.43,375,0
2024-06-26 12:08,@MES#C,5416.87,5417.46,5416.36,5416.55,469,0
2024-06-26 12:09,@MES#C,5415.71,5416.68,5414.86,5416.5,310,0
2024-06-26 12:10,@MES#C,5415.96,5416.32,5415.6,5415.87,265,0
2024-06-26 12:11,@MES#C,5416.25,5417.4,5415.99,5416.87,160,0
2024-06-26 12:12,@MES#C,5416.09,5416.19,5415.2,5415.29,370,0
2024-06-26 12:13,@MES#C,5415.86,5416.98,5415.39,5416.39,51,0
2024-06-26 12:14,@MES#C,5417.59,5418.87,5416.92,5418.72,306,0
2024-06-26 12:15,@MES#C,5418.35,5419.56,5418.1,5419.56,497,0
2024-06-26 12:16,@MES#C,5419.01,5419.36,5418.18,5418.22,297,0
2024-06-26 12:17,@MES#C,5418.72,5419.31,5418.28,5419.22,434,0
2024-06-26 12:18,@MES#C,5418.52,5418.88,5417.54,5417.7,143,0
2024-06-26 12:19,@MES#C,5417.8,5418.27,5417.51,5417.63,409,0
2024-06-26 12:20,@MES#C,5417.45,5418.28,5417.21,5418.0,301,0
2024-06-26 12:21,@MES#C,5418.21,5418.91,5417.45,5418.68,369,0
2024-06-26 12:22,@MES#C,5418.98,5419.42,5418.67,5419.4,378,0
2024-06-26 12:23,@MES#C,5420.42,5420.71,5419.64,5419.81,317,0
2024-06-26 12:24,@MES#C,5420.54,5420.86,5420.08,5420.24,426,0
2024-06-26 12:25,@MES#C,5419.25,5420.73,5418.85,5420.41,243,0
2024-06-26 12:26,@MES#C,5420.22,5421.84,5419.75,5420.97,456,0
2024-06-26 12:27,@MES#C,5421.18,5421.98,5420.73,5420.78,143,0
2024-06-26 12:28,@MES#C,5420.21,5420.25,5419.96,5420.03,61,0
2024-06-26 12:29,@MES#C,5420.03,5420.17,5418.96,5419.2,180,0
2024-06-26 12:30,@MES#C,5418.67,5419.08,5418.58,5419.07,196,0
2024-06-26 12:31,@MES#C,5417.68,5418.17,5416.54,5417.28,487,0
2024-06-26 12:32,@MES#C,5419.1,5419.32,5418.78,5419.13,313,0
2024-06-26 12:33,@MES#C,5419.39,5420.12,5419.18,5419.94,441,0
2024-06-26 12:34,@MES#C,5419.21,5419.42,5418.53,5419.01,82,0
2024-06-26 12:35,@MES#C,5418.67,5418.71,5418.29,5418.51,498,0
2024-06-26 12:36,@MES#C,5418.66,5419.03,5418.16,5418.51,440,0
2024-06-26 12:37,@MES#C,5418.16,5418.45,5417.84,5418.05,447,0
2024-06-26 12:38,@MES#C,5417.6,5417.86,5417.26,5417.43,467,0
2024-06-26 12:39,@MES#C,5418.4,5419.79,5418.18,5419.57,369,0
2024-06-26 12:40,@MES#C,5419.18,5419.94,5418.59,5419.68,434,0
2024-06-26 12:41,@MES#C,5418.68,5419.29,5418.23,5418.94,373,0
2024-06-26 12:42,@MES#C,5419.95,5420.77,5419.95,5420.27,322,0
2024-06-26 12:43,@MES#C,5420.86,5420.89,5420.26,5420.32,268,0
2024-06-26 12:44,@MES#C,5420.12,5420.28,5418.58,5419.13,247,0
2024-06-26 12:45,@MES#C,5418.85,5419.2,5417.16,5418.4,330,0
2024-06-26 12:46,@MES#C,5417.72,5417.97,5417.46,5417.62,400,0
2024-06-26 12:47,@MES#C,5418.03,5419.09,5417.62,5418.64,84,0
2024-06-26 12:48,@MES#C,5419.0,5419.77,5418.68,5419.59,305,0
2024-06-26 12:49,@MES#C,5418.41,5418.67,5417.57,5417.75,465,0
2024-06-26 12:50,@MES#C,5417.93,5418.92,5417.54,5418.55,252,0
2024-06-26 12:51,@MES#C,5417.91,5418.65,5417.43,5417.55,128,0
2024-06-26 12:52,@MES#C,5418.78,5419.19,5418.14,5418.16,487,0
2024-06-26 12:53,@MES#C,5417.45,5417.57,5416.71,5416.87,133,0
2024-06-26 12:54,@MES#C,5418.35,5418.55,5417.14,5417.49,219,0
2024-06-26 12:55,@MES#C,5417.57,5418.3,5417.56,5417.57,195,0
2024-06-26 12:56,@MES#C,5416.61,5417.12,5416.42,5416.61,412,0
2024-06-26 12:57,@MES#C,5416.19,5416.46,5416.01,5416.23,349,0
2024-06-26 12:58,@MES#C,5416.15,5416.81,5415.86,5416.28,445,0
2024-06-26 12:59,@MES#C,5416.96,5417.6,5416.75,5417.01,246,0
2024-06-26 13:00,@MES#C,5416.83,5417.4,5415.79,5416.09,106,0
2024-06-26 13:01,@MES#C,5417.83,5418.34,5415.91,5417.06,492,0
2024-06-26 13:02,@MES#C,5417.79,5418.22,5417.3,5418.18,104,0
2024-06-26 13:03,@MES#C,5418.33,5418.91,5418.07,5418.8,56,0
2024-06-26 13:04,@MES#C,5418.7,5419.66,5418.23,5419.41,367,0
2024-06-26 13:05,@MES#C,5420.39,5420.78,5419.73,5420.67,257,0
2024-06-26 13:06,@MES#C,5419.36,5420.3,5418.93,5420.11,342,0
2024-06-26 13:07,@MES#C,5419.11,5419.52,5418.73,5418.82,449,0
2024-06-26 13:08,@MES#C,5418.32,5418.58,5417.24,5417.94,338,0
2024-06-26 13:09,@MES#C,5420.18,5420.54,5420.01,5420.31,490,0
2024-06-26 13:10,@MES#C,5420.3,5420.84,5419.98,5420.42,111,0
2024-06-26 13:11,@MES#C,5419.18,5419.59,5418.79,5419.44,72,0
2024-06-26 13:12,@MES#C,5421.02,5421.47,5420.37,5420.45,196,0
2024-06-26 13:13,@MES#C,5420.45,5420.64,5420.4,5420.54,69,0
2024-06-26 13:14,@MES#C,5419.98,5420.41,5419.78,5420.37,159,0
2024-06-26 13:15,@MES#C,5420.27,5421.42,5419.76,5420.93,150,0
2024-06-26 13:16,@MES#C,5421.48,5421.51,5421.38,5421.48,309,0
2024-06-26 13:17,@MES#C,5422.05,5422.53,5422.01,5422.2,260,0
2024-06-26 13:18,@MES#C,5422.73,5423.2,5420.92,5421.91,344,0
2024-06-26 13:19,@MES#C,5423.19,5423.55,5422.59,5422.72,366,0
2024-06-26 13:20,@MES#C,5422.38,5423.4,5421.51,5421.52,72,0
2024-06-26 13:21,@MES#C,5420.99,5421.06,5420.36,5420.88,273,0
2024-06-26 13:22,@MES#C,5420.82,5422.1,5420.65,5421.93,454,0
2024-06-26 13:23,@MES#C,5422.89,5423.78,5422.89,5423.68,385,0
2024-06-26 13:24,@MES#C,5421.69,5422.13,5421.22,5421.57,96,0
2024-06-26 13:25,@MES#C,5422.93,5423.22,5422.52,5422.7,54,0
2024-06-26 13:26,@MES#C,5421.8,5422.29,5421.56,5422.18,346,0
2024-06-26 13:27,@MES#C,5422.13,5422.28,5420.79,5420.82,174,0
2024-06-26 13:28,@MES#C,5419.94,5420.05,5419.18,5419.88,473,0
2024-06-26 13:29,@MES#C,5420.15,5420.37,5419.38,5419.49,190,0
2024-06-26 13:30,@MES#C,5419.32,5419.46,5419.12,5419.32,221,0
2024-06-26 13:31,@MES#C,5419.08,5419.22,5418.93,5419.02,216,0
2024-06-26 13:32,@MES#C,5419.53,5419.91,5419.4,5419.72,57,0
2024-06-26 13:33,@MES#C,5418.58,5419.29,5416.69,5417.58,207,0
2024-06-26 13:34,@MES#C,5418.53,5419.01,5417.16,5418.04,105,0
2024-06-26 13:35,@MES#C,5419.2,5419.77,5418.43,5419.63,343,0
2024-06-26 13:36,@MES#C,5418.57,5419.55,5418.54,5419.41,434,0
2024-06-26 13:37,@MES#C,5418.36,5418.78,5418.25,5418.61,295,0
2024-06-26 13:38,@MES#C,5418.15,5418.32,5416.95,5417.2,54,0
2024-06-26 13:39,@MES#C,5417.23,5417.85,5417.2,5417.77,224,0
2024-06-26 13:40,@MES#C,5417.38,5418.07,5417.16,5417.96,271,0
2024-06-26 13:41,@MES#C,5418.84,5418.87,5417.45,5418.39,265,0
2024-06-26 13:42,@MES#C,5419.04,5420.22,5418.61,5420.0,285,0
2024-06-26 13:43,@MES#C,5420.29,5421.62,5420.29,5421.51,107,0
2024-06-26 13:44,@MES#C,5420.78,5421.54,5420.38,5421.32,114,0
2024-06-26 13:45,@MES#C,5421.76,5422.05,5421.36,5421.37,368,0
2024-06-26 13:46,@MES#C,5420.94,5421.28,5420.37,5420.71,338,0
2024-06-26 13:47,@MES#C,5420.5,5421.35,5420.49,5420.7,137,0
2024-06-26 13:48,@MES#C,5420.51,5421.5,5420.03,5420.67,476,0
2024-06-26 13:49,@MES#C,5420.1,5420.45,5419.04,5419.14,264,0
2024-06-26 13:50,@MES#C,5419.26,5419.29,5418.63,5418.84,426,0
2024-06-26 13:51,@MES#C,5419.19,5419.23,5418.26,5418.72,115,0
2024-06-26 13:52,@MES#C,5419.7,5420.61,5419.69,5420.5,470,0
2024-06-26 13:53,@MES#C,5419.05,5419.12,5418.2,5418.25,402,0
2024-06-26 13:54,@MES#C,5419.38,5420.44,5419.05,5420.16,371,0
2024-06-26 13:55,@MES#C,5420.71,5421.69,5420.51,5421.19,414,0
2024-06-26 13:56,@MES#C,5422.01,5422.52,5420.87,5420.88,259,0
2024-06-26 13:57,@MES#C,5419.25,5419.79,5418.85,5419.02,218,0
2024-06-26 13:58,@MES#C,5419.59,5420.04,5419.51,5419.61,112,0
2024-06-26 13:59,@MES#C,5419.66,5420.82,5419.61,5420.62,493,0
2024-06-26 14:00,@MES#C,5422.42,5423.44,5422.29,5423.12,432,0
2024-06-26 14:01,@MES#C,5423.73,5423.88,5422.35,5422.42,145,0
2024-06-26 14:02,@MES#C,5422.02,5422.64,5421.18,5421.9,291,0
2024-06-26 14:03,@MES#C,5422.27,5422.5,5420.47,5420.82,313,0
2024-06-26 14:04,@MES#C,5420.6,5421.76,5420.06,5421.34,166,0
2024-06-26 14:05,@MES#C,5420.99,5421.57,5419.83,5420.15,280,0
2024-06-26 14:06,@MES#C,5419.64,5420.23,5419.43,5419.81,114,0
2024-06-26 14:07,@MES#C,5419.6,5420.02,5419.42,5419.96,181,0
2024-06-26 14:08,@MES#C,5421.48,5422.23,5419.92,5420.08,220,0
2024-06-26 14:09,@MES#C,5418.93,5419.3,5417.94,5418.3,467,0
2024-06-26 14:10,@MES#C,5419.27,5420.88,5418.72,5420.25,270,0
2024-06-26 14:11,@MES#C,5421.28,5421.56,5421.19,5421.53,88,0
2024-06-26 14:12,@MES#C,5421.49,5421.69,5420.74,5420.81,202,0
2024-06-26 14:13,@MES#C,5421.27,5421.36,5420.97,5421.02,489,0
2024-06-26 14:14,@MES#C,5421.73,5422.22,5421.6,5421.86,268,0
2024-06-26 14:15,@MES#C,5422.27,5423.14,5422.0,5422.89,117,0
2024-06-26 14:16,@MES#C,5421.51,5421.62,5420.86,5421.44,212,0
2024-06-26 14:17,@MES#C,5421.93,5422.07,5420.53,5420.87,56,0
2024-06-26 14:18,@MES#C,5422.85,5422.88,5422.4,5422.45,380,0
2024-06-26 14:19,@MES#C,5422.03,5422.31,5421.11,5422.27,368,0
2024-06-26 14:20,@MES#C,5421.82,5422.67,5421.33,5422.43,341,0
2024-06-26 14:21,@MES#C,5423.46,5424.09,5423.43,5423.43,199,0
2024-06-26 14:22,@MES#C,5421.79,5422.48,5421.64,5422.3,141,0
2024-06-26 14:23,@MES#C,5423.6,5424.23,5423.11,5423.29,434,0
2024-06-26 14:24,@MES#C,5422.54,5423.36,5422.52,5423.34,193,0
2024-06-26 14:25,@MES#C,5422.97,5423.75,5422.75,5423.23,330,0
2024-06-26 14:26,@MES#C,5422.89,5423.52,5422.77,5422.93,372,0
2024-06-26 14:27,@MES#C,5425.13,5425.2,5424.72,5424.87,293,0
2024-06-26 14:28,@MES#C,5424.65,5425.06,5424.48,5424.69,113,0
2024-06-26 14:29,@MES#C,5425.53,5425.8,5425.08,5425.65,491,0
2024-06-26 14:30,@MES#C,5424.76,5426.47,5424.62,5426.26,222,0
2024-06-26 14:31,@MES#C,5425.32,5426.81,5425.09,5425.9,210,0
2024-06-26 14:32,@MES#C,5426.18,5426.71,5425.29,5426.31,437,0
2024-06-26 14:33,@MES#C,5426.12,5426.69,5426.11,5426.44,89,0
2024-06-26 14:34,@MES#C,5425.56,5426.02,5424.58,5425.08,357,0
2024-06-26 14:35,@MES#C,5425.29,5426.69,5425.11,5426.01,279,0
2024-06-26 14:36,@MES#C,5427.62,5428.25,5427.58,5427.8,376,0
2024-06-26 14:37,@MES#C,5425.77,5426.02,5425.11,5425.87,100,0
2024-06-26 14:38,@MES#C,5425.94,5425.95,5425.72,5425.85,111,0
2024-06-26 14:39,@MES#C,5424.69,5425.03,5424.18,5424.28,324,0
2024-06-26 14:40,@MES#C,5424.22,5424.37,5423.3,5423.6,388,0
2024-06-26 14:41,@MES#C,5423.22,5423.49,5421.46,5421.65,312,0
2024-06-26 14:42,@MES#C,5420.92,5421.25,5420.66,5420.68,253,0
2024-06-26 14:43,@MES#C,5419.47,5420.24,5419.11,5419.29,85,0
2024-06-26 14:44,@MES#C,5418.45,5419.38,5418.04,5419.22,220,0
2024-06-26 14:45,@MES#C,5418.4,5418.51,5417.05,5417.77,123,0
2024-06-26 14:46,@MES#C,5418.1,5418.18,5417.86,5417.88,115,0
2024-06-26 14:47,@MES#C,5418.86,5419.06,5418.74,5419.02,217,0
2024-06-26 14:48,@MES#C,5419.41,5419.75,5418.75,5419.17,264,0
2024-06-26 14:49,@MES#C,5419.93,5421.12,5419.78,5420.91,444,0
2024-06-26 14:50,@MES#C,5423.47,5424.03,5423.36,5423.6,198,0
2024-06-26 14:51,@MES#C,5422.56,5423.0,5422.0,5422.11,484,0
2024-06-26 14:52,@MES#C,5422.02,5422.95,5421.44,5422.67,474,0
2024-06-26 14:53,@MES#C,5423.13,5423.56,5422.67,5423.29,96,0
2024-06-26 14:54,@MES#C,5423.07,5424.08,5422.81,5423.74,158,0
2024-06-26 14:55,@MES#C,5423.78,5423.91,5422.71,5423.56,274,0
2024-06-26 14:56,@MES#C,5423.73,5424.07,5423.42,5423.7,394,0
2024-06-26 14:57,@MES#C,5425.54,5425.63,5425.3,5425.52,466,0
2024-06-26 14:58,@MES#C,5425.8,5426.95,5425.49,5426.72,291,0
2024-06-26 14:59,@MES#C,5427.5,5427.64,5427.08,5427.37,114,0
2024-06-26 15:00,@MES#C,5427.66,5428.2,5426.87,5427.17,334,0
2024-06-26 15:01,@MES#C,5426.79,5427.28,5426.16,5427.01,51,0
2024-06-26 15:02,@MES#C,5427.31,5428.64,5427.23,5427.7,317,0
2024-06-26 15:03,@MES#C,5428.17,5428.78,5427.75,5428.65,301,0
2024-06-26 15:04,@MES#C,5427.21,5428.15,5426.74,5427.87,479,0
2024-06-26 15:05,@MES#C,5428.51,5428.86,5427.56,5427.61,253,0
2024-06-26 15:06,@MES#C,5428.14,5429.24,5427.79,5429.14,313,0
2024-06-26 15:07,@MES#C,5428.59,5430.23,5428.15,5429.93,468,0
2024-06-26 15:08,@MES#C,5429.74,5430.02,5429.53,5429.74,273,0
2024-06-26 15:09,@MES#C,5429.2,5429.21,5428.6,5428.93,347,0
2024-06-26 15:10,@MES#C,5429.16,5429.4,5428.82,5429.33,248,0
2024-06-26 15:11,@MES#C,5428.92,5429.39,5428.42,5428.95,173,0
2024-06-26 15:12,@MES#C,5430.69,5430.85,5430.34,5430.65,234,0
2024-06-26 15:13,@MES#C,5430.55,5430.78,5430.2,5430.31,442,0
2024-06-26 15:14,@MES#C,5430.64,5430.76,5430.36,5430.75,398,0
2024-06-26 15:15,@MES#C,5430.38,5430.92,5430.06,5430.65,122,0
2024-06-26 15:16,@MES#C,5430.65,5430.95,5429.96,5430.88,404,0
2024-06-26 15:17,@MES#C,5430.58,5430.81,5429.91,5429.96,393,0
2024-06-26 15:18,@MES#C,5429.05,5429.67,5427.99,5428.63,181,0
2024-06-26 15:19,@MES#C,5427.69,5427.77,5426.85,5427.24,226,0
2024-06-26 15:20,@MES#C,5427.7,5428.85,5427.29,5428.51,293,0
2024-06-26 15:21,@MES#C,5428.32,5428.95,5427.62,5428.6,75,0
2024-06-26 15:22,@MES#C,5429.45,5431.05,5429.42,5429.99,263,0
2024-06-26 15:23,@MES#C,5430.13,5430.16,5428.89,5429.58,289,0
2024-06-26 15:24,@MES#C,5429.16,5429.54,5428.65,5429.09,352,0
2024-06-26 15:25,@MES#C,5430.75,5430.94,5430.11,5430.84,142,0
2024-06-26 15:26,@MES#C,5430.35,5431.04,5430.3,5430.98,93,0
2024-06-26 15:27,@MES#C,5429.82,5430.38,5429.33,5429.76,289,0
2024-06-26 15:28,@MES#C,5429.66,5431.1,5429.27,5430.6,297,0
2024-06-26 15:29,@MES#C,5431.06,5431.09,5430.57,5430.89,217,0
2024-06-26 15:30,@MES#C,5431.11,5431.24,5430.65,5431.23,101,0
2024-06-26 15:31,@MES#C,5430.81,5431.31,5429.35,5430.21,124,0
2024-06-26 15:32,@MES#C,5431.77,5432.26,5431.74,5432.16,260,0
2024-06-26 15:33,@MES#C,5431.82,5433.43,5431.7,5432.61,118,0
2024-06-26 15:34,@MES#C,5433.25,5433.35,5432.51,5432.75,411,0
2024-06-26 15:35,@MES#C,5431.71,5432.09,5430.28,5430.89,432,0
2024-06-26 15:36,@MES#C,5429.72,5430.21,5429.01,5429.13,197,0
2024-06-26 15:37,@MES#C,5428.37,5429.5,5428.02,5428.75,221,0
2024-06-26 15:38,@MES#C,5430.13,5430.36,5429.97,5430.35,75,0
2024-06-26 15:39,@MES#C,5431.83,5432.36,5431.67,5432.15,124,0
2024-06-26 15:40,@MES#C,5432.82,5432.86,5431.09,5432.24,87,0
2024-06-26 15:41,@MES#C,5432.43,5432.68,5432.35,5432.59,379,0
2024-06-26 15:42,@MES#C,5432.67,5432.76,5432.32,5432.52,51,0
2024-06-26 15:43,@MES#C,5432.31,5432.92,5431.94,5432.66,491,0
2024-06-26 15:44,@MES#C,5433.24,5433.9,5432.94,5433.49,292,0
2024-06-26 15:45,@MES#C,5432.88,5433.65,5432.48,5433.27,269,0
2024-06-26 15:46,@MES#C,5432.72,5433.0,5431.92,5432.14,410,0
2024-06-26 15:47,@MES#C,5432.2,5432.21,5431.08,5431.54,171,0
2024-06-26 15:48,@MES#C,5432.05,5432.56,5431.95,5432.55,86,0
2024-06-26 15:49,@MES#C,5432.42,5432.66,5431.4,5431.86,480,0
2024-06-26 15:50,@MES#C,5431.69,5431.97,5431.23,5431.33,415,0
2024-06-26 15:51,@MES#C,5432.21,5432.9,5432.11,5432.77,487,0
2024-06-26 15:52,@MES#C,5430.88,5432.02,5430.11,5431.1,382,0
2024-06-26 15:53,@MES#C,5431.32,5431.93,5430.86,5431.05,66,0
2024-06-26 15:54,@MES#C,5430.85,5432.3,5430.64,5431.68,465,0
2024-06-26 15:55,@MES#C,5431.24,5431.25,5429.95,5430.37,302,0
2024-06-26 15:56,@MES#C,5430.11,5431.06,5429.6,5430.26,499,0
2024-06-26 15:57,@MES#C,5430.22,5430.33,5429.64,5429.92,407,0
2024-06-26 15:58,@MES#C,5428.76,5428.85,5428.32,5428.44,76,0
2024-06-26 15:59,@MES#C,5428.78,5429.44,5428.15,5429.19,279,0
2024-06-26 16:00,@MES#C,5430.2,5430.82,5430.09,5430.44,368,0
2024-06-26 16:01,@MES#C,5431.82,5432.39,5431.34,5431.97,251,0
2024-06-26 16:02,@MES#C,5431.94,5432.08,5431.1,5431.74,353,0
2024-06-26 16:03,@MES#C,5430.99,5431.65,5430.03,5430.23,57,0
2024-06-26 16:04,@MES#C,5430.59,5430.7,5429.99,5430.38,475,0
2024-06-26 16:05,@MES#C,5429.44,5429.7,5427.93,5429.23,405,0
2024-06-26 16:06,@MES#C,5428.95,5429.04,5428.41,5428.41,463,0
2024-06-26 16:07,@MES#C,5428.66,5429.05,5428.31,5428.86,269,0
2024-06-26 16:08,@MES#C,5429.22,5429.67,5428.25,5429.39,98,0
2024-06-26 16:09,@MES#C,5430.66,5431.36,5430.18,5430.79,384,0
2024-06-26 16:10,@MES#C,5430.24,5431.07,5429.35,5430.56,481,0
2024-06-26 16:11,@MES#C,5430.61,5430.63,5429.17,5429.34,81,0
2024-06-26 16:12,@MES#C,5430.25,5430.7,5429.58,5429.99,289,0
2024-06-26 16:13,@MES#C,5429.78,5430.23,5429.49,5430.08,403,0
2024-06-26 16:14,@MES#C,5430.29,5431.05,5430.14,5430.69,150,0
2024-06-26 16:15,@MES#C,5429.35,5429.91,5428.76,5429.64,315,0
2024-06-26 16:16,@MES#C,5430.22,5430.45,5429.93,5430.28,142,0
2024-06-26 16:17,@MES#C,5429.21,5430.28,5428.85,5430.1,123,0
2024-06-26 16:18,@MES#C,5430.32,5431.41,5429.95,5431.02,450,0
2024-06-26 16:19,@MES#C,5431.83,5432.42,5431.58,5432.07,443,0
2024-06-26 16:20,@MES#C,5432.83,5434.19,5432.33,5433.5,373,0
2024-06-26 16:21,@MES#C,5434.6,5435.5,5434.08,5435.48,104,0
2024-06-26 16:22,@MES#C,5437.46,5437.99,5437.24,5437.5,255,0
2024-06-26 16:23,@MES#C,5435.55,5435.59,5435.12,5435.3,486,0
2024-06-26 16:24,@MES#C,5436.16,5436.42,5435.01,5435.5,394,0
2024-06-26 16:25,@MES#C,5436.07,5436.58,5435.06,5435.79,153,0
2024-06-26 16:26,@MES#C,5436.38,5437.03,5436.0,5436.37,286,0
2024-06-26 16:27,@MES#C,5436.65,5436.9,5434.86,5435.48,323,0
2024-06-26 16:28,@MES#C,5436.57,5436.88,5436.17,5436.69,376,0
2024-06-26 16:29,@MES#C,5437.75,5437.85,5437.64,5437.8,486,0
2024-06-26 16:30,@MES#C,5438.01,5439.23,5437.75,5439.03,315,0
2024-06-26 16:31,@MES#C,5437.38,5437.65,5437.33,5437.5,306,0
2024-06-26 16:32,@MES#C,5436.3,5436.59,5435.95,5436.49,343,0
2024-06-26 16:33,@MES#C,5436.28,5436.84,5435.93,5436.68,438,0
2024-06-26 16:34,@MES#C,5436.78,5437.79,5436.76,5437.32,354,0
2024-06-26 16:35,@MES#C,5436.3,5437.64,5436.21,5436.99,193,0
2024-06-26 16:36,@MES#C,5436.72,5437.41,5435.77,5437.34,404,0
2024-06-26 16:37,@MES#C,5437.71,5438.51,5437.6,5438.16,179,0
2024-06-26 16:38,@MES#C,5438.94,5439.55,5438.41,5438.9,388,0
2024-06-26 16:39,@MES#C,5439.77,5439.82,5438.73,5438.94,282,0
2024-06-26 16:40,@MES#C,5438.87,5439.82,5437.55,5438.16,87,0
2024-06-26 16:41,@MES#C,5439.09,5439.89,5438.96,5439.65,344,0
2024-06-26 16:42,@MES#C,5440.04,5440.93,5439.28,5440.9,52,0
2024-06-26 16:43,@MES#C,5439.61,5440.53,5438.8,5440.21,497,0
2024-06-26 16:44,@MES#C,5441.28,5442.58,5440.91,5442.23,276,0
2024-06-26 16:45,@MES#C,5443.43,5444.06,5442.26,5442.53,193,0
2024-06-26 16:46,@MES#C,5442.47,5442.92,5442.38,5442.73,111,0
2024-06-26 16:47,@MES#C,5443.84,5444.18,5443.32,5443.94,261,0
2024-06-26 16:48,@MES#C,5442.32,5442.88,5441.99,5442.59,82,0
2024-06-26 16:49,@MES#C,5442.56,5442.95,5441.8,5442.24,488,0
2024-06-26 16:50,@MES#C,5442.93,5443.05,5441.73,5441.74,361,0
2024-06-26 16:51,@MES#C,5442.05,5442.48,5441.78,5442.01,137,0
2024-06-26 16:52,@MES#C,5442.37,5442.73,5442.25,5442.54,421,0
2024-06-26 16:53,@MES#C,5442.41,5443.11,5442.25,5443.07,226,0
2024-06-26 16:54,@MES#C,5441.95,5442.75,5441.53,5442.52,54,0
2024-06-26 16:55,@MES#C,5443.07,5443.84,5443.04,5443.66,367,0
2024-06-26 16:56,@MES#C,5443.44,5444.36,5443.41,5443.9,394,0
2024-06-26 16:57,@MES#C,5443.75,5444.43,5442.23,5442.91,485,0
2024-06-26 16:58,@MES#C,5442.58,5442.85,5442.43,5442.44,415,0
2024-06-26 16:59,@MES#C,5442.48,5442.71,5441.91,5442.48,76,0
2024-06-26 17:00,@MES#C,5441.26,5441.51,5440.95,5441.44,183,0
2024-06-26 17:01,@MES#C,5441.45,5442.0,5441.29,5441.29,333,0
2024-06-26 17:02,@MES#C,5442.86,5443.03,5442.8,5443.03,104,0
2024-06-26 17:03,@MES#C,5442.55,5442.65,5442.42,5442.64,345,0
2024-06-26 17:04,@MES#C,5442.92,5443.2,5442.29,5443.16,406,0
2024-06-26 17:05,@MES#C,5445.25,5445.66,5444.96,5445.28,287,0
2024-06-26 17:06,@MES#C,5446.4,5446.58,5445.87,5445.98,299,0
2024-06-26 17:07,@MES#C,5445.79,5445.9,5444.7,5445.31,456,0
2024-06-26 17:08,@MES#C,5445.69,5446.13,5444.56,5444.91,327,0
2024-06-26 17:09,@MES#C,5445.36,5446.47,5445.03,5445.73,378,0
2024-06-26 17:10,@MES#C,5446.22,5447.23,5445.92,5446.97,425,0
2024-06-26 17:11,@MES#C,5447.23,5447.45,5445.82,5446.39,117,0
2024-06-26 17:12,@MES#C,5447.42,5448.49,5447.15,5447.73,424,0
2024-06-26 17:13,@MES#C,5447.09,5447.24,5446.61,5447.23,62,0
2024-06-26 17:14,@MES#C,5446.49,5448.21,5446.41,5447.7,66,0
2024-06-26 17:15,@MES#C,5447.08,5447.71,5446.34,5447.2,270,0
2024-06-26 17:16,@MES#C,5445.88,5446.13,5444.49,5445.02,80,0
2024-06-26 17:17,@MES#C,5445.11,5445.77,5444.95,5445.73,480,0
2024-06-26 17:18,@MES#C,5447.05,5447.35,5446.71,5446.9,113,0
2024-06-26 17:19,@MES#C,5446.99,5447.67,5446.94,5447.59,303,0
2024-06-26 17:20,@MES#C,5447.89,5448.71,5447.74,5448.06,271,0
2024-06-26 17:21,@MES#C,5448.48,5449.4,5448.2,5449.09,132,0
2024-06-26 17:22,@MES#C,5447.89,5448.4,5446.22,5446.4,195,0
2024-06-26 17:23,@MES#C,5446.95,5448.67,5446.57,5448.11,444,0
2024-06-26 17:24,@MES#C,5447.4,5448.35,5446.69,5446.94,189,0
2024-06-26 17:25,@MES#C,5447.9,5448.36,5447.67,5448.3,305,0
2024-06-26 17:26,@MES#C,5447.64,5448.03,5446.84,5447.54,275,0
2024-06-26 17:27,@MES#C,5447.39,5447.5,5446.22,5446.22,310,0
2024-06-26 17:28,@MES#C,5445.94,5445.94,5445.16,5445.38,298,0
2024-06-26 17:29,@MES#C,5446.94,5447.26,5446.76,5447.05,114,0
2024-06-26 17:30,@MES#C,5446.42,5447.42,5446.29,5446.41,357,0
2024-06-26 17:31,@MES#C,5445.74,5446.06,5443.14,5444.09,344,0
2024-06-26 17:32,@MES#C,5444.57,5445.69,5443.62,5445.55,337,0
2024-06-26 17:33,@MES#C,5445.87,5446.02,5445.66,5446.01,467,0
2024-06-26 17:34,@MES#C,5446.76,5446.89,5446.38,5446.46,261,0
2024-06-26 17:35,@MES#C,5445.76,5446.51,5445.06,5445.5,167,0
2024-06-26 17:36,@MES#C,5446.32,5446.89,5445.41,5445.85,328,0
2024-06-26 17:37,@MES#C,5445.96,5446.54,5445.39,5445.73,203,0
2024-06-26 17:38,@MES#C,5446.68,5446.99,5445.78,5446.27,333,0
2024-06-26 17:39,@MES#C,5447.7,5447.85,5447.61,5447.63,206,0
2024-06-26 17:40,@MES#C,5447.32,5448.35,5446.89,5448.0,350,0
2024-06-26 17:41,@MES#C,5447.63,5447.8,5447.04,5447.63,231,0
2024-06-26 17:42,@MES#C,5448.43,5448.8,5447.76,5448.37,483,0
2024-06-26 17:43,@MES#C,5448.27,5449.4,5448.14,5449.2,115,0
2024-06-26 17:44,@MES#C,5449.02,5449.14,5447.92,5448.23,331,0
2024-06-26 17:45,@MES#C,5447.66,5448.0,5447.21,5447.31,206,0
2024-06-26 17:46,@MES#C,5447.19,5448.16,5447.12,5447.21,262,0
2024-06-26 17:47,@MES#C,5447.79,5447.9,5447.74,5447.75,100,0
2024-06-26 17:48,@MES#C,5447.91,5448.11,5447.56,5447.56,289,0
2024-06-26 17:49,@MES#C,5448.76,5450.12,5448.49,5450.06,327,0
2024-06-26 17:50,@MES#C,5450.92,5451.29,5449.95,5450.13,393,0
2024-06-26 17:51,@MES#C,5449.97,5450.59,5449.1,5450.52,314,0
2024-06-26 17:52,@MES#C,5450.11,5451.06,5449.95,5450.81,51,0
2024-06-26 17:53,@MES#C,5450.28,5450.71,5448.53,5448.72,200,0
2024-06-26 17:54,@MES#C,5449.66,5450.35,5449.34,5449.87,83,0
2024-06-26 17:55,@MES#C,5450.36,5450.83,5449.92,5450.16,99,0
2024-06-26 17:56,@MES#C,5450.64,5451.0,5450.3,5450.48,344,0
2024-06-26 17:57,@MES#C,5450.0,5450.58,5449.08,5449.12,156,0
2024-06-26 17:58,@MES#C,5449.55,5449.75,5449.15,5449.53,232,0
2024-06-26 17:59,@MES#C,5448.87,5449.48,5448.56,5448.84,65,0
2024-06-26 18:00,@MES#C,5448.38,5448.96,5448.25,5448.61,76,0
2024-06-26 18:01,@MES#C,5446.96,5447.4,5446.46,5446.66,141,0
2024-06-26 18:02,@MES#C,5448.14,5449.28,5448.04,5449.16,81,0
2024-06-26 18:03,@MES#C,5448.78,5449.02,5448.17,5448.54,481,0
2024-06-26 18:04,@MES#C,5448.86,5450.25,5448.73,5449.88,214,0
2024-06-26 18:05,@MES#C,5450.15,5450.19,5450.05,5450.13,481,0
2024-06-26 18:06,@MES#C,5450.65,5451.02,5450.34,5450.73,466,0
2024-06-26 18:07,@MES#C,5451.08,5451.53,5450.39,5450.89,409,0
2024-06-26 18:08,@MES#C,5451.72,5452.25,5450.44,5450.53,69,0
2024-06-26 18:09,@MES#C,5451.44,5452.83,5451.34,5452.43,170,0
2024-06-26 18:10,@MES#C,5451.33,5451.68,5449.58,5450.11,484,0
2024-06-26 18:11,@MES#C,5449.9,5450.13,5449.13,5449.56,258,0
2024-06-26 18:12,@MES#C,5449.74,5450.8,5449.03,5449.6,267,0
2024-06-26 18:13,@MES#C,5448.76,5448.82,5448.33,5448.67,432,0
2024-06-26 18:14,@MES#C,5448.46,5448.57,5447.8,5448.24,84,0
2024-06-26 18:15,@MES#C,5448.46,5448.75,5448.38,5448.72,252,0
2024-06-26 18:16,@MES#C,5449.66,5450.84,5449.51,5450.28,420,0
2024-06-26 18:17,@MES#C,5449.94,5450.42,5449.49,5449.82,374,0
2024-06-26 18:18,@MES#C,5449.59,5449.67,5448.69,5448.96,112,0
2024-06-26 18:19,@MES#C,5449.57,5449.99,5448.8,5449.11,150,0
2024-06-26 18:20,@MES#C,5448.66,5449.11,5448.18,5448.56,424,0
2024-06-26 18:21,@MES#C,5447.81,5448.48,5446.44,5446.96,270,0
2024-06-26 18:22,@MES#C,5446.82,5447.21,5446.76,5447.05,296,0
2024-06-26 18:23,@MES#C,5445.06,5445.79,5443.81,5444.55,362,0
2024-06-26 18:24,@MES#C,5444.34,5444.46,5443.59,5443.77,206,0
2024-06-26 18:25,@MES#C,5441.75,5444.1,5441.67,5443.64,469,0
2024-06-26 18:26,@MES#C,5443.07,5443.86,5443.03,5443.66,418,0
2024-06-26 18:27,@MES#C,5443.57,5444.1,5443.43,5443.81,254,0
2024-06-26 18:28,@MES#C,5444.04,5445.52,5443.73,5444.88,118,0
2024-06-26 18:29,@MES#C,5444.3,5444.81,5444.0,5444.06,163,0
2024-06-26 18:30,@MES#C,5442.6,5442.62,5442.33,5442.34,229,0
2024-06-26 18:31,@MES#C,5442.72,5443.2,5442.46,5442.64,469,0
2024-06-26 18:32,@MES#C,5442.14,5442.42,5441.81,5441.97,368,0
2024-06-26 18:33,@MES#C,5441.66,5442.84,5441.62,5442.57,240,0
2024-06-26 18:34,@MES#C,5443.05,5443.89,5442.4,5442.64,277,0
2024-06-26 18:35,@MES#C,5442.71,5443.05,5441.84,5442.63,145,0
2024-06-26 18:36,@MES#C,5443.77,5443.94,5443.37,5443.64,138,0
2024-06-26 18:37,@MES#C,5444.35,5444.81,5443.71,5443.77,103,0
2024-06-26 18:38,@MES#C,5443.28,5443.59,5442.57,5443.1,466,0
2024-06-26 18:39,@MES#C,5442.92,5443.41,5442.7,5443.29,68,0
2024-06-26 18:40,@MES#C,5441.66,5441.89,5440.63,5441.14,360,0
2024-06-26 18:41,@MES#C,5440.02,5440.68,5439.72,5440.03,402,0
2024-06-26 18:42,@MES#C,5438.55,5439.79,5437.44,5439.06,446,0
2024-06-26 18:43,@MES#C,5437.97,5438.87,5437.9,5438.23,250,0
2024-06-26 18:44,@MES#C,5439.07,5439.22,5437.57,5438.56,90,0
2024-06-26 18:45,@MES#C,5438.56,5439.08,5438.14,5438.34,247,0
2024-06-26 18:46,@MES#C,5438.6,5438.63,5438.26,5438.55,304,0
2024-06-26 18:47,@MES#C,5439.64,5440.41,5438.6,5439.05,58,0
2024-06-26 18:48,@MES#C,5438.76,5438.84,5438.35,5438.59,299,0
2024-06-26 18:49,@MES#C,5437.52,5438.62,5437.44,5437.78,84,0
2024-06-26 18:50,@MES#C,5438.94,5439.58,5438.0,5438.09,123,0
2024-06-26 18:51,@MES#C,5438.35,5439.02,5437.17,5437.21,377,0
2024-06-26 18:52,@MES#C,5436.26,5436.42,5436.07,5436.35,482,0
2024-06-26 18:53,@MES#C,5436.82,5437.91,5436.76,5437.55,319,0
2024-06-26 18:54,@MES#C,5437.39,5437.66,5436.95,5437.21,131,0
2024-06-26 18:55,@MES#C,5436.61,5436.84,5436.43,5436.74,95,0
2024-06-26 18:56,@MES#C,5438.48,5438.6,5437.95,5438.22,189,0
2024-06-26 18:57,@MES#C,5438.14,5438.31,5437.22,5437.47,51,0
2024-06-26 18:58,@MES#C,5438.29,5438.33,5438.14,5438.3,412,0
2024-06-26 18:59,@MES#C,5437.57,5437.85,5436.27,5436.63,483,0
2024-06-26 19:00,@MES#C,5436.29,5436.44,5435.59,5436.08,473,0
2024-06-26 19:01,@MES#C,5436.41,5436.52,5435.83,5435.86,274,0
2024-06-26 19:02,@MES#C,5435.91,5436.08,5435.59,5436.06,215,0
2024-06-26 19:03,@MES#C,5437.45,5438.16,5437.2,5437.48,389,0
2024-06-26 19:04,@MES#C,5437.79,5437.92,5436.95,5437.81,51,0
2024-06-26 19:05,@MES#C,5439.13,5439.52,5438.14,5438.78,207,0
2024-06-26 19:06,@MES#C,5437.94,5438.39,5437.73,5438.35,80,0
2024-06-26 19:07,@MES#C,5438.47,5438.74,5437.86,5438.34,334,0
2024-06-26 19:08,@MES#C,5439.46,5440.82,5439.02,5440.41,223,0
2024-06-26 19:09,@MES#C,5440.68,5440.88,5440.55,5440.57,341,0
2024-06-26 19:10,@MES#C,5440.48,5442.13,5439.82,5441.92,111,0
2024-06-26 19:11,@MES#C,5442.33,5442.34,5440.97,5441.17,203,0
2024-06-26 19:12,@MES#C,5441.19,5441.49,5440.16,5440.55,94,0
2024-06-26 19:13,@MES#C,5440.24,5440.39,5438.91,5439.61,153,0
2024-06-26 19:14,@MES#C,5439.66,5440.03,5439.46,5439.94,469,0
2024-06-26 19:15,@MES#C,5439.85,5440.3,5439.71,5440.09,243,0
2024-06-26 19:16,@MES#C,5440.54,5440.91,5440.01,5440.03,256,0
2024-06-26 19:17,@MES#C,5439.61,5440.12,5439.13,5439.75,444,0
2024-06-26 19:18,@MES#C,5440.88,5441.35,5439.98,5440.1,230,0
2024-06-26 19:19,@MES#C,5439.9,5440.03,5439.38,5439.57,392,0
2024-06-26 19:20,@MES#C,5438.51,5439.92,5438.09,5439.92,340,0
2024-06-26 19:21,@MES#C,5440.37,5440.78,5440.3,5440.43,352,0
2024-06-26 19:22,@MES#C,5441.68,5442.06,5440.73,5440.78,210,0
2024-06-26 19:23,@MES#C,5442.34,5444.28,5442.27,5443.45,409,0
2024-06-26 19:24,@MES#C,5444.02,5444.89,5443.49,5444.28,151,0
2024-06-26 19:25,@MES#C,5446.1,5446.81,5445.88,5446.67,393,0
2024-06-26 19:26,@MES#C,5447.66,5447.82,5447.09,5447.18,431,0
2024-06-26 19:27,@MES#C,5447.03,5447.49,5446.08,5446.24,293,0
2024-06-26 19:28,@MES#C,5447.85,5448.54,5447.6,5448.04,374,0
2024-06-26 19:29,@MES#C,5448.49,5449.07,5447.5,5448.63,301,0
2024-06-26 19:30,@MES#C,5448.42,5448.9,5448.22,5448.9,344,0
2024-06-26 19:31,@MES#C,5447.17,5447.57,5446.74,5447.05,332,0
2024-06-26 19:32,@MES#C,5447.79,5447.97,5447.42,5447.9,267,0
2024-06-26 19:33,@MES#C,5448.23,5448.92,5447.58,5448.84,93,0
2024-06-26 19:34,@MES#C,5448.54,5448.8,5447.1,5447.46,425,0
2024-06-26 19:35,@MES#C,5447.85,5449.06,5447.81,5448.43,247,0
2024-06-26 19:36,@MES#C,5447.3,5447.94,5446.65,5447.08,165,0
2024-06-26 19:37,@MES#C,5446.94,5447.01,5445.9,5446.34,129,0
2024-06-26 19:38,@MES#C,5446.67,5446.71,5444.95,5445.72,117,0
2024-06-26 19:39,@MES#C,5445.16,5445.49,5444.21,5444.43,414,0
2024-06-26 19:40,@MES#C,5444.62,5446.18,5444.36,5445.93,85,0
2024-06-26 19:41,@MES#C,5445.7,5446.57,5445.55,5446.46,481,0
2024-06-26 19:42,@MES#C,5445.31,5445.37,5444.9,5445.34,457,0
2024-06-26 19:43,@MES#C,5445.69,5446.26,5445.58,5445.69,229,0
2024-06-26 19:44,@MES#C,5445.32,5445.47,5445.15,5445.43,290,0
2024-06-26 19:45,@MES#C,5445.49,5446.17,5444.92,5446.06,120,0
2024-06-26 19:46,@MES#C,5446.97,5448.42,5446.34,5447.87,211,0
2024-06-26 19:47,@MES#C,5448.39,5449.68,5448.08,5449.12,474,0
2024-06-26 19:48,@MES#C,5449.64,5450.43,5449.09,5449.69,371,0
2024-06-26 19:49,@MES#C,5448.24,5449.23,5448.22,5448.33,361,0
2024-06-26 19:50,@MES#C,5448.41,5448.78,5448.26,5448.74,86,0
2024-06-26 19:51,@MES#C,5448.06,5448.36,5447.63,5448.0,291,0
2024-06-26 19:52,@MES#C,5449.04,5449.39,5448.74,5449.24,345,0
2024-06-26 19:53,@MES#C,5448.74,5449.25,5448.5,5448.66,266,0
2024-06-26 19:54,@MES#C,5449.5,5449.67,5448.82,5449.07,480,0
2024-06-26 19:55,@MES#C,5450.72,5451.23,5450.03,5450.12,431,0
2024-06-26 19:56,@MES#C,5450.33,5451.53,5450.02,5450.73,83,0
2024-06-26 19:57,@MES#C,5452.02,5452.9,5451.78,5452.58,383,0
2024-06-26 19:58,@MES#C,5453.48,5454.04,5453.25,5453.97,403,0
2024-06-26 19:59,@MES#C,5455.28,5455.6,5454.38,5454.63,56,0
2024-06-26 20:00,@MES#C,5454.3,5454.68,5454.11,5454.29,118,0
2024-06-26 20:01,@MES#C,5454.51,5455.56,5454.08,5454.89,220,0
2024-06-26 20:02,@MES#C,5454.22,5454.36,5453.93,5453.96,56,0
2024-06-26 20:03,@MES#C,5454.07,5454.68,5453.62,5453.9,424,0
2024-06-26 20:04,@MES#C,5454.14,5454.84,5453.27,5454.56,279,0
2024-06-26 20:05,@MES#C,5454.65,5454.78,5454.29,5454.47,150,0
2024-06-26 20:06,@MES#C,5453.86,5455.05,5453.46,5454.57,308,0
2024-06-26 20:07,@MES#C,5454.27,5454.65,5453.82,5454.58,187,0
2024-06-26 20:08,@MES#C,5453.71,5454.35,5453.62,5454.11,69,0
2024-06-26 20:09,@MES#C,5453.95,5454.65,5453.73,5453.76,121,0
2024-06-26 20:10,@MES#C,5454.18,5454.92,5453.77,5454.22,428,0
2024-06-26 20:11,@MES#C,5454.32,5455.23,5454.08,5454.47,400,0
2024-06-26 20:12,@MES#C,5454.67,5454.71,5453.07,5453.4,400,0
2024-06-26 20:13,@MES#C,5452.33,5453.28,5452.22,5452.58,85,0
2024-06-26 20:14,@MES#C,5450.85,5451.1,5450.41,5451.02,445,0
2024-06-26 20:15,@MES#C,5451.72,5452.38,5450.52,5451.32,62,0
2024-06-26 20:16,@MES#C,5450.79,5451.0,5450.42,5450.7,368,0
2024-06-26 20:17,@MES#C,5451.07,5451.51,5450.8,5451.19,466,0
2024-06-26 20:18,@MES#C,5450.31,5450.55,5449.18,5450.0,164,0
2024-06-26 20:19,@MES#C,5450.88,5451.57,5450.83,5451.36,288,0
2024-06-26 20:20,@MES#C,5452.52,5452.91,5451.43,5451.88,397,0
2024-06-26 20:21,@MES#C,5451.35,5451.85,5451.01,5451.68,219,0
2024-06-26 20:22,@MES#C,5450.99,5451.26,5450.38,5451.18,237,0
2024-06-26 20:23,@MES#C,5450.93,5452.19,5450.88,5451.8,180,0
2024-06-26 20:24,@MES#C,5450.55,5450.97,5450.05,5450.06,413,0
2024-06-26 20:25,@MES#C,5451.34,5451.81,5450.3,5450.4,399,0
2024-06-26 20:26,@MES#C,5450.82,5451.51,5449.16,5449.27,98,0
2024-06-26 20:27,@MES#C,5450.78,5450.84,5450.19,5450.53,202,0
2024-06-26 20:28,@MES#C,5451.03,5452.45,5451.02,5451.95,162,0
2024-06-26 20:29,@MES#C,5451.96,5452.95,5451.23,5452.79,142,0
2024-06-26 20:30,@MES#C,5452.5,5453.23,5452.24,5452.33,131,0
2024-06-26 20:31,@MES#C,5453.82,5454.11,5452.63,5453.02,195,0
2024-06-26 20:32,@MES#C,5453.43,5453.86,5452.79,5452.83,71,0
2024-06-26 20:33,@MES#C,5452.38,5453.32,5451.63,5453.16,448,0
2024-06-26 20:34,@MES#C,5452.98,5453.4,5452.85,5453.27,82,0
2024-06-26 20:35,@MES#C,5452.38,5452.99,5451.33,5452.12,199,0
2024-06-26 20:36,@MES#C,5452.08,5453.3,5451.81,5452.82,486,0
2024-06-26 20:37,@MES#C,5451.98,5453.29,5451.53,5452.81,413,0
2024-06-26 20:38,@MES#C,5453.12,5453.2,5452.65,5452.82,190,0
2024-06-26 20:39,@MES#C,5453.17,5453.44,5452.46,5452.8,380,0
2024-06-26 20:40,@MES#C,5453.53,5453.73,5452.82,5453.57,415,0
2024-06-26 20:41,@MES#C,5452.37,5453.87,5452.07,5453.41,102,0
2024-06-26 20:42,@MES#C,5452.9,5452.92,5452.1,5452.76,215,0
2024-06-26 20:43,@MES#C,5453.06,5454.09,5452.64,5453.84,284,0
2024-06-26 20:44,@MES#C,5454.56,5455.16,5454.39,5455.1,269,0
2024-06-26 20:45,@MES#C,5454.45,5454.6,5453.81,5453.9,354,0
2024-06-26 20:46,@MES#C,5454.25,5454.96,5453.81,5454.54,276,0
2024-06-26 20:47,@MES#C,5453.92,5454.6,5452.78,5453.39,172,0
2024-06-26 20:48,@MES#C,5455.01,5455.58,5454.66,5455.18,481,0
2024-06-26 20:49,@MES#C,5456.51,5456.57,5455.52,5455.86,426,0
2024-06-26 20:50,@MES#C,5454.5,5455.25,5454.04,5454.11,426,0
2024-06-26 20:51,@MES#C,5455.78,5458.34,5454.83,5457.57,143,0
2024-06-26 20:52,@MES#C,5457.83,5458.09,5457.83,5457.97,170,0
2024-06-26 20:53,@MES#C,5458.57,5459.12,5458.15,5458.29,169,0
2024-06-26 20:54,@MES#C,5457.74,5457.8,5457.24,5457.39,149,0
2024-06-26 20:55,@MES#C,5457.25,5458.03,5457.22,5457.95,93,0
2024-06-26 20:56,@MES#C,5458.07,5458.21,5456.96,5457.3,439,0
2024-06-26 20:57,@MES#C,5456.22,5456.43,5454.75,5455.31,436,0
2024-06-26 20:58,@MES#C,5455.48,5456.06,5454.74,5455.02,409,0
2024-06-26 20:59,@MES#C,5455.77,5456.79,5455.47,5456.37,302,0
2024-06-26 21:00,@MES#C,5456.9,5456.93,5456.05,5456.19,231,0
2024-06-26 21:01,@MES#C,5454.82,5455.15,5454.19,5454.9,335,0
2024-06-26 21:02,@MES#C,5454.36,5454.45,5453.92,5454.04,309,0
2024-06-26 21:03,@MES#C,5454.52,5454.68,5453.55,5453.84,223,0
2024-06-26 21:04,@MES#C,5453.73,5455.31,5453.62,5454.75,387,0
2024-06-26 21:05,@MES#C,5454.88,5455.57,5454.83,5455.51,248,0
2024-06-26 21:06,@MES#C,5456.57,5457.09,5456.28,5456.77,149,0
2024-06-26 21:07,@MES#C,5456.7,5457.04,5455.47,5456.06,101,0
2024-06-26 21:08,@MES#C,5455.76,5457.46,5455.32,5456.89,427,0
2024-06-26 21:09,@MES#C,5456.62,5456.85,5456.56,5456.8,303,0
2024-06-26 21:10,@MES#C,5456.56,5456.93,5455.92,5456.67,317,0
2024-06-26 21:11,@MES#C,5456.35,5456.94,5455.76,5456.04,338,0
2024-06-26 21:12,@MES#C,5454.52,5454.85,5453.26,5453.36,491,0
2024-06-26 21:13,@MES#C,5453.77,5454.33,5453.35,5453.66,388,0
2024-06-26 21:14,@MES#C,5453.72,5455.07,5453.69,5454.41,419,0
2024-06-26 21:15,@MES#C,5454.89,5455.0,5453.7,5453.86,391,0
2024-06-26 21:16,@MES#C,5454.25,5455.26,5454.22,5454.96,146,0
2024-06-26 21:17,@MES#C,5454.8,5455.2,5454.78,5454.88,295,0
2024-06-26 21:18,@MES#C,5455.17,5456.04,5454.68,5455.75,295,0
2024-06-26 21:19,@MES#C,5456.31,5456.52,5455.85,5456.04,440,0
2024-06-26 21:20,@MES#C,5456.53,5458.1,5455.92,5457.42,375,0
2024-06-26 21:21,@MES#C,5457.88,5458.33,5457.88,5458.23,384,0
2024-06-26 21:22,@MES#C,5458.79,5459.46,5458.54,5459.17,126,0
2024-06-26 21:23,@MES#C,5459.8,5460.13,5458.44,5459.19,201,0
2024-06-26 21:24,@MES#C,5459.17,5460.43,5459.15,5460.07,285,0
2024-06-26 21:25,@MES#C,5461.17,5462.19,5460.7,5462.15,234,0
2024-06-26 21:26,@MES#C,5463.47,5463.53,5463.16,5463.45,347,0
2024-06-26 21:27,@MES#C,5463.54,5465.03,5463.2,5464.83,269,0
2024-06-26 21:28,@MES#C,5465.25,5465.34,5464.45,5465.15,321,0
2024-06-26 21:29,@MES#C,5465.72,5466.79,5465.3,5466.68,459,0
2024-06-26 21:30,@MES#C,5468.09,5468.53,5467.79,5468.17,326,0
2024-06-26 21:31,@MES#C,5467.3,5467.59,5466.94,5467.33,68,0
2024-06-26 21:32,@MES#C,5467.09,5467.56,5465.4,5465.72,59,0
2024-06-26 21:33,@MES#C,5464.86,5465.54,5464.57,5465.19,131,0
2024-06-26 21:34,@MES#C,5465.09,5465.13,5463.87,5464.9,277,0
2024-06-26 21:35,@MES#C,5465.08,5465.93,5464.44,5465.55,71,0
2024-06-26 21:36,@MES#C,5465.07,5465.66,5464.97,5465.52,127,0
2024-06-26 21:37,@MES#C,5464.88,5465.48,5464.7,5464.82,298,0
2024-06-26 21:38,@MES#C,5465.01,5465.94,5464.93,5465.48,375,0
2024-06-26 21:39,@MES#C,5465.29,5466.31,5464.74,5466.18,314,0
2024-06-26 21:40,@MES#C,5465.63,5466.15,5464.4,5464.67,70,0
2024-06-26 21:41,@MES#C,5464.92,5465.14,5464.83,5464.93,370,0
2024-06-26 21:42,@MES#C,5464.18,5464.97,5464.03,5464.69,374,0
2024-06-26 21:43,@MES#C,5465.24,5466.61,5465.14,5465.56,82,0
2024-06-26 21:44,@MES#C,5464.17,5464.21,5463.82,5463.96,54,0
2024-06-26 21:45,@MES#C,5464.54,5464.86,5464.06,5464.08,350,0
2024-06-26 21:46,@MES#C,5462.84,5463.38,5461.95,5462.55,156,0
2024-06-26 21:47,@MES#C,5462.08,5463.5,5461.89,5463.28,286,0
2024-06-26 21:48,@MES#C,5462.46,5462.57,5462.11,5462.47,176,0
2024-06-26 21:49,@MES#C,5462.68,5463.32,5462.58,5463.19,319,0
2024-06-26 21:50,@MES#C,5463.02,5463.94,5463.02,5463.9,444,0
2024-06-26 21:51,@MES#C,5463.48,5463.96,5463.21,5463.63,120,0
2024-06-26 21:52,@MES#C,5463.73,5463.98,5463.05,5463.84,458,0
2024-06-26 21:53,@MES#C,5462.75,5463.13,5462.55,5462.77,87,0
2024-06-26 21:54,@MES#C,5461.81,5462.26,5461.27,5461.57,316,0
2024-06-26 21:55,@MES#C,5461.69,5462.5,5461.32,5461.51,412,0
2024-06-26 21:56,@MES#C,5460.9,5461.29,5460.77,5461.05,265,0
2024-06-26 21:57,@MES#C,5460.59,5461.01,5460.16,5460.23,96,0
2024-06-26 21:58,@MES#C,5460.03,5461.37,5459.95,5461.14,424,0
2024-06-26 21:59,@MES#C,5462.2,5462.33,5461.93,5462.32,291,0
2024-06-26 23:00,@MES#C,5463.03,5463.71,5462.85,5463.36,226,0
2024-06-26 23:01,@MES#C,5462.77,5464.35,5462.65,5463.86,421,0
2024-06-26 23:02,@MES#C,5462.79,5463.02,5462.67,5462.73,437,0
2024-06-26 23:03,@MES#C,5461.96,5462.52,5461.42,5461.95,465,0
2024-06-26 23:04,@MES#C,5461.26,5461.81,5461.2,5461.78,404,0
2024-06-26 23:05,@MES#C,5461.14,5461.4,5460.69,5460.83,250,0
2024-06-26 23:06,@MES#C,5461.9,5462.38,5460.34,5460.88,122,0
2024-06-26 23:07,@MES#C,5460.39,5461.04,5460.09,5460.2,430,0
2024-06-26 23:08,@MES#C,5460.89,5461.08,5460.26,5461.04,103,0
2024-06-26 23:09,@MES#C,5461.16,5461.42,5460.21,5460.56,286,0
2024-06-26 23:10,@MES#C,5460.14,5460.62,5459.68,5460.58,57,0
2024-06-26 23:11,@MES#C,5459.7,5460.68,5459.31,5460.16,441,0
2024-06-26 23:12,@MES#C,5459.7,5459.76,5459.21,5459.35,183,0
2024-06-26 23:13,@MES#C,5460.02,5460.41,5458.62,5458.88,56,0
2024-06-26 23:14,@MES#C,5459.33,5459.55,5458.16,5458.69,329,0
2024-06-26 23:15,@MES#C,5457.88,5459.1,5457.53,5458.41,52,0
2024-06-26 23:16,@MES#C,5458.44,5459.14,5457.74,5459.09,435,0
2024-06-26 23:17,@MES#C,5458.31,5459.0,5457.07,5457.55,131,0
2024-06-26 23:18,@MES#C,5456.88,5457.31,5456.82,5457.08,55,0
2024-06-26 23:19,@MES#C,5457.39,5457.77,5457.05,5457.47,294,0
2024-06-26 23:20,@MES#C,5457.39,5457.56,5456.87,5457.31,344,0
2024-06-26 23:21,@MES#C,5456.66,5456.97,5454.81,5455.35,307,0
2024-06-26 23:22,@MES#C,5454.77,5454.95,5454.02,5454.91,86,0
2024-06-26 23:23,@MES#C,5456.44,5457.3,5456.3,5456.87,285,0
2024-06-26 23:24,@MES#C,5456.01,5456.01,5455.49,5455.74,303,0
2024-06-26 23:25,@MES#C,5456.07,5456.69,5455.02,5455.47,412,0
2024-06-26 23:26,@MES#C,5455.28,5455.37,5454.45,5454.69,460,0
2024-06-26 23:27,@MES#C,5454.16,5454.39,5453.12,5453.38,238,0
2024-06-26 23:28,@MES#C,5454.09,5454.78,5453.4,5454.3,104,0
2024-06-26 23:29,@MES#C,5455.49,5455.9,5455.05,5455.33,183,0
2024-06-26 23:30,@MES#C,5453.75,5454.24,5452.46,5453.17,288,0
2024-06-26 23:31,@MES#C,5454.83,5455.17,5454.08,5454.67,411,0
2024-06-26 23:32,@MES#C,5454.84,5454.94,5454.61,5454.82,66,0
2024-06-26 23:33,@MES#C,5455.19,5455.47,5454.56,5455.45,98,0
2024-06-26 23:34,@MES#C,5456.17,5456.42,5455.1,5455.4,147,0
2024-06-26 23:35,@MES#C,5454.91,5456.22,5454.42,5456.18,81,0
2024-06-26 23:36,@MES#C,5456.82,5457.59,5456.15,5456.36,163,0
2024-06-26 23:37,@MES#C,5456.62,5456.9,5456.06,5456.13,358,0
2024-06-26 23:38,@MES#C,5454.06,5454.4,5453.49,5454.29,322,0
2024-06-26 23:39,@MES#C,5454.89,5455.21,5454.46,5454.47,454,0
2024-06-26 23:40,@MES#C,5454.18,5455.04,5453.69,5454.98,375,0
2024-06-26 23:41,@MES#C,5455.75,5455.84,5455.23,5455.65,72,0
2024-06-26 23:42,@MES#C,5454.92,5455.26,5453.48,5453.58,187,0
2024-06-26 23:43,@MES#C,5452.33,5453.01,5452.18,5452.94,110,0
2024-06-26 23:44,@MES#C,5453.28,5453.4,5452.14,5452.5,365,0
2024-06-26 23:45,@MES#C,5453.08,5454.08,5453.07,5453.38,135,0
2024-06-26 23:46,@MES#C,5452.62,5453.84,5452.24,5453.39,395,0
2024-06-26 23:47,@MES#C,5453.59,5454.8,5452.7,5454.13,388,0
2024-06-26 23:48,@MES#C,5454.16,5454.22,5452.4,5452.64,197,0
2024-06-26 23:49,@MES#C,5452.14,5452.5,5451.67,5452.24,192,0
2024-06-26 23:50,@MES#C,5452.97,5453.38,5452.91,5453.13,126,0
2024-06-26 23:51,@MES#C,5453.76,5453.85,5453.29,5453.54,227,0
2024-06-26 23:52,@MES#C,5452.79,5453.25,5452.47,5452.89,281,0
2024-06-26 23:53,@MES#C,5452.28,5452.72,5451.64,5452.41,118,0
2024-06-26 23:54,@MES#C,5451.93,5452.14,5451.84,5451.9,124,0
2024-06-26 23:55,@MES#C,5451.12,5451.77,5450.12,5450.89,125,0
2024-06-27 00:00,@MES#C,5450.53,5450.61,5449.71,5449.89,401,0
2024-06-27 00:01,@MES#C,5449.18,5449.85,5448.94,5449.33,104,0
2024-06-27 00:02,@MES#C,5449.33,5450.75,5449.05,5449.77,416,0
2024-06-27 00:03,@MES#C,5449.7,5450.02,5449.51,5449.81,204,0
2024-06-27 00:04,@MES#C,5447.99,5448.51,5447.95,5448.32,57,0
2024-06-27 00:05,@MES#C,5447.31,5447.79,5447.25,5447.48,263,0
2024-06-27 00:06,@MES#C,5446.19,5447.08,5445.97,5447.0,329,0
2024-06-27 00:07,@MES#C,5446.69,5446.76,5445.74,5445.98,396,0
2024-06-27 00:08,@MES#C,5446.51,5447.47,5446.43,5446.82,346,0
2024-06-27 00:09,@MES#C,5445.65,5447.23,5445.37,5446.96,135,0
2024-06-27 00:10,@MES#C,5448.32,5449.67,5448.02,5449.13,317,0
2024-06-27 00:11,@MES#C,5448.28,5448.56,5447.67,5448.22,281,0
2024-06-27 00:12,@MES#C,5448.45,5449.31,5448.42,5449.15,499,0
2024-06-27 00:13,@MES#C,5449.82,5449.92,5449.1,5449.11,371,0
2024-06-27 00:14,@MES#C,5450.01,5450.21,5449.17,5449.66,107,0
2024-06-27 00:15,@MES#C,5449.32,5449.63,5448.59,5448.81,251,0
2024-06-27 00:16,@MES#C,5447.92,5448.28,5447.25,5447.32,416,0
2024-06-27 00:17,@MES#C,5447.03,5447.09,5446.47,5447.03,324,0
2024-06-27 00:18,@MES#C,5448.07,5449.02,5447.68,5448.76,58,0
2024-06-27 00:19,@MES#C,5449.87,5450.57,5449.57,5450.56,415,0
2024-06-27 00:20,@MES#C,5451.16,5451.33,5451.12,5451.25,488,0
2024-06-27 00:21,@MES#C,5450.7,5451.34,5450.22,5450.28,272,0
2024-06-27 00:22,@MES#C,5450.25,5451.21,5449.72,5450.7,462,0
2024-06-27 00:23,@MES#C,5450.1,5450.47,5448.69,5449.24,218,0
2024-06-27 00:24,@MES#C,5450.48,5451.57,5450.34,5450.77,175,0
2024-06-27 00:25,@MES#C,5451.78,5453.0,5451.54,5452.63,183,0
2024-06-27 00:26,@MES#C,5451.81,5452.45,5451.22,5452.13,74,0
2024-06-27 00:27,@MES#C,5452.58,5452.86,5452.21,5452.78,268,0
2024-06-27 00:28,@MES#C,5451.13,5451.33,5450.36,5450.81,247,0
2024-06-27 00:29,@MES#C,5451.17,5451.36,5449.5,5450.4,347,0
2024-06-27 00:30,@MES#C,5452.07,5453.19,5451.7,5451.99,231,0
2024-06-27 00:31,@MES#C,5451.46,5451.73,5450.92,5451.24,82,0
2024-06-27 00:32,@MES#C,5450.32,5451.29,5450.21,5450.81,397,0
2024-06-27 00:33,@MES#C,5449.91,5450.04,5449.82,5449.95,107,0
2024-06-27 00:34,@MES#C,5450.27,5450.87,5449.79,5450.45,229,0
2024-06-27 00:35,@MES#C,5451.79,5452.83,5451.32,5452.05,288,0
2024-06-27 00:36,@MES#C,5452.23,5452.51,5451.58,5451.79,187,0
2024-06-27 00:37,@MES#C,5451.32,5451.84,5450.99,5451.82,168,0
2024-06-27 00:38,@MES#C,5451.04,5451.84,5450.56,5451.64,112,0
2024-06-27 00:39,@MES#C,5451.57,5452.29,5451.36,5451.47,416,0
2024-06-27 00:40,@MES#C,5452.07,5452.82,5451.35,5451.84,182,0
2024-06-27 00:41,@MES#C,5452.41,5453.11,5452.25,5452.65,289,0
2024-06-27 00:42,@MES#C,5452.03,5452.45,5451.8,5452.39,144,0
2024-06-27 00:43,@MES#C,5452.45,5452.52,5451.52,5452.09,374,0
2024-06-27 00:44,@MES#C,5453.19,5453.33,5452.62,5453.31,343,0
2024-06-27 00:45,@MES#C,5454.13,5455.5,5454.12,5454.59,317,0
2024-06-27 00:46,@MES#C,5454.48,5455.07,5454.39,5454.89,314,0
2024-06-27 00:47,@MES#C,5454.27,5454.35,5453.39,5453.93,303,0
2024-06-27 00:48,@MES#C,5454.58,5455.25,5453.98,5455.22,127,0
2024-06-27 00:49,@MES#C,5456.84,5458.31,5456.51,5458.13,383,0
2024-06-27 00:50,@MES#C,5458.1,5458.34,5457.96,5457.97,195,0
2024-06-27 00:51,@MES#C,5458.31,5459.54,5457.72,5459.5,418,0
2024-06-27 00:52,@MES#C,5460.82,5461.04,5459.98,5460.09,394,0
2024-06-27 00:53,@MES#C,5458.93,5459.52,5458.23,5458.48,363,0
2024-06-27 00:54,@MES#C,5459.43,5459.83,5458.32,5458.69,111,0
2024-06-27 00:55,@MES#C,5457.11,5457.35,5455.85,5456.47,71,0
2024-06-27 00:56,@MES#C,5456.37,5456.43,5455.25,5455.77,137,0
2024-06-27 00:57,@MES#C,5454.99,5455.14,5453.79,5454.49,65,0
2024-06-27 00:58,@MES#C,5456.24,5456.48,5455.41,5455.62,150,0
2024-06-27 00:59,@MES#C,5453.89,5454.14,5453.12,5453.94,319,0
2024-06-27 01:00,@MES#C,5452.87,5452.89,5452.13,5452.53,346,0
2024-06-27 01:01,@MES#C,5453.29,5453.59,5453.22,5453.3,225,0
2024-06-27 01:02,@MES#C,5453.86,5454.54,5453.49,5454.48,440,0
2024-06-27 01:03,@MES#C,5454.86,5455.87,5454.6,5455.6,342,0
2024-06-27 01:04,@MES#C,5456.21,5456.39,5455.46,5455.96,339,0
2024-06-27 01:05,@MES#C,5457.61,5457.95,5457.2,5457.24,84,0
2024-06-27 01:06,@MES#C,5457.46,5457.8,5457.16,5457.3,340,0
2024-06-27 01:07,@MES#C,5458.75,5459.04,5458.15,5458.77,256,0
2024-06-27 01:08,@MES#C,5460.26,5461.09,5459.77,5459.93,193,0
2024-06-27 01:09,@MES#C,5460.07,5462.27,5459.98,5461.4,111,0
2024-06-27 01:10,@MES#C,5461.18,5461.24,5460.95,5461.06,132,0
2024-06-27 01:11,@MES#C,5461.04,5461.19,5459.96,5460.25,229,0
2024-06-27 01:12,@MES#C,5459.81,5461.47,5459.48,5460.94,308,0
2024-06-27 01:13,@MES#C,5460.96,5462.27,5460.64,5461.64,124,0
2024-06-27 01:14,@MES#C,5461.19,5461.42,5460.83,5461.16,393,0
2024-06-27 01:15,@MES#C,5460.71,5462.09,5460.33,5461.66,277,0
2024-06-27 01:16,@MES#C,5460.6,5461.1,5459.52,5460.03,239,0
2024-06-27 01:17,@MES#C,5460.43,5460.91,5459.54,5460.42,52,0
2024-06-27 01:18,@MES#C,5461.52,5462.08,5461.43,5461.74,163,0
2024-06-27 01:19,@MES#C,5461.81,5462.14,5461.23,5462.0,402,0
2024-06-27 01:20,@MES#C,5463.71,5464.03,5463.54,5463.85,233,0
2024-06-27 01:21,@MES#C,5463.78,5464.07,5463.23,5463.59,439,0
2024-06-27 01:22,@MES#C,5464.2,5465.51,5464.04,5464.79,452,0
2024-06-27 01:23,@MES#C,5465.19,5465.25,5463.7,5464.05,371,0
2024-06-27 01:24,@MES#C,5464.23,5464.48,5463.37,5463.76,379,0
2024-06-27 01:25,@MES#C,5465.05,5465.53,5462.88,5464.05,483,0
2024-06-27 01:26,@MES#C,5464.86,5465.0,5464.83,5464.99,180,0
2024-06-27 01:27,@MES#C,5464.37,5464.66,5464.07,5464.31,321,0
2024-06-27 01:28,@MES#C,5466.35,5466.46,5466.1,5466.2,168,0
2024-06-27 01:29,@MES#C,5465.82,5466.75,5465.31,5466.57,401,0
2024-06-27 01:30,@MES#C,5466.48,5466.57,5466.18,5466.38,357,0
2024-06-27 01:31,@MES#C,5466.79,5467.03,5465.93,5467.0,186,0
2024-06-27 01:32,@MES#C,5467.62,5468.3,5467.51,5467.91,60,0
2024-06-27 01:33,@MES#C,5468.85,5469.28,5468.47,5469.15,90,0
2024-06-27 01:34,@MES#C,5468.91,5469.4,5468.46,5469.16,389,0
2024-06-27 01:35,@MES#C,5469.81,5470.21,5469.5,5469.82,420,0
2024-06-27 01:36,@MES#C,5469.89,5470.1,5469.47,5469.93,472,0
2024-06-27 01:37,@MES#C,5468.45,5469.08,5467.72,5468.05,183,0
2024-06-27 01:38,@MES#C,5468.37,5469.23,5468.24,5468.64,442,0
2024-06-27 01:39,@MES#C,5468.7,5469.22,5467.81,5468.65,410,0
2024-06-27 01:40,@MES#C,5468.3,5468.93,5468.17,5468.8,203,0
2024-06-27 01:41,@MES#C,5468.53,5469.15,5466.11,5466.38,392,0
2024-06-27 01:42,@MES#C,5466.19,5466.5,5465.96,5466.06,270,0
2024-06-27 01:43,@MES#C,5465.48,5465.59,5465.11,5465.57,108,0
2024-06-27 01:44,@MES#C,5464.5,5464.79,5463.76,5464.02,427,0
2024-06-27 01:45,@MES#C,5463.55,5463.59,5463.4,5463.49,130,0
2024-06-27 01:46,@MES#C,5462.66,5463.66,5461.9,5463.13,96,0
2024-06-27 01:47,@MES#C,5463.93,5465.72,5463.6,5464.87,256,0
2024-06-27 01:48,@MES#C,5466.18,5466.81,5465.59,5465.66,130,0
2024-06-27 01:49,@MES#C,5465.09,5466.02,5464.4,5465.69,399,0
2024-06-27 01:50,@MES#C,5466.84,5468.09,5466.3,5466.84,335,0
2024-06-27 01:51,@MES#C,5466.04,5466.62,5464.75,5465.12,404,0
2024-06-27 01:52,@MES#C,5466.22,5466.76,5466.17,5466.51,252,0
2024-06-27 01:53,@MES#C,5467.15,5467.29,5466.51,5466.63,457,0
2024-06-27 01:54,@MES#C,5465.95,5467.02,5465.55,5466.9,347,0
2024-06-27 01:55,@MES#C,5466.94,5467.66,5466.62,5467.19,152,0
2024-06-27 01:56,@MES#C,5468.93,5469.07,5467.86,5468.17,150,0
2024-06-27 01:57,@MES#C,5469.16,5469.82,5468.77,5469.33,321,0
2024-06-27 01:58,@MES#C,5469.93,5470.46,5469.11,5469.11,453,0
2024-06-27 01:59,@MES#C,5469.41,5469.78,5468.81,5469.15,53,0
2024-06-27 02:00,@MES#C,5469.65,5470.02,5469.18,5469.78,203,0
2024-06-27 02:01,@MES#C,5469.25,5470.06,5468.17,5468.24,397,0
2024-06-27 02:02,@MES#C,5468.15,5468.5,5466.89,5467.5,117,0
2024-06-27 02:03,@MES#C,5466.49,5466.65,5465.98,5466.23,472,0
2024-06-27 02:04,@MES#C,5465.58,5466.02,5464.9,5465.38,306,0
2024-06-27 02:05,@MES#C,5465.74,5466.15,5465.62,5465.74,303,0
2024-06-27 02:06,@MES#C,5464.73,5466.05,5464.57,5465.43,148,0
2024-06-27 02:07,@MES#C,5466.27,5467.45,5466.21,5467.0,310,0
2024-06-27 02:08,@MES#C,5466.95,5467.11,5466.21,5466.49,368,0
2024-06-27 02:09,@MES#C,5466.41,5467.23,5465.15,5465.52,402,0
2024-06-27 02:10,@MES#C,5464.92,5466.99,5464.72,5466.21,433,0
2024-06-27 02:11,@MES#C,5466.96,5467.99,5466.29,5466.57,435,0
2024-06-27 02:12,@MES#C,5466.59,5466.94,5466.14,5466.85,195,0
2024-06-27 02:13,@MES#C,5467.42,5467.56,5466.6,5467.2,232,0
2024-06-27 02:14,@MES#C,5467.28,5467.65,5466.32,5466.61,209,0
2024-06-27 02:15,@MES#C,5468.34,5468.52,5467.92,5468.16,67,0
2024-06-27 02:16,@MES#C,5466.73,5467.88,5466.52,5467.48,143,0
2024-06-27 02:17,@MES#C,5467.27,5467.72,5466.09,5466.51,267,0
2024-06-27 02:18,@MES#C,5466.82,5467.42,5465.99,5466.1,305,0
2024-06-27 02:19,@MES#C,5466.31,5466.8,5465.75,5466.61,146,0
2024-06-27 02:20,@MES#C,5467.1,5468.04,5467.08,5467.97,129,0
2024-06-27 02:21,@MES#C,5469.12,5469.79,5468.38,5469.73,234,0
2024-06-27 02:22,@MES#C,5470.38,5470.39,5469.47,5469.52,84,0
2024-06-27 02:23,@MES#C,5469.81,5471.23,5469.51,5471.11,368,0
2024-06-27 02:24,@MES#C,5472.99,5473.77,5472.9,5473.51,193,0
2024-06-27 02:25,@MES#C,5474.66,5476.49,5474.31,5475.38,418,0
2024-06-27 02:26,@MES#C,5475.33,5476.81,5474.43,5474.72,149,0
2024-06-27 02:27,@MES#C,5474.3,5474.31,5473.56,5473.7,443,0
2024-06-27 02:28,@MES#C,5473.33,5474.17,5472.98,5474.15,434,0
2024-06-27 02:29,@MES#C,5473.98,5474.98,5473.74,5474.65,367,0
2024-06-27 02:30,@MES#C,5474.72,5476.07,5474.44,5475.92,332,0
2024-06-27 02:31,@MES#C,5476.53,5477.0,5476.08,5476.3,189,0
2024-06-27 02:32,@MES#C,5476.35,5476.45,5475.18,5475.44,436,0
2024-06-27 02:33,@MES#C,5475.15,5476.41,5474.78,5475.92,377,0
2024-06-27 02:34,@MES#C,5476.14,5476.54,5475.7,5476.5,181,0
2024-06-27 02:35,@MES#C,5476.01,5477.28,5475.58,5476.85,145,0
2024-06-27 02:36,@MES#C,5476.89,5476.96,5476.44,5476.65,89,0
2024-06-27 02:37,@MES#C,5476.64,5476.86,5476.23,5476.77,366,0
2024-06-27 02:38,@MES#C,5476.85,5478.08,5476.4,5477.49,407,0
2024-06-27 02:39,@MES#C,5477.54,5478.35,5477.27,5478.21,359,0
2024-06-27 02:40,@MES#C,5477.12,5478.0,5476.72,5476.78,125,0
2024-06-27 02:41,@MES#C,5477.84,5478.83,5477.24,5478.77,324,0
2024-06-27 02:42,@MES#C,5479.08,5480.38,5478.6,5480.19,386,0
2024-06-27 02:43,@MES#C,5479.49,5480.26,5478.55,5479.45,411,0
2024-06-27 02:44,@MES#C,5479.56,5480.27,5478.95,5480.08,295,0
2024-06-27 02:45,@MES#C,5479.18,5479.57,5479.15,5479.39,327,0
2024-06-27 02:46,@MES#C,5478.77,5479.15,5478.35,5478.68,183,0
2024-06-27 02:47,@MES#C,5478.66,5479.5,5477.8,5478.32,176,0
2024-06-27 02:48,@MES#C,5477.08,5477.19,5476.59,5477.03,57,0
2024-06-27 02:49,@MES#C,5477.06,5477.55,5476.21,5477.36,174,0
2024-06-27 02:50,@MES#C,5477.56,5477.64,5476.1,5477.15,166,0
2024-06-27 02:51,@MES#C,5478.03,5478.51,5477.77,5478.39,164,0
2024-06-27 02:52,@MES#C,5479.27,5480.3,5479.14,5480.12,241,0
2024-06-27 02:53,@MES#C,5480.91,5481.28,5480.63,5481.22,217,0
2024-06-27 02:54,@MES#C,5481.99,5482.0,5481.81,5481.83,264,0
2024-06-27 02:55,@MES#C,5480.91,5481.54,5480.64,5481.25,122,0
2024-06-27 02:56,@MES#C,5481.96,5482.31,5481.32,5481.36,236,0
2024-06-27 02:57,@MES#C,5482.45,5482.8,5482.05,5482.64,86,0
2024-06-27 02:58,@MES#C,5483.84,5484.21,5483.69,5483.96,496,0
2024-06-27 02:59,@MES#C,5482.69,5483.37,5482.46,5482.82,85,0
2024-06-27 03:00,@MES#C,5481.97,5482.75,5481.13,5482.63,160,0
2024-06-27 03:01,@MES#C,5481.87,5483.4,5481.78,5482.94,328,0
2024-06-27 03:02,@MES#C,5483.31,5485.16,5483.21,5484.76,359,0
2024-06-27 03:03,@MES#C,5484.86,5485.58,5484.19,5485.2,485,0
2024-06-27 03:04,@MES#C,5484.97,5485.13,5484.41,5485.0,97,0
2024-06-27 03:05,@MES#C,5484.33,5485.07,5484.18,5484.7,465,0
2024-06-27 03:06,@MES#C,5483.93,5485.2,5483.87,5484.85,171,0
2024-06-27 03:07,@MES#C,5484.92,5485.32,5484.51,5484.55,471,0
2024-06-27 03:08,@MES#C,5485.17,5486.01,5484.68,5486.0,154,0
2024-06-27 03:09,@MES#C,5485.37,5485.58,5484.08,5484.59,170,0
2024-06-27 03:10,@MES#C,5486.2,5486.5,5485.51,5486.46,305,0
2024-06-27 03:11,@MES#C,5486.35,5487.61,5485.37,5487.55,373,0
2024-06-27 03:12,@MES#C,5488.18,5489.5,5488.18,5488.96,365,0
2024-06-27 03:13,@MES#C,5488.87,5488.9,5488.28,5488.28,456,0
2024-06-27 03:14,@MES#C,5489.63,5490.93,5488.77,5489.99,190,0
2024-06-27 03:15,@MES#C,5489.7,5490.64,5489.12,5490.6,146,0
2024-06-27 03:16,@MES#C,5490.4,5490.96,5488.88,5489.68,434,0
2024-06-27 03:17,@MES#C,5489.82,5489.92,5489.43,5489.77,478,0
2024-06-27 03:18,@MES#C,5489.52,5490.29,5489.14,5489.72,288,0
2024-06-27 03:19,@MES#C,5490.51,5491.05,5490.44,5490.8,93,0
2024-06-27 03:20,@MES#C,5491.25,5491.47,5490.91,5491.28,479,0
2024-06-27 03:21,@MES#C,5489.74,5490.23,5489.48,5490.09,369,0
2024-06-27 03:22,@MES#C,5489.52,5490.26,5489.04,5490.22,205,0
2024-06-27 03:23,@MES#C,5490.32,5491.04,5488.94,5489.36,143,0
2024-06-27 03:24,@MES#C,5490.82,5492.0,5490.48,5491.86,350,0
2024-06-27 03:25,@MES#C,5491.53,5492.92,5491.45,5492.59,158,0
2024-06-27 03:26,@MES#C,5492.15,5492.89,5491.53,5492.37,56,0
2024-06-27 03:27,@MES#C,5493.56,5494.1,5492.88,5494.0,442,0
2024-06-27 03:28,@MES#C,5492.91,5493.49,5492.67,5493.47,327,0
2024-06-27 03:29,@MES#C,5493.26,5493.73,5492.76,5493.7,497,0
2024-06-27 03:30,@MES#C,5494.68,5495.01,5493.71,5494.1,435,0
2024-06-27 03:31,@MES#C,5494.63,5494.94,5493.93,5494.13,223,0
2024-06-27 03:32,@MES#C,5493.66,5494.42,5493.31,5494.09,65,0
2024-06-27 03:33,@MES#C,5494.17,5494.52,5493.14,5493.3,200,0
2024-06-27 03:34,@MES#C,5492.18,5492.54,5490.33,5490.67,215,0
2024-06-27 03:35,@MES#C,5491.19,5491.98,5490.82,5491.67,145,0
2024-06-27 03:36,@MES#C,5493.31,5494.6,5493.19,5494.12,383,0
2024-06-27 03:37,@MES#C,5494.08,5494.84,5493.77,5494.34,350,0
2024-06-27 03:38,@MES#C,5493.2,5493.37,5492.94,5493.34,372,0
2024-06-27 03:39,@MES#C,5492.5,5492.82,5491.72,5492.09,212,0
2024-06-27 03:40,@MES#C,5491.45,5491.9,5491.37,5491.59,305,0
2024-06-27 03:41,@MES#C,5492.04,5492.34,5491.61,5492.23,338,0
2024-06-27 03:42,@MES#C,5492.54,5493.15,5492.25,5492.87,101,0
2024-06-27 03:43,@MES#C,5491.82,5491.93,5491.06,5491.56,141,0
2024-06-27 03:44,@MES#C,5491.33,5492.19,5491.17,5491.46,61,0
2024-06-27 03:45,@MES#C,5493.09,5493.27,5493.0,5493.22,160,0
2024-06-27 03:46,@MES#C,5493.71,5494.92,5493.18,5494.29,364,0
2024-06-27 03:47,@MES#C,5494.24,5495.48,5493.67,5494.17,213,0
2024-06-27 03:48,@MES#C,5494.58,5495.59,5494.55,5495.3,216,0
2024-06-27 03:49,@MES#C,5496.11,5496.98,5495.43,5495.87,434,0
2024-06-27 03:50,@MES#C,5494.69,5495.0,5494.3,5494.44,435,0
2024-06-27 03:51,@MES#C,5494.41,5494.44,5493.48,5494.41,129,0
2024-06-27 03:52,@MES#C,5493.2,5493.53,5492.87,5492.97,123,0
2024-06-27 03:53,@MES#C,5492.91,5493.22,5491.43,5492.11,199,0
2024-06-27 03:54,@MES#C,5493.34,5494.32,5493.22,5493.7,375,0
2024-06-27 03:55,@MES#C,5493.72,5493.86,5493.12,5493.37,113,0
2024-06-27 03:56,@MES#C,5492.46,5493.63,5492.34,5493.28,300,0
2024-06-27 03:57,@MES#C,5493.59,5495.34,5493.26,5495.0,489,0
2024-06-27 03:58,@MES#C,5495.03,5495.58,5494.5,5494.77,276,0
2024-06-27 03:59,@MES#C,5495.13,5496.47,5494.76,5495.63,354,0
2024-06-27 04:00,@MES#C,5495.92,5496.63,5494.66,5494.77,339,0
2024-06-27 04:01,@MES#C,5495.2,5496.18,5495.05,5496.15,68,0
2024-06-27 04:02,@MES#C,5495.1,5495.38,5494.57,5494.87,497,0
2024-06-27 04:03,@MES#C,5495.31,5496.1,5494.76,5496.07,123,0
2024-06-27 04:04,@MES#C,5495.49,5495.68,5495.13,5495.45,122,0
2024-06-27 04:05,@MES#C,5495.19,5495.43,5493.58,5494.07,431,0
2024-06-27 04:06,@MES#C,5494.8,5495.63,5494.52,5495.29,60,0
2024-06-27 04:07,@MES#C,5495.83,5495.91,5495.41,5495.44,304,0
2024-06-27 04:08,@MES#C,5495.17,5495.67,5494.14,5494.23,190,0
2024-06-27 04:09,@MES#C,5494.24,5496.27,5494.06,5495.9,358,0
2024-06-27 04:10,@MES#C,5496.93,5497.83,5496.5,5497.57,456,0
2024-06-27 04:11,@MES#C,5498.9,5500.01,5498.77,5499.67,390,0
2024-06-27 04:12,@MES#C,5498.43,5499.44,5497.89,5499.35,131,0
2024-06-27 04:13,@MES#C,5497.86,5499.5,5497.46,5499.44,165,0
2024-06-27 04:14,@MES#C,5500.36,5501.66,5500.32,5501.58,424,0
2024-06-27 04:15,@MES#C,5500.69,5501.41,5500.23,5500.28,305,0
2024-06-27 04:16,@MES#C,5499.61,5500.04,5498.55,5499.34,157,0
2024-06-27 04:17,@MES#C,5501.31,5502.75,5500.78,5502.53,229,0
2024-06-27 04:18,@MES#C,5503.57,5503.94,5502.78,5503.5,213,0
2024-06-27 04:19,@MES#C,5503.96,5504.21,5503.95,5504.17,216,0
2024-06-27 04:20,@MES#C,5504.36,5505.0,5504.17,5504.55,263,0
2024-06-27 04:21,@MES#C,5503.88,5503.98,5503.31,5503.59,223,0
2024-06-27 04:22,@MES#C,5504.35,5505.07,5504.09,5504.61,154,0
2024-06-27 04:23,@MES#C,5505.52,5505.68,5505.24,5505.59,185,0
2024-06-27 04:24,@MES#C,5506.12,5506.68,5505.21,5505.37,77,0
2024-06-27 04:25,@MES#C,5504.3,5504.57,5503.51,5504.49,267,0
2024-06-27 04:26,@MES#C,5505.02,5505.14,5503.42,5503.87,211,0
2024-06-27 04:27,@MES#C,5503.14,5503.72,5502.98,5503.62,291,0
2024-06-27 04:28,@MES#C,5504.64,5504.83,5503.6,5503.94,129,0
2024-06-27 04:29,@MES#C,5505.36,5505.71,5504.88,5505.23,306,0
2024-06-27 04:30,@MES#C,5505.11,5505.13,5504.54,5504.82,418,0
2024-06-27 04:31,@MES#C,5503.86,5505.05,5503.72,5504.75,494,0
2024-06-27 04:32,@MES#C,5504.59,5505.16,5504.46,5504.5,351,0
2024-06-27 04:33,@MES#C,5504.28,5504.55,5503.78,5503.98,422,0
2024-06-27 04:34,@MES#C,5505.31,5505.87,5504.92,5505.73,151,0
2024-06-27 04:35,@MES#C,5506.84,5508.51,5506.43,5507.61,160,0
2024-06-27 04:36,@MES#C,5507.96,5508.99,5507.8,5508.74,410,0
2024-06-27 04:37,@MES#C,5509.83,5510.22,5509.22,5509.32,333,0
2024-06-27 04:38,@MES#C,5509.89,5510.16,5508.92,5509.47,111,0
2024-06-27 04:39,@MES#C,5509.75,5510.45,5509.69,5509.7,192,0
2024-06-27 04:40,@MES#C,5510.45,5511.96,5510.05,5511.63,124,0
2024-06-27 04:41,@MES#C,5511.39,5511.99,5510.51,5511.81,101,0
2024-06-27 04:42,@MES#C,5512.16,5512.62,5511.49,5511.97,248,0
2024-06-27 04:43,@MES#C,5510.76,5511.17,5510.59,5510.77,387,0
2024-06-27 04:44,@MES#C,5510.78,5510.97,5509.94,5510.24,119,0
2024-06-27 04:45,@MES#C,5509.43,5509.79,5508.91,5509.14,426,0
2024-06-27 04:46,@MES#C,5509.3,5510.77,5509.03,5510.02,488,0
2024-06-27 04:47,@MES#C,5510.61,5510.91,5510.6,5510.89,407,0
2024-06-27 04:48,@MES#C,5510.07,5510.59,5509.49,5510.58,446,0
2024-06-27 04:49,@MES#C,5510.07,5511.85,5509.3,5510.82,467,0
2024-06-27 04:50,@MES#C,5509.75,5510.22,5509.3,5510.05,343,0
2024-06-27 04:51,@MES#C,5508.33,5508.42,5507.32,5508.14,460,0
2024-06-27 04:52,@MES#C,5508.17,5508.43,5507.43,5507.53,332,0
2024-06-27 04:53,@MES#C,5507.32,5507.67,5506.67,5507.58,317,0
2024-06-27 04:54,@MES#C,5507.42,5508.11,5507.3,5507.87,132,0
2024-06-27 04:55,@MES#C,5508.38,5508.97,5508.27,5508.64,100,0
2024-06-27 04:56,@MES#C,5507.29,5507.61,5506.73,5507.61,97,0
2024-06-27 04:57,@MES#C,5507.57,5508.06,5507.31,5507.82,332,0
2024-06-27 04:58,@MES#C,5507.74,5507.84,5506.42,5507.19,177,0
2024-06-27 04:59,@MES#C,5507.44,5508.7,5506.44,5508.37,436,0
2024-06-27 05:00,@MES#C,5508.0,5510.0,5507.3,5509.2,463,0
2024-06-27 05:01,@MES#C,5508.98,5509.19,5508.23,5508.64,74,0
2024-06-27 05:02,@MES#C,5509.04,5509.11,5507.94,5508.47,300,0
2024-06-27 05:03,@MES#C,5508.18,5509.07,5507.85,5508.51,457,0
2024-06-27 05:04,@MES#C,5508.17,5508.8,5507.95,5508.64,171,0
2024-06-27 05:05,@MES#C,5508.01,5509.18,5507.84,5508.9,107,0
2024-06-27 05:06,@MES#C,5508.81,5509.39,5508.39,5509.15,301,0
2024-06-27 05:07,@MES#C,5509.94,5510.21,5508.81,5510.04,328,0
2024-06-27 05:08,@MES#C,5509.24,5509.9,5509.22,5509.77,176,0
2024-06-27 05:09,@MES#C,5509.36,5509.75,5508.29,5509.62,286,0
2024-06-27 05:10,@MES#C,5510.48,5511.02,5509.74,5510.79,137,0
2024-06-27 05:11,@MES#C,5510.64,5510.86,5509.16,5509.49,322,0
2024-06-27 05:12,@MES#C,5508.7,5509.85,5508.56,5509.56,468,0
2024-06-27 05:13,@MES#C,5510.83,5510.95,5510.01,5510.32,56,0
2024-06-27 05:14,@MES#C,5510.77,5511.44,5510.55,5511.14,301,0
2024-06-27 05:15,@MES#C,5511.05,5511.59,5510.65,5510.9,323,0
2024-06-27 05:16,@MES#C,5511.16,5512.17,5509.8,5510.73,280,0
2024-06-27 05:17,@MES#C,5511.14,5511.28,5511.09,5511.14,66,0
2024-06-27 05:18,@MES#C,5511.11,5511.22,5510.18,5510.2,251,0
2024-06-27 05:19,@MES#C,5510.14,5510.49,5509.71,5509.92,60,0
2024-06-27 05:20,@MES#C,5511.04,5511.41,5510.79,5511.33,120,0
2024-06-27 05:21,@MES#C,5513.02,5514.06,5512.67,5513.18,430,0
2024-06-27 05:22,@MES#C,5512.29,5512.65,5512.15,5512.51,159,0
2024-06-27 05:23,@MES#C,5512.01,5512.12,5510.6,5511.11,393,0
2024-06-27 05:24,@MES#C,5510.01,5510.18,5508.99,5509.78,305,0
2024-06-27 05:25,@MES#C,5510.93,5511.47,5509.93,5511.32,374,0
2024-06-27 05:26,@MES#C,5510.26,5510.4,5509.66,5510.02,492,0
2024-06-27 05:27,@MES#C,5510.63,5511.3,5510.31,5510.97,384,0
2024-06-27 05:28,@MES#C,5512.21,5512.42,5511.88,5512.18,326,0
2024-06-27 05:29,@MES#C,5513.59,5513.84,5512.89,5513.1,488,0
2024-06-27 05:30,@MES#C,5514.04,5514.4,5513.02,5513.05,111,0
2024-06-27 05:31,@MES#C,5512.85,5513.76,5512.79,5513.47,425,0
2024-06-27 05:32,@MES#C,5512.56,5512.86,5511.4,5511.91,312,0
2024-06-27 05:33,@MES#C,5514.06,5514.63,5513.64,5514.34,399,0
2024-06-27 05:34,@MES#C,5513.35,5513.94,5512.88,5513.83,449,0
2024-06-27 05:35,@MES#C,5516.68,5516.83,5516.08,5516.39,182,0
2024-06-27 05:36,@MES#C,5517.3,5517.97,5517.21,5517.62,313,0
2024-06-27 05:37,@MES#C,5518.7,5518.85,5517.15,5517.92,257,0
2024-06-27 05:38,@MES#C,5517.86,5518.48,5517.37,5518.03,167,0
2024-06-27 05:39,@MES#C,5517.85,5519.08,5517.52,5518.64,183,0
2024-06-27 05:40,@MES#C,5518.6,5519.36,5518.33,5519.34,226,0
2024-06-27 05:41,@MES#C,5520.78,5520.91,5520.22,5520.81,74,0
2024-06-27 05:42,@MES#C,5521.98,5522.39,5521.19,5521.72,275,0
2024-06-27 05:43,@MES#C,5520.44,5520.48,5519.92,5520.34,498,0
2024-06-27 05:44,@MES#C,5520.52,5520.87,5519.71,5520.68,344,0
2024-06-27 05:45,@MES#C,5521.58,5522.17,5520.52,5520.71,348,0
2024-06-27 05:46,@MES#C,5522.19,5522.25,5521.09,5521.59,133,0
2024-06-27 05:47,@MES#C,5521.74,5522.26,5520.91,5521.45,311,0
2024-06-27 05:48,@MES#C,5519.94,5520.46,5519.7,5520.22,420,0
2024-06-27 05:49,@MES#C,5521.03,5521.45,5520.96,5521.45,186,0
2024-06-27 05:50,@MES#C,5520.93,5521.69,5520.48,5521.05,460,0
2024-06-27 05:51,@MES#C,5521.48,5521.77,5520.48,5520.82,121,0
2024-06-27 05:52,@MES#C,5521.37,5523.38,5520.2,5523.15,405,0
2024-06-27 05:53,@MES#C,5522.55,5523.5,5521.88,5522.07,245,0
2024-06-27 05:54,@MES#C,5521.62,5521.79,5521.5,5521.5,499,0
2024-06-27 05:55,@MES#C,5522.92,5523.18,5522.21,5522.24,455,0
2024-06-27 05:56,@MES#C,5521.84,5523.07,5520.9,5522.48,106,0
2024-06-27 05:57,@MES#C,5522.37,5523.06,5520.79,5521.56,180,0
2024-06-27 05:58,@MES#C,5521.93,5522.82,5521.52,5521.94,154,0
2024-06-27 05:59,@MES#C,5521.0,5521.25,5520.1,5520.27,325,0
2024-06-27 06:00,@MES#C,5521.27,5521.55,5519.9,5520.29,287,0
2024-06-27 06:01,@MES#C,5519.97,5520.59,5519.85,5520.28,202,0
2024-06-27 06:02,@MES#C,5519.44,5519.54,5518.79,5518.99,102,0
2024-06-27 06:03,@MES#C,5517.95,5519.33,5517.82,5519.13,430,0
2024-06-27 06:04,@MES#C,5517.72,5518.6,5517.54,5518.53,79,0
2024-06-27 06:05,@MES#C,5519.23,5519.56,5517.41,5517.46,60,0
2024-06-27 06:06,@MES#C,5517.35,5518.99,5516.96,5518.85,463,0
2024-06-27 06:07,@MES#C,5519.39,5519.91,5518.69,5518.99,92,0
2024-06-27 06:08,@MES#C,5520.3,5521.12,5519.27,5520.63,463,0
2024-06-27 06:09,@MES#C,5519.75,5520.33,5519.65,5519.78,484,0
2024-06-27 06:10,@MES#C,5520.99,5521.12,5520.8,5520.95,241,0
2024-06-27 06:11,@MES#C,5521.12,5521.29,5519.66,5520.15,461,0
2024-06-27 06:12,@MES#C,5519.82,5520.23,5518.94,5519.35,135,0
2024-06-27 06:13,@MES#C,5518.33,5518.87,5518.22,5518.27,195,0
2024-06-27 06:14,@MES#C,5518.79,5519.58,5518.29,5519.39,400,0
2024-06-27 06:15,@MES#C,5519.2,5520.09,5518.99,5519.72,227,0
2024-06-27 06:16,@MES#C,5520.03,5520.83,5519.68,5519.85,133,0
2024-06-27 06:17,@MES#C,5520.11,5520.4,5519.02,5519.19,427,0
2024-06-27 06:18,@MES#C,5520.15,5520.58,5519.69,5519.83,401,0
2024-06-27 06:19,@MES#C,5520.47,5520.55,5518.87,5519.86,399,0
2024-06-27 06:20,@MES#C,5519.67,5520.44,5519.33,5519.78,203,0
2024-06-27 06:21,@MES#C,5519.52,5520.05,5518.99,5519.88,62,0
2024-06-27 06:22,@MES#C,5520.7,5521.0,5519.86,5519.95,260,0
2024-06-27 06:23,@MES#C,5519.15,5519.3,5518.89,5519.24,423,0
2024-06-27 06:24,@MES#C,5520.18,5520.59,5519.41,5519.94,327,0
2024-06-27 06:25,@MES#C,5520.34,5520.63,5519.76,5520.44,495,0
2024-06-27 06:26,@MES#C,5520.22,5520.33,5519.98,5520.28,326,0
2024-06-27 06:27,@MES#C,5520.14,5521.73,5519.89,5521.33,492,0
2024-06-27 06:28,@MES#C,5521.65,5522.35,5521.24,5521.43,288,0
2024-06-27 06:29,@MES#C,5521.17,5521.35,5520.3,5521.16,98,0
2024-06-27 06:30,@MES#C,5522.62,5523.61,5521.86,5523.24,450,0
2024-06-27 06:31,@MES#C,5522.49,5522.89,5522.25,5522.51,411,0
2024-06-27 06:32,@MES#C,5522.62,5523.25,5522.51,5522.81,316,0
2024-06-27 06:33,@MES#C,5523.51,5523.62,5522.41,5522.96,204,0
2024-06-27 06:34,@MES#C,5522.06,5522.17,5521.27,5521.35,265,0
2024-06-27 06:35,@MES#C,5519.93,5520.23,5519.61,5519.83,198,0
2024-06-27 06:36,@MES#C,5519.61,5519.91,5518.87,5519.56,375,0
2024-06-27 06:37,@MES#C,5519.24,5519.41,5518.94,5519.31,370,0
2024-06-27 06:38,@MES#C,5517.86,5518.24,5516.77,5517.45,367,0
2024-06-27 06:39,@MES#C,5517.4,5517.7,5516.17,5516.56,494,0
2024-06-27 06:40,@MES#C,5516.12,5516.32,5515.6,5515.75,85,0
2024-06-27 06:41,@MES#C,5515.18,5515.81,5515.13,5515.8,314,0
2024-06-27 06:42,@MES#C,5514.01,5514.85,5513.56,5514.58,430,0
2024-06-27 06:43,@MES#C,5514.13,5515.0,5512.8,5513.12,173,0
2024-06-27 06:44,@MES#C,5513.81,5514.99,5513.27,5514.9,321,0
2024-06-27 06:45,@MES#C,5515.49,5515.7,5515.08,5515.12,85,0
2024-06-27 06:46,@MES#C,5514.1,5514.42,5513.31,5514.3,83,0
2024-06-27 06:47,@MES#C,5514.02,5514.65,5513.44,5514.54,345,0
2024-06-27 06:48,@MES#C,5514.95,5514.97,5514.48,5514.62,267,0
2024-06-27 06:49,@MES#C,5514.67,5514.67,5514.11,5514.29,357,0
2024-06-27 06:50,@MES#C,5513.48,5514.31,5513.04,5513.67,233,0
2024-06-27 06:51,@MES#C,5514.98,5515.43,5513.93,5514.31,404,0
2024-06-27 06:52,@MES#C,5514.16,5514.6,5513.4,5513.94,190,0
2024-06-27 06:53,@MES#C,5512.93,5514.49,5512.87,5513.89,145,0
2024-06-27 06:54,@MES#C,5514.24,5514.63,5513.86,5514.45,482,0
2024-06-27 06:55,@MES#C,5514.52,5515.04,5513.51,5514.35,409,0
2024-06-27 06:56,@MES#C,5513.39,5513.62,5511.74,5512.17,304,0
2024-06-27 06:57,@MES#C,5512.76,5514.26,5512.18,5513.6,159,0
2024-06-27 06:58,@MES#C,5514.31,5514.31,5513.42,5513.54,90,0
2024-06-27 06:59,@MES#C,5513.51,5514.75,5513.19,5514.45,289,0
2024-06-27 07:00,@MES#C,5514.7,5515.13,5513.5,5514.18,415,0
2024-06-27 07:01,@MES#C,5514.13,5514.88,5513.47,5513.64,359,0
2024-06-27 07:02,@MES#C,5513.5,5513.88,5512.98,5513.07,315,0
2024-06-27 07:03,@MES#C,5512.81,5512.83,5511.68,5512.09,134,0
2024-06-27 07:04,@MES#C,5512.13,5512.3,5511.77,5512.17,64,0
2024-06-27 07:05,@MES#C,5510.84,5511.73,5510.8,5511.55,299,0
2024-06-27 07:06,@MES#C,5511.78,5512.28,5511.65,5511.99,491,0
2024-06-27 07:07,@MES#C,5514.0,5514.67,5513.45,5514.61,125,0
2024-06-27 07:08,@MES#C,5515.6,5515.69,5514.76,5514.77,264,0
2024-06-27 07:09,@MES#C,5514.59,5514.78,5514.11,5514.53,295,0
2024-06-27 07:10,@MES#C,5513.38,5514.12,5512.71,5513.12,464,0
2024-06-27 07:11,@MES#C,5513.39,5513.84,5512.66,5513.2,171,0
2024-06-27 07:12,@MES#C,5513.15,5513.48,5512.9,5513.3,348,0
2024-06-27 07:13,@MES#C,5514.73,5515.9,5514.42,5515.42,100,0
2024-06-27 07:14,@MES#C,5515.76,5515.97,5515.41,5515.55,426,0
2024-06-27 07:15,@MES#C,5515.56,5517.25,5515.02,5517.01,273,0
2024-06-27 07:16,@MES#C,5518.68,5519.49,5518.42,5519.34,85,0
2024-06-27 07:17,@MES#C,5517.9,5518.45,5517.71,5517.87,384,0
2024-06-27 07:18,@MES#C,5519.24,5520.04,5518.77,5520.03,244,0
2024-06-27 07:19,@MES#C,5519.97,5520.02,5518.87,5519.84,147,0
2024-06-27 07:20,@MES#C,5520.06,5520.55,5519.93,5520.5,263,0
2024-06-27 07:21,@MES#C,5518.9,5520.04,5518.65,5519.9,167,0
2024-06-27 07:22,@MES#C,5520.98,5521.68,5520.67,5521.57,115,0
2024-06-27 07:23,@MES#C,5521.5,5522.55,5521.11,5522.28,299,0
2024-06-27 07:24,@MES#C,5522.34,5522.66,5521.79,5522.41,174,0
2024-06-27 07:25,@MES#C,5523.14,5523.39,5521.62,5522.49,433,0
2024-06-27 07:26,@MES#C,5523.31,5523.65,5523.19,5523.52,364,0
2024-06-27 07:27,@MES#C,5522.73,5523.03,5522.35,5522.46,384,0
2024-06-27 07:28,@MES#C,5522.66,5523.85,5522.66,5523.26,200,0
2024-06-27 07:29,@MES#C,5522.52,5522.71,5522.4,5522.41,138,0
2024-06-27 07:30,@MES#C,5522.95,5523.13,5522.48,5523.0,106,0
2024-06-27 07:31,@MES#C,5523.08,5523.32,5521.98,5522.49,292,0
2024-06-27 07:32,@MES#C,5521.96,5522.27,5520.85,5521.52,169,0
2024-06-27 07:33,@MES#C,5521.16,5521.62,5520.49,5520.65,436,0
2024-06-27 07:34,@MES#C,5520.09,5521.46,5519.48,5520.96,468,0
2024-06-27 07:35,@MES#C,5520.87,5521.09,5520.68,5520.74,376,0
2024-06-27 07:36,@MES#C,5520.7,5521.37,5519.58,5519.86,59,0
2024-06-27 07:37,@MES#C,5520.07,5520.25,5518.92,5518.99,84,0
2024-06-27 07:38,@MES#C,5518.96,5519.33,5518.69,5519.2,209,0
2024-06-27 07:39,@MES#C,5518.94,5519.93,5518.94,5519.79,442,0
2024-06-27 07:40,@MES#C,5519.68,5519.99,5519.65,5519.82,406,0
2024-06-27 07:41,@MES#C,5520.66,5521.83,5520.19,5521.3,378,0
2024-06-27 07:42,@MES#C,5521.47,5522.14,5521.19,5521.93,230,0
2024-06-27 07:43,@MES#C,5522.48,5523.29,5522.27,5523.12,138,0
2024-06-27 07:44,@MES#C,5523.87,5524.12,5523.35,5523.72,153,0
2024-06-27 07:45,@MES#C,5524.42,5524.67,5523.23,5523.51,205,0
2024-06-27 07:46,@MES#C,5523.34,5523.43,5523.14,5523.26,243,0
2024-06-27 07:47,@MES#C,5522.8,5523.6,5522.75,5523.59,264,0
2024-06-27 07:48,@MES#C,5523.07,5523.33,5522.52,5522.83,289,0
2024-06-27 07:49,@MES#C,5521.03,5521.18,5520.8,5521.07,194,0
2024-06-27 07:50,@MES#C,5521.8,5522.43,5519.73,5520.16,426,0
2024-06-27 07:51,@MES#C,5519.8,5520.31,5519.54,5520.1,475,0
2024-06-27 07:52,@MES#C,5518.81,5520.46,5518.74,5520.07,333,0
2024-06-27 07:53,@MES#C,5520.57,5521.85,5520.43,5521.01,281,0
2024-06-27 07:54,@MES#C,5520.65,5520.96,5519.84,5520.55,163,0
2024-06-27 07:55,@MES#C,5520.01,5520.43,5519.36,5520.1,159,0
2024-06-27 07:56,@MES#C,5519.87,5520.65,5519.66,5520.37,421,0
2024-06-27 07:57,@MES#C,5520.05,5520.5,5519.27,5519.41,388,0
2024-06-27 07:58,@MES#C,5519.37,5519.63,5519.04,5519.12,163,0
2024-06-27 07:59,@MES#C,5518.91,5519.81,5518.82,5519.4,415,0
2024-06-27 08:00,@MES#C,5519.35,5519.47,5518.27,5518.9,246,0
2024-06-27 08:01,@MES#C,5517.81,5518.49,5517.58,5518.45,391,0
2024-06-27 08:02,@MES#C,5519.38,5519.68,5518.03,5518.76,425,0
2024-06-27 08:03,@MES#C,5520.26,5520.58,5519.22,5519.25,256,0
2024-06-27 08:04,@MES#C,5518.84,5518.89,5518.66,5518.82,240,0
2024-06-27 08:05,@MES#C,5518.98,5519.14,5517.61,5518.31,469,0
2024-06-27 08:06,@MES#C,5517.98,5518.36,5517.61,5517.64,64,0
2024-06-27 08:07,@MES#C,5517.62,5518.42,5516.22,5516.34,64,0
2024-06-27 08:08,@MES#C,5516.57,5516.91,5516.33,5516.42,255,0
2024-06-27 08:09,@MES#C,5517.05,5517.7,5517.03,5517.48,124,0
2024-06-27 08:10,@MES#C,5517.7,5518.62,5517.69,5517.96,446,0
2024-06-27 08:11,@MES#C,5517.03,5517.88,5516.59,5516.65,150,0
2024-06-27 08:12,@MES#C,5517.16,5517.24,5515.39,5515.63,86,0
2024-06-27 08:13,@MES#C,5514.67,5515.14,5514.44,5515.14,80,0
2024-06-27 08:14,@MES#C,5515.04,5515.71,5514.96,5515.27,143,0
2024-06-27 08:15,@MES#C,5516.27,5516.72,5515.92,5516.19,406,0
2024-06-27 08:16,@MES#C,5517.33,5518.39,5516.4,5518.11,499,0
2024-06-27 08:17,@MES#C,5517.64,5518.34,5517.21,5517.67,130,0
2024-06-27 08:18,@MES#C,5519.46,5519.77,5518.89,5519.23,188,0
2024-06-27 08:19,@MES#C,5519.75,5519.95,5518.88,5519.29,473,0
2024-06-27 08:20,@MES#C,5518.65,5518.98,5518.17,5518.6,453,0
2024-06-27 08:21,@MES#C,5518.42,5518.83,5517.62,5517.89,182,0
2024-06-27 08:22,@MES#C,5518.8,5519.62,5518.79,5519.45,112,0
2024-06-27 08:23,@MES#C,5519.88,5520.05,5519.75,5519.77,379,0
2024-06-27 08:24,@MES#C,5518.5,5518.76,5518.4,5518.45,219,0
2024-06-27 08:25,@MES#C,5518.15,5518.6,5517.71,5517.88,355,0
2024-06-27 08:26,@MES#C,5519.45,5519.85,5519.05,5519.61,320,0
2024-06-27 08:27,@MES#C,5518.95,5519.58,5518.57,5519.41,316,0
2024-06-27 08:28,@MES#C,5518.73,5519.15,5518.48,5519.12,89,0
2024-06-27 08:29,@MES#C,5520.88,5522.2,5520.18,5521.61,67,0
2024-06-27 08:30,@MES#C,5521.49,5521.71,5520.68,5521.11,183,0
2024-06-27 08:31,@MES#C,5520.41,5520.66,5519.72,5520.01,340,0
2024-06-27 08:32,@MES#C,5520.12,5520.22,5520.02,5520.2,346,0
2024-06-27 08:33,@MES#C,5520.71,5520.74,5520.67,5520.72,490,0
2024-06-27 08:34,@MES#C,5520.1,5520.31,5519.33,5519.62,293,0
2024-06-27 08:35,@MES#C,5519.58,5520.33,5519.24,5520.07,140,0
2024-06-27 08:36,@MES#C,5519.69,5520.23,5519.07,5519.93,175,0
2024-06-27 08:37,@MES#C,5521.75,5522.64,5521.51,5522.32,90,0
2024-06-27 08:38,@MES#C,5522.06,5522.44,5521.6,5521.99,138,0
2024-06-27 08:39,@MES#C,5521.67,5522.41,5521.58,5522.07,83,0
2024-06-27 08:40,@MES#C,5521.98,5522.96,5520.96,5521.37,176,0
2024-06-27 08:41,@MES#C,5521.76,5522.3,5521.51,5522.06,241,0
2024-06-27 08:42,@MES#C,5521.39,5521.7,5521.02,5521.61,70,0
2024-06-27 08:43,@MES#C,5522.64,5523.07,5521.55,5522.36,119,0
2024-06-27 08:44,@MES#C,5522.4,5523.08,5522.05,5522.7,269,0
2024-06-27 08:45,@MES#C,5522.31,5522.77,5522.15,5522.66,374,0
2024-06-27 08:46,@MES#C,5523.31,5523.68,5522.98,5523.62,430,0
2024-06-27 08:47,@MES#C,5523.18,5523.88,5522.94,5523.18,85,0
2024-06-27 08:48,@MES#C,5524.15,5524.21,5523.91,5524.0,229,0
2024-06-27 08:49,@MES#C,5524.19,5524.28,5523.35,5523.71,71,0
2024-06-27 08:50,@MES#C,5524.19,5524.5,5524.17,5524.33,118,0
2024-06-27 08:51,@MES#C,5525.24,5525.5,5524.7,5524.98,454,0
2024-06-27 08:52,@MES#C,5525.63,5526.69,5525.04,5526.25,57,0
2024-06-27 08:53,@MES#C,5527.24,5528.67,5527.0,5528.22,398,0
2024-06-27 08:54,@MES#C,5527.02,5528.26,5526.31,5527.66,94,0
2024-06-27 08:55,@MES#C,5526.27,5526.87,5525.59,5526.43,99,0
2024-06-27 08:56,@MES#C,5526.4,5527.16,5526.11,5526.41,92,0
2024-06-27 08:57,@MES#C,5526.12,5526.59,5525.07,5525.93,333,0
2024-06-27 08:58,@MES#C,5525.67,5525.77,5524.8,5524.88,362,0
2024-06-27 08:59,@MES#C,5525.37,5527.38,5525.17,5526.7,108,0
2024-06-27 09:00,@MES#C,5527.93,5528.25,5527.36,5527.62,323,0
2024-06-27 09:01,@MES#C,5529.15,5530.05,5528.87,5529.35,91,0
2024-06-27 09:02,@MES#C,5531.1,5531.29,5529.24,5530.25,463,0
2024-06-27 09:03,@MES#C,5530.96,5531.13,5530.63,5530.98,440,0
2024-06-27 09:04,@MES#C,5529.38,5529.91,5528.77,5529.8,426,0
2024-06-27 09:05,@MES#C,5530.26,5530.31,5530.13,5530.14,107,0
2024-06-27 09:06,@MES#C,5529.58,5529.9,5529.16,5529.61,248,0
2024-06-27 09:07,@MES#C,5529.07,5529.64,5528.79,5529.45,128,0
2024-06-27 09:08,@MES#C,5529.08,5530.04,5528.35,5529.49,476,0
2024-06-27 09:09,@MES#C,5530.42,5530.63,5530.26,5530.54,201,0
2024-06-27 09:10,@MES#C,5530.03,5530.62,5529.22,5529.92,278,0
2024-06-27 09:11,@MES#C,5529.97,5530.1,5529.64,5530.09,208,0
2024-06-27 09:12,@MES#C,5529.85,5529.98,5529.55,5529.9,294,0
2024-06-27 09:13,@MES#C,5530.05,5530.57,5529.98,5530.29,292,0
2024-06-27 09:14,@MES#C,5530.15,5531.42,5529.4,5531.04,451,0
2024-06-27 09:15,@MES#C,5530.54,5530.89,5529.83,5529.89,403,0
2024-06-27 09:16,@MES#C,5528.88,5530.69,5528.85,5530.04,455,0
2024-06-27 09:17,@MES#C,5530.26,5530.59,5529.87,5529.87,194,0
2024-06-27 09:18,@MES#C,5530.95,5531.6,5530.6,5530.7,357,0
2024-06-27 09:19,@MES#C,5529.24,5529.54,5527.99,5528.61,59,0
2024-06-27 09:20,@MES#C,5529.17,5529.36,5528.15,5528.96,495,0
2024-06-27 09:21,@MES#C,5529.29,5529.6,5529.27,5529.38,365,0
2024-06-27 09:22,@MES#C,5529.66,5530.0,5529.52,5529.65,485,0
2024-06-27 09:23,@MES#C,5531.02,5532.21,5530.75,5531.52,420,0
2024-06-27 09:24,@MES#C,5530.24,5530.33,5529.58,5530.16,430,0
2024-06-27 09:25,@MES#C,5530.1,5530.38,5530.03,5530.34,305,0
2024-06-27 09:26,@MES#C,5530.63,5531.89,5530.61,5531.27,127,0
2024-06-27 09:27,@MES#C,5532.5,5533.22,5531.32,5531.85,88,0
2024-06-27 09:28,@MES#C,5533.05,5534.3,5532.63,5533.46,213,0
2024-06-27 09:29,@MES#C,5533.74,5533.86,5533.09,5533.33,438,0
2024-06-27 09:30,@MES#C,5533.2,5533.55,5532.26,5532.46,319,0
2024-06-27 09:31,@MES#C,5533.03,5533.62,5532.97,5533.09,234,0
2024-06-27 09:32,@MES#C,5534.15,5534.33,5532.87,5533.02,210,0
2024-06-27 09:33,@MES#C,5533.95,5535.29,5533.67,5534.49,316,0
2024-06-27 09:34,@MES#C,5534.96,5535.29,5533.89,5534.53,69,0
2024-06-27 09:35,@MES#C,5534.38,5534.97,5533.96,5534.86,177,0
2024-06-27 09:36,@MES#C,5535.05,5535.43,5534.27,5534.9,295,0
2024-06-27 09:37,@MES#C,5535.26,5535.88,5535.19,5535.59,464,0
2024-06-27 09:38,@MES#C,5534.49,5534.51,5533.8,5533.9,188,0
2024-06-27 09:39,@MES#C,5533.05,5533.44,5532.51,5532.84,320,0
2024-06-27 09:40,@MES#C,5532.95,5533.19,5532.84,5533.09,201,0
2024-06-27 09:41,@MES#C,5532.57,5534.03,5532.23,5533.43,313,0
2024-06-27 09:42,@MES#C,5534.31,5534.69,5533.09,5533.22,446,0
2024-06-27 09:43,@MES#C,5532.97,5533.56,5532.82,5533.41,272,0
2024-06-27 09:44,@MES#C,5533.39,5534.47,5532.16,5532.67,145,0
2024-06-27 09:45,@MES#C,5531.18,5531.61,5530.87,5531.44,318,0
2024-06-27 09:46,@MES#C,5532.33,5532.68,5531.66,5531.78,68,0
2024-06-27 09:47,@MES#C,5530.1,5530.55,5529.75,5530.18,247,0
2024-06-27 09:48,@MES#C,5530.75,5532.48,5530.1,5531.38,356,0
2024-06-27 09:49,@MES#C,5532.45,5533.15,5531.03,5531.75,174,0
2024-06-27 09:50,@MES#C,5531.0,5531.22,5530.51,5530.82,268,0
2024-06-27 09:51,@MES#C,5531.0,5531.28,5530.08,5530.36,261,0
2024-06-27 09:52,@MES#C,5528.91,5530.76,5528.5,5529.76,253,0
2024-06-27 09:53,@MES#C,5530.33,5530.65,5530.15,5530.63,313,0
2024-06-27 09:54,@MES#C,5530.56,5531.87,5530.03,5530.99,367,0
2024-06-27 09:55,@MES#C,5530.66,5530.81,5530.0,5530.37,433,0
2024-06-27 09:56,@MES#C,5531.07,5531.25,5529.98,5530.24,406,0
2024-06-27 09:57,@MES#C,5530.63,5531.22,5530.49,5531.2,149,0
2024-06-27 09:58,@MES#C,5531.59,5532.3,5530.9,5531.95,135,0
2024-06-27 09:59,@MES#C,5531.1,5531.72,5530.99,5531.43,55,0
2024-06-27 10:00,@MES#C,5530.85,5531.26,5530.28,5531.21,313,0
2024-06-27 10:01,@MES#C,5532.01,5532.88,5531.91,5532.15,440,0
2024-06-27 10:02,@MES#C,5531.76,5532.05,5531.36,5531.36,295,0
2024-06-27 10:03,@MES#C,5530.23,5530.31,5529.7,5529.96,406,0
2024-06-27 10:04,@MES#C,5529.94,5530.58,5529.57,5530.08,452,0
2024-06-27 10:05,@MES#C,5530.49,5530.97,5530.4,5530.63,451,0
2024-06-27 10:06,@MES#C,5531.84,5532.23,5531.43,5532.17,104,0
2024-06-27 10:07,@MES#C,5532.17,5532.56,5532.02,5532.34,471,0
2024-06-27 10:08,@MES#C,5532.04,5532.86,5531.51,5531.73,226,0
2024-06-27 10:09,@MES#C,5530.42,5530.8,5529.98,5530.21,496,0
2024-06-27 10:10,@MES#C,5531.39,5531.84,5531.09,5531.39,128,0
2024-06-27 10:11,@MES#C,5531.46,5531.82,5531.34,5531.75,246,0
2024-06-27 10:12,@MES#C,5532.22,5532.36,5531.16,5531.37,492,0
2024-06-27 10:13,@MES#C,5531.7,5532.5,5531.3,5531.39,423,0
2024-06-27 10:14,@MES#C,5530.54,5531.16,5529.67,5530.84,353,0
2024-06-27 10:15,@MES#C,5531.12,5531.43,5529.86,5530.28,369,0
2024-06-27 10:16,@MES#C,5530.15,5531.07,5529.36,5529.68,376,0
2024-06-27 10:17,@MES#C,5531.12,5531.56,5530.67,5531.0,102,0
2024-06-27 10:18,@MES#C,5530.9,5531.31,5530.86,5531.19,317,0
2024-06-27 10:19,@MES#C,5532.04,5532.41,5530.73,5531.73,442,0
2024-06-27 10:20,@MES#C,5531.45,5531.62,5530.66,5530.79,478,0
2024-06-27 10:21,@MES#C,5531.44,5531.73,5530.77,5531.68,116,0
2024-06-27 10:22,@MES#C,5532.27,5532.42,5531.71,5532.02,182,0
2024-06-27 10:23,@MES#C,5531.13,5532.16,5530.65,5531.66,168,0
2024-06-27 10:24,@MES#C,5532.9,5534.83,5532.76,5534.14,251,0
2024-06-27 10:25,@MES#C,5532.67,5532.89,5532.66,5532.68,355,0
2024-06-27 10:26,@MES#C,5531.17,5531.43,5530.59,5531.0,213,0
2024-06-27 10:27,@MES#C,5531.34,5532.7,5531.19,5532.01,114,0
2024-06-27 10:28,@MES#C,5532.16,5532.55,5531.95,5532.29,181,0
2024-06-27 10:29,@MES#C,5530.43,5530.87,5530.33,5530.68,440,0
2024-06-27 10:30,@MES#C,5528.86,5529.15,5528.16,5528.83,62,0
2024-06-27 10:31,@MES#C,5528.19,5528.43,5526.68,5526.96,409,0
2024-06-27 10:32,@MES#C,5526.79,5527.29,5526.36,5527.15,281,0
2024-06-27 10:33,@MES#C,5525.84,5526.65,5524.63,5525.0,375,0
2024-06-27 10:34,@MES#C,5523.99,5524.07,5522.59,5523.05,295,0
2024-06-27 10:35,@MES#C,5523.01,5523.46,5522.22,5522.96,257,0
2024-06-27 10:36,@MES#C,5522.57,5522.73,5521.24,5521.9,304,0
2024-06-27 10:37,@MES#C,5522.58,5522.58,5521.61,5522.07,465,0
2024-06-27 10:38,@MES#C,5522.08,5522.33,5521.3,5522.01,254,0
2024-06-27 10:39,@MES#C,5520.41,5520.53,5520.21,5520.29,119,0
2024-06-27 10:40,@MES#C,5520.17,5521.11,5520.12,5521.06,363,0
2024-06-27 10:41,@MES#C,5519.66,5519.96,5519.24,5519.86,73,0
2024-06-27 10:42,@MES#C,5519.82,5520.07,5519.42,5519.74,129,0
2024-06-27 10:43,@MES#C,5519.56,5519.9,5519.15,5519.2,291,0
2024-06-27 10:44,@MES#C,5519.94,5520.16,5519.82,5520.06,230,0
2024-06-27 10:45,@MES#C,5520.46,5520.87,5520.39,5520.61,160,0
2024-06-27 10:46,@MES#C,5520.76,5521.38,5520.33,5520.47,334,0
2024-06-27 10:47,@MES#C,5520.24,5521.15,5519.53,5520.86,236,0
2024-06-27 10:48,@MES#C,5520.3,5520.44,5519.08,5519.38,411,0
2024-06-27 10:49,@MES#C,5520.15,5520.47,5519.38,5519.59,194,0
2024-06-27 10:50,@MES#C,5520.38,5520.49,5518.29,5519.17,459,0
2024-06-27 10:51,@MES#C,5520.04,5521.94,5519.54,5521.85,159,0
2024-06-27 10:52,@MES#C,5521.44,5521.75,5521.07,5521.48,295,0
2024-06-27 10:53,@MES#C,5521.79,5522.15,5521.43,5521.69,130,0
2024-06-27 10:54,@MES#C,5521.36,5521.64,5520.5,5520.76,443,0
2024-06-27 10:55,@MES#C,5519.36,5520.14,5518.81,5519.97,61,0
2024-06-27 10:56,@MES#C,5519.68,5519.95,5519.06,5519.21,420,0
2024-06-27 10:57,@MES#C,5519.06,5519.62,5517.9,5518.17,112,0
2024-06-27 10:58,@MES#C,5517.57,5518.07,5517.55,5517.68,429,0
2024-06-27 10:59,@MES#C,5520.02,5520.25,5519.55,5519.94,201,0
2024-06-27 11:00,@MES#C,5518.17,5519.06,5517.82,5518.92,486,0
2024-06-27 11:01,@MES#C,5518.06,5518.75,5517.47,5517.5,327,0
2024-06-27 11:02,@MES#C,5516.97,5517.03,5515.74,5516.34,485,0
2024-06-27 11:03,@MES#C,5516.49,5518.0,5516.35,5517.44,147,0
2024-06-27 11:04,@MES#C,5519.66,5520.1,5519.36,5519.51,95,0
2024-06-27 11:05,@MES#C,5519.32,5520.55,5518.93,5519.59,480,0
2024-06-27 11:06,@MES#C,5519.97,5520.05,5519.11,5519.51,108,0
2024-06-27 11:07,@MES#C,5520.2,5520.86,5519.48,5520.09,441,0
2024-06-27 11:08,@MES#C,5520.21,5520.78,5520.1,5520.55,154,0
2024-06-27 11:09,@MES#C,5520.17,5520.83,5519.87,5520.1,196,0
2024-06-27 11:10,@MES#C,5520.92,5522.0,5520.82,5520.92,183,0
2024-06-27 11:11,@MES#C,5520.43,5522.27,5520.1,5521.3,417,0
2024-06-27 11:12,@MES#C,5521.96,5522.28,5520.73,5521.54,330,0
2024-06-27 11:13,@MES#C,5522.29,5522.65,5521.78,5522.59,398,0
2024-06-27 11:14,@MES#C,5524.11,5524.13,5523.08,5523.1,260,0
2024-06-27 11:15,@MES#C,5523.89,5524.81,5523.45,5524.04,120,0
2024-06-27 11:16,@MES#C,5525.13,5525.45,5524.12,5524.41,348,0
2024-06-27 11:17,@MES#C,5523.64,5524.09,5521.97,5523.08,322,0
2024-06-27 11:18,@MES#C,5522.96,5523.74,5522.58,5523.28,128,0
2024-06-27 11:19,@MES#C,5522.5,5522.58,5521.74,5522.06,98,0
2024-06-27 11:20,@MES#C,5523.28,5523.86,5522.88,5523.58,294,0
2024-06-27 11:21,@MES#C,5523.11,5524.63,5522.81,5523.64,178,0
2024-06-27 11:22,@MES#C,5523.07,5523.86,5522.43,5522.65,69,0
2024-06-27 11:23,@MES#C,5522.87,5523.2,5522.75,5523.1,417,0
2024-06-27 11:24,@MES#C,5524.32,5525.08,5523.9,5524.88,65,0
2024-06-27 11:25,@MES#C,5525.66,5526.59,5525.02,5526.37,352,0
2024-06-27 11:26,@MES#C,5526.97,5527.83,5526.18,5527.76,283,0
2024-06-27 11:27,@MES#C,5528.3,5528.73,5527.45,5527.69,89,0
2024-06-27 11:28,@MES#C,5529.13,5529.59,5528.94,5529.43,147,0
2024-06-27 11:29,@MES#C,5529.02,5530.34,5528.43,5529.83,240,0
2024-06-27 11:30,@MES#C,5529.86,5530.21,5529.69,5529.9,442,0
2024-06-27 11:31,@MES#C,5530.61,5531.71,5530.6,5531.42,442,0
2024-06-27 11:32,@MES#C,5530.81,5531.09,5530.43,5530.95,391,0
2024-06-27 11:33,@MES#C,5531.51,5532.05,5530.78,5530.99,427,0
2024-06-27 11:34,@MES#C,5532.19,5532.8,5531.34,5532.17,66,0
2024-06-27 11:35,@MES#C,5532.31,5532.32,5531.34,5531.61,353,0
2024-06-27 11:36,@MES#C,5532.01,5532.04,5531.36,5531.61,160,0
2024-06-27 11:37,@MES#C,5532.32,5532.79,5531.9,5532.01,496,0
2024-06-27 11:38,@MES#C,5531.61,5532.07,5530.96,5531.36,108,0
2024-06-27 11:39,@MES#C,5531.15,5532.88,5530.69,5532.65,112,0
2024-06-27 11:40,@MES#C,5531.42,5531.81,5530.88,5531.66,222,0
2024-06-27 11:41,@MES#C,5530.07,5530.34,5529.28,5529.46,177,0
2024-06-27 11:42,@MES#C,5528.62,5529.24,5528.61,5528.71,79,0
2024-06-27 11:43,@MES#C,5529.88,5530.35,5529.28,5530.02,457,0
2024-06-27 11:44,@MES#C,5529.88,5530.59,5529.84,5530.34,402,0
2024-06-27 11:45,@MES#C,5530.6,5531.28,5530.38,5531.08,104,0
2024-06-27 11:46,@MES#C,5531.37,5531.97,5530.73,5530.87,108,0
2024-06-27 11:47,@MES#C,5530.77,5531.35,5530.71,5531.08,405,0
2024-06-27 11:48,@MES#C,5530.18,5530.42,5529.75,5529.8,137,0
2024-06-27 11:49,@MES#C,5529.17,5529.63,5528.87,5529.54,70,0
2024-06-27 11:50,@MES#C,5530.25,5530.63,5530.0,5530.06,161,0
2024-06-27 11:51,@MES#C,5528.31,5528.68,5527.6,5527.73,231,0
2024-06-27 11:52,@MES#C,5527.82,5528.03,5527.54,5527.91,319,0
2024-06-27 11:53,@MES#C,5529.36,5529.62,5528.87,5529.15,250,0
2024-06-27 11:54,@MES#C,5529.21,5529.91,5528.32,5528.9,264,0
2024-06-27 11:55,@MES#C,5529.92,5530.98,5529.53,5530.88,362,0
2024-06-27 11:56,@MES#C,5530.53,5531.15,5529.54,5529.64,418,0
2024-06-27 11:57,@MES#C,5531.21,5531.75,5531.11,5531.16,68,0
2024-06-27 11:58,@MES#C,5530.93,5531.07,5530.15,5530.64,128,0
2024-06-27 11:59,@MES#C,5531.16,5532.13,5530.74,5532.01,166,0
2024-06-27 12:00,@MES#C,5531.65,5532.19,5530.92,5531.47,85,0
2024-06-27 12:01,@MES#C,5532.37,5532.49,5532.14,5532.25,78,0
2024-06-27 12:02,@MES#C,5532.34,5533.36,5532.34,5532.99,329,0
2024-06-27 12:03,@MES#C,5533.27,5534.19,5532.57,5533.78,72,0
2024-06-27 12:04,@MES#C,5533.96,5534.62,5532.31,5532.31,483,0
2024-06-27 12:05,@MES#C,5531.82,5532.44,5531.59,5532.09,149,0
2024-06-27 12:06,@MES#C,5531.65,5531.85,5531.13,5531.47,100,0
2024-06-27 12:07,@MES#C,5532.47,5532.79,5532.22,5532.63,485,0
2024-06-27 12:08,@MES#C,5532.56,5533.28,5531.57,5531.95,412,0
2024-06-27 12:09,@MES#C,5532.77,5533.71,5532.0,5532.5,424,0
2024-06-27 12:10,@MES#C,5533.01,5533.17,5531.95,5532.94,79,0
2024-06-27 12:11,@MES#C,5532.08,5532.42,5531.23,5531.64,444,0
2024-06-27 12:12,@MES#C,5530.9,5531.36,5530.74,5531.01,216,0
2024-06-27 12:13,@MES#C,5529.99,5530.6,5528.45,5529.11,208,0
2024-06-27 12:14,@MES#C,5529.38,5529.95,5528.64,5528.8,434,0
2024-06-27 12:15,@MES#C,5529.64,5530.53,5529.53,5530.16,374,0
2024-06-27 12:16,@MES#C,5530.56,5530.63,5529.77,5530.27,397,0
2024-06-27 12:17,@MES#C,5530.57,5531.94,5530.31,5531.48,191,0
2024-06-27 12:18,@MES#C,5531.54,5532.12,5531.16,5531.5,277,0
2024-06-27 12:19,@MES#C,5531.95,5532.82,5531.48,5532.52,360,0
2024-06-27 12:20,@MES#C,5532.58,5532.6,5531.7,5531.99,310,0
2024-06-27 12:21,@MES#C,5531.7,5531.98,5531.35,5531.64,176,0
2024-06-27 12:22,@MES#C,5532.41,5532.54,5531.57,5531.61,403,0
2024-06-27 12:23,@MES#C,5530.51,5530.81,5529.43,5529.59,262,0
2024-06-27 12:24,@MES#C,5529.52,5529.88,5529.0,5529.12,395,0
2024-06-27 12:25,@MES#C,5528.65,5529.26,5528.45,5528.79,443,0
2024-06-27 12:26,@MES#C,5528.0,5528.54,5527.54,5527.6,123,0
2024-06-27 12:27,@MES#C,5527.78,5527.83,5527.48,5527.52,246,0
2024-06-27 12:28,@MES#C,5527.57,5528.1,5527.53,5527.68,186,0
2024-06-27 12:29,@MES#C,5528.14,5528.61,5526.5,5527.48,261,0
2024-06-27 12:30,@MES#C,5528.82,5529.3,5527.71,5527.83,177,0
2024-06-27 12:31,@MES#C,5527.61,5528.46,5527.45,5528.14,67,0
2024-06-27 12:32,@MES#C,5527.9,5528.67,5527.57,5527.58,459,0
2024-06-27 12:33,@MES#C,5528.44,5528.7,5527.19,5527.67,448,0
2024-06-27 12:34,@MES#C,5527.9,5528.41,5527.72,5528.23,338,0
2024-06-27 12:35,@MES#C,5528.31,5528.56,5527.47,5527.7,196,0
2024-06-27 12:36,@MES#C,5527.61,5528.16,5527.41,5527.83,467,0
2024-06-27 12:37,@MES#C,5527.39,5528.37,5527.0,5527.98,150,0
2024-06-27 12:38,@MES#C,5529.5,5529.51,5527.85,5528.59,485,0
2024-06-27 12:39,@MES#C,5529.66,5530.06,5529.61,5530.05,107,0
2024-06-27 12:40,@MES#C,5528.36,5528.45,5528.08,5528.17,142,0
2024-06-27 12:41,@MES#C,5528.39,5529.24,5528.18,5528.77,440,0
2024-06-27 12:42,@MES#C,5528.7,5528.84,5528.48,5528.65,173,0
2024-06-27 12:43,@MES#C,5529.15,5529.21,5527.93,5528.55,120,0
2024-06-27 12:44,@MES#C,5528.37,5529.54,5528.35,5529.47,391,0
2024-06-27 12:45,@MES#C,5529.22,5529.58,5527.16,5528.04,339,0
2024-06-27 12:46,@MES#C,5528.42,5528.82,5527.96,5528.75,407,0
2024-06-27 12:47,@MES#C,5528.96,5529.17,5527.87,5528.02,51,0
2024-06-27 12:48,@MES#C,5528.75,5529.94,5528.15,5529.31,415,0
2024-06-27 12:49,@MES#C,5528.71,5529.9,5528.67,5529.25,290,0
2024-06-27 12:50,@MES#C,5529.22,5529.92,5528.43,5529.51,416,0
2024-06-27 12:51,@MES#C,5529.93,5530.68,5529.62,5530.53,393,0
2024-06-27 12:52,@MES#C,5530.92,5531.74,5530.23,5531.71,255,0
2024-06-27 12:53,@MES#C,5531.79,5532.71,5531.66,5532.1,168,0
2024-06-27 12:54,@MES#C,5532.79,5532.91,5531.97,5532.73,395,0
2024-06-27 12:55,@MES#C,5533.71,5534.42,5533.7,5534.33,313,0
2024-06-27 12:56,@MES#C,5534.3,5534.65,5534.13,5534.41,57,0
2024-06-27 12:57,@MES#C,5534.15,5535.05,5533.92,5533.96,362,0
2024-06-27 12:58,@MES#C,5533.54,5533.68,5532.27,5532.42,499,0
2024-06-27 12:59,@MES#C,5531.99,5532.94,5531.74,5532.39,379,0
2024-06-27 13:00,@MES#C,5532.35,5533.48,5532.2,5533.39,115,0
2024-06-27 13:01,@MES#C,5533.94,5534.67,5533.77,5533.91,64,0
2024-06-27 13:02,@MES#C,5532.97,5533.4,5532.78,5533.04,294,0
2024-06-27 13:03,@MES#C,5532.04,5532.29,5531.28,5531.74,108,0
2024-06-27 13:04,@MES#C,5531.02,5531.8,5530.36,5530.36,348,0
2024-06-27 13:05,@MES#C,5529.77,5530.58,5529.67,5529.9,111,0
2024-06-27 13:06,@MES#C,5530.75,5531.18,5530.48,5530.77,230,0
2024-06-27 13:07,@MES#C,5530.94,5531.74,5530.82,5531.68,441,0
2024-06-27 13:08,@MES#C,5531.05,5531.75,5530.59,5531.26,155,0
2024-06-27 13:09,@MES#C,5531.04,5531.1,5530.57,5530.86,86,0
2024-06-27 13:10,@MES#C,5530.99,5531.27,5530.47,5530.54,386,0
2024-06-27 13:11,@MES#C,5530.52,5530.53,5530.43,5530.44,400,0
2024-06-27 13:12,@MES#C,5529.82,5530.67,5529.77,5530.48,336,0
2024-06-27 13:13,@MES#C,5530.31,5530.7,5528.68,5529.65,155,0
2024-06-27 13:14,@MES#C,5529.85,5530.93,5529.46,5530.58,298,0
2024-06-27 13:15,@MES#C,5531.87,5532.39,5531.76,5532.38,55,0
2024-06-27 13:16,@MES#C,5532.27,5532.32,5532.12,5532.3,123,0
2024-06-27 13:17,@MES#C,5531.34,5532.17,5530.83,5532.02,264,0
2024-06-27 13:18,@MES#C,5531.75,5532.07,5531.06,5532.0,336,0
2024-06-27 13:19,@MES#C,5531.25,5531.72,5530.71,5531.3,202,0
2024-06-27 13:20,@MES#C,5531.13,5531.6,5530.76,5530.78,280,0
2024-06-27 13:21,@MES#C,5530.88,5531.87,5530.59,5530.8,496,0
2024-06-27 13:22,@MES#C,5531.18,5531.38,5530.37,5530.54,305,0
2024-06-27 13:23,@MES#C,5530.53,5531.37,5530.45,5531.02,421,0
2024-06-27 13:24,@MES#C,5531.94,5532.13,5531.0,5531.43,495,0
2024-06-27 13:25,@MES#C,5531.79,5532.0,5530.17,5530.34,245,0
2024-06-27 13:26,@MES#C,5530.52,5530.97,5529.96,5530.21,327,0
2024-06-27 13:27,@MES#C,5530.65,5531.05,5530.22,5530.88,116,0
2024-06-27 13:28,@MES#C,5530.4,5531.64,5529.98,5531.11,433,0
2024-06-27 13:29,@MES#C,5533.15,5533.34,5533.14,5533.24,240,0
2024-06-27 13:30,@MES#C,5532.34,5533.35,5531.97,5533.12,54,0
2024-06-27 13:31,@MES#C,5533.6,5533.74,5532.11,5533.18,368,0
2024-06-27 13:32,@MES#C,5533.09,5533.67,5532.85,5533.57,88,0
2024-06-27 13:33,@MES#C,5534.54,5535.29,5534.28,5534.51,227,0
2024-06-27 13:34,@MES#C,5534.69,5535.52,5534.35,5534.43,132,0
2024-06-27 13:35,@MES#C,5534.09,5535.05,5533.75,5535.01,328,0
2024-06-27 13:36,@MES#C,5534.03,5534.67,5533.93,5534.24,438,0
2024-06-27 13:37,@MES#C,5534.16,5535.04,5533.67,5534.82,267,0
2024-06-27 13:38,@MES#C,5533.3,5534.23,5532.92,5533.6,327,0
2024-06-27 13:39,@MES#C,5533.6,5534.22,5532.11,5532.42,159,0
2024-06-27 13:40,@MES#C,5532.52,5533.89,5532.48,5533.41,131,0
2024-06-27 13:41,@MES#C,5533.3,5533.44,5533.0,5533.07,50,0
2024-06-27 13:42,@MES#C,5533.31,5533.95,5532.83,5533.46,72,0
2024-06-27 13:43,@MES#C,5534.28,5534.43,5533.47,5533.71,217,0
2024-06-27 13:44,@MES#C,5533.2,5533.43,5532.07,5532.33,369,0
2024-06-27 13:45,@MES#C,5532.73,5533.09,5532.23,5532.43,444,0
2024-06-27 13:46,@MES#C,5530.75,5531.24,5530.52,5530.94,274,0
2024-06-27 13:47,@MES#C,5530.26,5531.36,5530.24,5530.66,255,0
2024-06-27 13:48,@MES#C,5530.48,5531.13,5530.25,5530.42,123,0
2024-06-27 13:49,@MES#C,5530.64,5530.87,5530.22,5530.25,326,0
2024-06-27 13:50,@MES#C,5528.61,5528.79,5528.23,5528.33,215,0
2024-06-27 13:51,@MES#C,5528.37,5528.74,5527.11,5527.22,216,0
2024-06-27 13:52,@MES#C,5527.29,5528.65,5526.92,5528.27,101,0
2024-06-27 13:53,@MES#C,5529.15,5529.53,5528.5,5528.61,66,0
2024-06-27 13:54,@MES#C,5527.45,5528.37,5527.29,5527.81,215,0
2024-06-27 13:55,@MES#C,5526.48,5526.54,5525.62,5525.76,143,0
2024-06-27 13:56,@MES#C,5525.23,5525.52,5525.09,5525.31,339,0
2024-06-27 13:57,@MES#C,5524.78,5525.03,5524.23,5524.71,347,0
2024-06-27 13:58,@MES#C,5525.32,5526.77,5525.19,5526.35,109,0
2024-06-27 13:59,@MES#C,5526.12,5527.67,5525.97,5526.75,252,0
2024-06-27 14:00,@MES#C,5527.34,5527.51,5526.51,5526.66,490,0
2024-06-27 14:01,@MES#C,5526.73,5526.89,5526.09,5526.36,380,0
2024-06-27 14:02,@MES#C,5526.68,5526.83,5526.21,5526.72,354,0
2024-06-27 14:03,@MES#C,5526.08,5526.97,5525.81,5526.7,445,0
2024-06-27 14:04,@MES#C,5528.07,5528.29,5527.73,5527.87,310,0
2024-06-27 14:05,@MES#C,5526.65,5527.59,5526.22,5527.03,207,0
2024-06-27 14:06,@MES#C,5526.95,5527.3,5526.67,5526.7,336,0
2024-06-27 14:07,@MES#C,5527.48,5528.48,5527.38,5527.91,201,0
2024-06-27 14:08,@MES#C,5527.34,5528.09,5526.85,5526.9,352,0
2024-06-27 14:09,@MES#C,5526.96,5527.77,5526.75,5527.49,355,0
2024-06-27 14:10,@MES#C,5528.01,5528.41,5526.46,5527.1,326,0
2024-06-27 14:11,@MES#C,5525.83,5526.34,5524.77,5525.19,121,0
2024-06-27 14:12,@MES#C,5526.11,5526.53,5525.11,5525.24,374,0
2024-06-27 14:13,@MES#C,5524.6,5525.06,5523.59,5524.26,139,0
2024-06-27 14:14,@MES#C,5523.88,5523.93,5523.43,5523.9,276,0
2024-06-27 14:15,@MES#C,5524.83,5525.3,5523.38,5524.06,201,0
2024-06-27 14:16,@MES#C,5523.98,5525.23,5523.81,5524.95,96,0
2024-06-27 14:17,@MES#C,5524.37,5525.36,5524.01,5525.17,252,0
2024-06-27 14:18,@MES#C,5525.23,5525.54,5524.96,5525.06,180,0
2024-06-27 14:19,@MES#C,5523.93,5524.68,5523.69,5524.5,461,0
2024-06-27 14:20,@MES#C,5525.45,5525.7,5525.09,5525.59,97,0
2024-06-27 14:21,@MES#C,5525.83,5526.62,5525.42,5525.72,404,0
2024-06-27 14:22,@MES#C,5526.31,5526.49,5525.77,5526.26,467,0
2024-06-27 14:23,@MES#C,5526.74,5527.16,5526.24,5526.9,399,0
2024-06-27 14:24,@MES#C,5527.47,5527.91,5526.88,5527.21,433,0
2024-06-27 14:25,@MES#C,5526.87,5527.51,5526.56,5527.32,50,0
2024-06-27 14:26,@MES#C,5527.79,5528.53,5527.27,5527.57,64,0
2024-06-27 14:27,@MES#C,5528.25,5528.85,5526.92,5526.96,430,0
2024-06-27 14:28,@MES#C,5525.82,5526.48,5525.1,5525.25,335,0
2024-06-27 14:29,@MES#C,5525.66,5525.85,5525.27,5525.47,212,0
2024-06-27 14:30,@MES#C,5525.97,5526.91,5525.96,5526.66,185,0
2024-06-27 14:31,@MES#C,5526.79,5526.96,5526.15,5526.32,270,0
2024-06-27 14:32,@MES#C,5526.56,5526.76,5526.51,5526.56,282,0
2024-06-27 14:33,@MES#C,5526.71,5526.94,5526.05,5526.16,147,0
2024-06-27 14:34,@MES#C,5526.32,5527.1,5526.17,5526.46,51,0
2024-06-27 14:35,@MES#C,5525.9,5526.49,5525.29,5526.38,453,0
2024-06-27 14:36,@MES#C,5526.23,5526.67,5526.18,5526.34,323,0
2024-06-27 14:37,@MES#C,5526.18,5526.67,5525.62,5526.14,406,0
2024-06-27 14:38,@MES#C,5527.77,5528.0,5527.7,5527.75,53,0
2024-06-27 14:39,@MES#C,5526.91,5527.3,5526.04,5526.59,103,0
2024-06-27 14:40,@MES#C,5525.91,5526.2,5525.73,5526.01,430,0
2024-06-27 14:41,@MES#C,5524.73,5525.62,5524.59,5525.05,420,0
2024-06-27 14:42,@MES#C,5524.14,5524.29,5523.78,5523.88,110,0
2024-06-27 14:43,@MES#C,5524.62,5525.51,5524.34,5524.73,263,0
2024-06-27 14:44,@MES#C,5524.29,5524.37,5523.76,5523.84,130,0
2024-06-27 14:45,@MES#C,5524.49,5524.64,5524.19,5524.49,485,0
2024-06-27 14:46,@MES#C,5523.88,5524.69,5523.28,5524.64,117,0
2024-06-27 14:47,@MES#C,5525.79,5526.81,5524.86,5525.24,249,0
2024-06-27 14:48,@MES#C,5526.09,5526.38,5525.86,5525.87,257,0
2024-06-27 14:49,@MES#C,5523.64,5525.17,5522.46,5525.14,412,0
2024-06-27 14:50,@MES#C,5525.38,5526.08,5525.1,5525.8,275,0
2024-06-27 14:51,@MES#C,5526.76,5527.4,5526.31,5526.82,107,0
2024-06-27 14:52,@MES#C,5526.63,5526.73,5525.48,5525.69,168,0
2024-06-27 14:53,@MES#C,5526.2,5526.93,5526.09,5526.72,333,0
2024-06-27 14:54,@MES#C,5527.13,5529.07,5526.94,5528.48,237,0
2024-06-27 14:55,@MES#C,5527.54,5528.59,5526.94,5528.14,272,0
2024-06-27 14:56,@MES#C,5528.71,5528.73,5528.41,5528.54,383,0
2024-06-27 14:57,@MES#C,5528.45,5528.63,5528.04,5528.18,375,0
2024-06-27 14:58,@MES#C,5527.31,5527.36,5526.87,5527.03,474,0
2024-06-27 14:59,@MES#C,5527.22,5527.63,5526.82,5526.94,428,0
2024-06-27 15:00,@MES#C,5526.84,5526.95,5526.58,5526.79,305,0
2024-06-27 15:01,@MES#C,5526.66,5526.9,5525.84,5526.17,280,0
2024-06-27 15:02,@MES#C,5525.84,5526.3,5524.65,5525.03,247,0
2024-06-27 15:03,@MES#C,5525.42,5526.41,5525.27,5525.42,113,0
2024-06-27 15:04,@MES#C,5526.48,5527.81,5525.63,5526.96,52,0
2024-06-27 15:05,@MES#C,5526.09,5526.74,5526.06,5526.56,370,0
2024-06-27 15:06,@MES#C,5526.11,5526.92,5525.48,5526.91,232,0
2024-06-27 15:07,@MES#C,5527.08,5527.98,5526.12,5527.75,359,0
2024-06-27 15:08,@MES#C,5527.5,5527.8,5527.38,5527.51,364,0
2024-06-27 15:09,@MES#C,5525.15,5525.2,5525.05,5525.11,422,0
2024-06-27 15:10,@MES#C,5524.41,5525.15,5524.33,5524.95,72,0
2024-06-27 15:11,@MES#C,5525.35,5526.29,5525.02,5526.21,445,0
2024-06-27 15:12,@MES#C,5526.33,5526.38,5525.91,5526.02,362,0
2024-06-27 15:13,@MES#C,5526.11,5526.2,5525.02,5525.63,234,0
2024-06-27 15:14,@MES#C,5525.48,5526.21,5524.95,5525.49,395,0
2024-06-27 15:15,@MES#C,5525.65,5525.87,5525.58,5525.78,309,0
2024-06-27 15:16,@MES#C,5525.5,5526.79,5525.36,5526.62,123,0
2024-06-27 15:17,@MES#C,5527.28,5528.41,5527.07,5527.99,327,0
2024-06-27 15:18,@MES#C,5528.35,5528.55,5528.23,5528.36,389,0
2024-06-27 15:19,@MES#C,5527.83,5529.94,5527.49,5529.44,207,0
2024-06-27 15:20,@MES#C,5528.61,5529.4,5527.76,5529.15,315,0
2024-06-27 15:21,@MES#C,5529.44,5529.65,5528.93,5529.36,256,0
2024-06-27 15:22,@MES#C,5528.65,5528.91,5528.18,5528.38,469,0
2024-06-27 15:23,@MES#C,5527.98,5528.11,5526.66,5526.95,419,0
2024-06-27 15:24,@MES#C,5527.54,5527.75,5527.03,5527.1,182,0
2024-06-27 15:25,@MES#C,5527.0,5527.36,5525.03,5525.22,496,0
2024-06-27 15:26,@MES#C,5525.0,5525.77,5524.97,5525.2,452,0
2024-06-27 15:27,@MES#C,5525.49,5525.89,5524.73,5525.13,183,0
2024-06-27 15:28,@MES#C,5524.63,5524.75,5524.42,5524.55,93,0
2024-06-27 15:29,@MES#C,5524.78,5524.93,5524.49,5524.83,420,0
2024-06-27 15:30,@MES#C,5525.02,5525.46,5523.89,5523.94,401,0
2024-06-27 15:31,@MES#C,5523.61,5524.52,5522.14,5522.52,464,0
2024-06-27 15:32,@MES#C,5522.93,5523.83,5522.51,5523.71,298,0
2024-06-27 15:33,@MES#C,5524.8,5525.64,5523.26,5524.01,100,0
2024-06-27 15:34,@MES#C,5525.72,5526.08,5525.58,5525.95,309,0
2024-06-27 15:35,@MES#C,5525.43,5525.54,5524.46,5524.77,204,0
2024-06-27 15:36,@MES#C,5525.76,5525.8,5525.0,5525.39,474,0
2024-06-27 15:37,@MES#C,5525.56,5526.19,5525.15,5525.79,410,0
2024-06-27 15:38,@MES#C,5526.8,5527.5,5525.39,5525.67,401,0
2024-06-27 15:39,@MES#C,5525.74,5525.82,5525.3,5525.7,237,0
2024-06-27 15:40,@MES#C,5526.12,5526.64,5525.53,5525.95,410,0
2024-06-27 15:41,@MES#C,5525.53,5526.1,5525.14,5525.82,210,0
2024-06-27 15:42,@MES#C,5525.72,5525.73,5524.99,5525.55,183,0
2024-06-27 15:43,@MES#C,5526.88,5527.46,5526.4,5527.45,486,0
2024-06-27 15:44,@MES#C,5527.19,5527.58,5526.81,5527.36,295,0
2024-06-27 15:45,@MES#C,5527.32,5528.15,5527.0,5527.73,485,0
2024-06-27 15:46,@MES#C,5528.33,5529.19,5527.45,5527.74,220,0
2024-06-27 15:47,@MES#C,5527.73,5527.76,5527.4,5527.41,308,0
2024-06-27 15:48,@MES#C,5527.91,5527.95,5526.89,5526.94,327,0
2024-06-27 15:49,@MES#C,5525.84,5525.84,5525.62,5525.62,498,0
2024-06-27 15:50,@MES#C,5525.18,5525.34,5524.7,5524.82,174,0
2024-06-27 15:51,@MES#C,5523.04,5523.46,5522.83,5523.42,211,0
2024-06-27 15:52,@MES#C,5524.36,5524.74,5523.41,5523.91,202,0
2024-06-27 15:53,@MES#C,5523.72,5524.14,5523.54,5523.75,55,0
2024-06-27 15:54,@MES#C,5525.01,5525.09,5524.09,5524.43,117,0
2024-06-27 15:55,@MES#C,5525.52,5525.57,5524.86,5525.26,55,0
2024-06-27 15:56,@MES#C,5525.36,5525.62,5525.11,5525.36,265,0
2024-06-27 15:57,@MES#C,5525.73,5526.82,5525.0,5526.57,403,0
2024-06-27 15:58,@MES#C,5527.02,5527.6,5526.42,5527.33,161,0
2024-06-27 15:59,@MES#C,5526.46,5527.05,5526.38,5526.94,270,0
2024-06-27 16:00,@MES#C,5525.52,5525.67,5524.01,5524.6,257,0
2024-06-27 16:01,@MES#C,5525.17,5525.2,5524.39,5524.82,341,0
2024-06-27 16:02,@MES#C,5525.06,5525.93,5524.76,5525.37,476,0
2024-06-27 16:03,@MES#C,5525.77,5525.89,5525.72,5525.87,427,0
2024-06-27 16:04,@MES#C,5526.13,5526.53,5525.88,5526.34,324,0
2024-06-27 16:05,@MES#C,5526.18,5527.57,5526.07,5527.42,221,0
2024-06-27 16:06,@MES#C,5527.79,5528.96,5527.26,5528.63,331,0
2024-06-27 16:07,@MES#C,5530.63,5531.34,5530.56,5530.85,224,0
2024-06-27 16:08,@MES#C,5531.92,5531.99,5531.63,5531.97,465,0
2024-06-27 16:09,@MES#C,5531.8,5532.49,5530.75,5531.23,70,0
2024-06-27 16:10,@MES#C,5531.37,5531.66,5530.87,5531.66,52,0
2024-06-27 16:11,@MES#C,5532.08,5532.9,5531.45,5531.61,161,0
2024-06-27 16:12,@MES#C,5530.91,5531.37,5530.81,5531.29,463,0
2024-06-27 16:13,@MES#C,5530.38,5530.48,5529.42,5529.88,108,0
2024-06-27 16:14,@MES#C,5530.45,5531.03,5530.05,5530.27,223,0
2024-06-27 16:15,@MES#C,5529.91,5530.38,5528.95,5530.15,112,0
2024-06-27 16:16,@MES#C,5531.07,5531.22,5529.98,5530.09,135,0
2024-06-27 16:17,@MES#C,5529.34,5529.84,5528.78,5529.03,405,0
2024-06-27 16:18,@MES#C,5528.57,5529.05,5527.99,5528.39,456,0
2024-06-27 16:19,@MES#C,5527.23,5527.87,5526.69,5527.24,178,0
2024-06-27 16:20,@MES#C,5528.53,5528.87,5528.23,5528.5,87,0
2024-06-27 16:21,@MES#C,5528.41,5529.62,5528.03,5529.24,466,0
2024-06-27 16:22,@MES#C,5529.37,5529.68,5528.66,5528.68,264,0
2024-06-27 16:23,@MES#C,5528.92,5529.63,5528.72,5529.41,487,0
2024-06-27 16:24,@MES#C,5527.91,5529.34,5527.85,5528.71,326,0
2024-06-27 16:25,@MES#C,5529.0,5529.44,5528.12,5528.23,185,0
2024-06-27 16:26,@MES#C,5528.64,5528.8,5527.37,5527.98,489,0
2024-06-27 16:27,@MES#C,5527.27,5527.36,5526.81,5527.32,214,0
2024-06-27 16:28,@MES#C,5527.51,5527.66,5526.3,5527.15,63,0
2024-06-27 16:29,@MES#C,5527.11,5527.35,5526.33,5526.61,430,0
2024-06-27 16:30,@MES#C,5525.9,5526.47,5525.84,5525.9,148,0
2024-06-27 16:31,@MES#C,5527.64,5528.9,5527.13,5528.7,245,0
2024-06-27 16:32,@MES#C,5528.49,5529.09,5527.94,5528.92,215,0
2024-06-27 16:33,@MES#C,5527.8,5528.09,5527.59,5527.97,330,0
2024-06-27 16:34,@MES#C,5527.9,5527.96,5527.66,5527.85,346,0
2024-06-27 16:35,@MES#C,5527.8,5528.61,5526.79,5527.01,50,0
2024-06-27 16:36,@MES#C,5527.17,5527.58,5526.46,5526.8,143,0
2024-06-27 16:37,@MES#C,5527.3,5527.92,5526.12,5526.49,112,0
2024-06-27 16:38,@MES#C,5526.42,5527.0,5525.89,5526.7,184,0
2024-06-27 16:39,@MES#C,5527.09,5527.53,5526.27,5526.67,487,0
2024-06-27 16:40,@MES#C,5526.83,5527.13,5526.43,5527.12,284,0
2024-06-27 16:41,@MES#C,5526.97,5527.92,5526.6,5526.95,441,0
2024-06-27 16:42,@MES#C,5527.69,5529.48,5527.65,5529.33,439,0
2024-06-27 16:43,@MES#C,5528.96,5529.28,5527.23,5527.74,351,0
2024-06-27 16:44,@MES#C,5528.46,5528.51,5528.42,5528.43,220,0
2024-06-27 16:45,@MES#C,5529.4,5529.76,5529.01,5529.38,201,0
2024-06-27 16:46,@MES#C,5528.6,5528.8,5527.18,5527.67,100,0
2024-06-27 16:47,@MES#C,5527.99,5528.28,5527.31,5527.74,345,0
2024-06-27 16:48,@MES#C,5527.53,5528.12,5526.55,5526.92,80,0
2024-06-27 16:49,@MES#C,5527.22,5527.88,5527.15,5527.68,474,0
2024-06-27 16:50,@MES#C,5528.48,5528.84,5527.9,5528.0,240,0
2024-06-27 16:51,@MES#C,5529.28,5529.57,5528.8,5529.23,467,0
2024-06-27 16:52,@MES#C,5527.89,5528.06,5527.37,5528.04,67,0
2024-06-27 16:53,@MES#C,5527.28,5527.61,5527.17,5527.38,383,0
2024-06-27 16:54,@MES#C,5527.88,5527.96,5527.29,5527.68,398,0
2024-06-27 16:55,@MES#C,5527.91,5528.42,5527.27,5527.98,196,0
2024-06-27 16:56,@MES#C,5528.38,5528.49,5528.23,5528.46,260,0
2024-06-27 16:57,@MES#C,5529.17,5530.24,5528.47,5530.14,366,0
2024-06-27 16:58,@MES#C,5530.99,5531.65,5530.92,5530.95,321,0
2024-06-27 16:59,@MES#C,5530.33,5530.45,5529.95,5530.38,490,0
2024-06-27 17:00,@MES#C,5530.07,5530.3,5529.25,5529.55,385,0
2024-06-27 17:01,@MES#C,5531.02,5532.33,5530.67,5531.58,263,0
2024-06-27 17:02,@MES#C,5532.12,5532.42,5531.92,5532.34,51,0
2024-06-27 17:03,@MES#C,5531.49,5532.0,5530.79,5531.29,366,0
2024-06-27 17:04,@MES#C,5530.31,5530.84,5530.12,5530.67,334,0
2024-06-27 17:05,@MES#C,5531.04,5531.55,5530.36,5530.66,361,0
2024-06-27 17:06,@MES#C,5530.68,5530.83,5530.54,5530.67,313,0
2024-06-27 17:07,@MES#C,5531.27,5532.6,5531.06,5531.68,482,0
2024-06-27 17:08,@MES#C,5533.09,5533.12,5532.34,5532.41,314,0
2024-06-27 17:09,@MES#C,5533.31,5533.44,5531.86,5532.78,310,0
2024-06-27 17:10,@MES#C,5532.28,5532.49,5532.03,5532.27,101,0
2024-06-27 17:11,@MES#C,5531.9,5532.11,5530.8,5531.06,104,0
2024-06-27 17:12,@MES#C,5530.42,5530.83,5529.94,5530.61,144,0
2024-06-27 17:13,@MES#C,5530.88,5531.52,5530.82,5531.31,469,0
2024-06-27 17:14,@MES#C,5531.08,5531.72,5530.93,5531.52,123,0
2024-06-27 17:15,@MES#C,5531.19,5531.65,5530.24,5531.46,185,0
2024-06-27 17:16,@MES#C,5531.19,5531.45,5530.69,5531.11,173,0
2024-06-27 17:17,@MES#C,5531.64,5532.2,5531.52,5532.08,142,0
2024-06-27 17:18,@MES#C,5531.69,5531.91,5530.62,5531.14,477,0
2024-06-27 17:19,@MES#C,5532.61,5532.72,5531.34,5531.44,435,0
2024-06-27 17:20,@MES#C,5531.61,5532.02,5531.09,5531.26,65,0
2024-06-27 17:21,@MES#C,5530.67,5530.84,5529.45,5529.84,360,0
2024-06-27 17:22,@MES#C,5530.68,5530.87,5529.16,5529.4,378,0
2024-06-27 17:23,@MES#C,5529.61,5530.11,5529.31,5529.85,169,0
2024-06-27 17:24,@MES#C,5529.71,5531.53,5529.59,5530.98,354,0
2024-06-27 17:25,@MES#C,5530.71,5531.32,5530.4,5530.93,173,0
2024-06-27 17:26,@MES#C,5529.2,5529.62,5528.9,5528.96,120,0
2024-06-27 17:27,@MES#C,5529.18,5529.19,5528.22,5528.58,115,0
2024-06-27 17:28,@MES#C,5528.82,5529.92,5528.56,5529.41,267,0
2024-06-27 17:29,@MES#C,5529.13,5530.42,5529.06,5530.29,346,0
2024-06-27 17:30,@MES#C,5529.61,5529.89,5529.54,5529.55,141,0
2024-06-27 17:31,@MES#C,5529.32,5530.3,5529.11,5530.04,206,0
2024-06-27 17:32,@MES#C,5530.39,5530.5,5529.25,5529.68,427,0
2024-06-27 17:33,@MES#C,5530.46,5531.12,5530.44,5530.79,282,0
2024-06-27 17:34,@MES#C,5531.5,5531.51,5530.33,5530.62,147,0
2024-06-27 17:35,@MES#C,5531.49,5531.71,5530.74,5531.4,56,0
2024-06-27 17:36,@MES#C,5531.18,5531.8,5530.62,5531.49,316,0
2024-06-27 17:37,@MES#C,5530.71,5530.94,5530.47,5530.64,255,0
2024-06-27 17:38,@MES#C,5530.72,5531.86,5530.56,5531.12,87,0
2024-06-27 17:39,@MES#C,5531.49,5532.92,5531.11,5532.66,126,0
2024-06-27 17:40,@MES#C,5531.38,5531.72,5531.11,5531.62,406,0
2024-06-27 17:41,@MES#C,5531.7,5531.78,5531.26,5531.33,50,0
2024-06-27 17:42,@MES#C,5531.89,5532.18,5531.5,5532.03,362,0
2024-06-27 17:43,@MES#C,5532.02,5532.23,5530.4,5530.77,177,0
2024-06-27 17:44,@MES#C,5530.7,5531.46,5529.96,5530.92,240,0
2024-06-27 17:45,@MES#C,5529.87,5530.16,5529.39,5530.07,372,0
2024-06-27 17:46,@MES#C,5530.05,5530.9,5529.65,5530.41,366,0
2024-06-27 17:47,@MES#C,5530.24,5530.79,5530.22,5530.66,84,0
2024-06-27 17:48,@MES#C,5532.45,5532.72,5531.61,5531.88,178,0
2024-06-27 17:49,@MES#C,5532.21,5533.42,5531.42,5533.3,427,0
2024-06-27 17:50,@MES#C,5533.38,5533.93,5532.65,5533.03,73,0
2024-06-27 17:51,@MES#C,5534.11,5534.81,5534.08,5534.68,325,0
2024-06-27 17:52,@MES#C,5535.79,5535.97,5534.17,5534.61,226,0
2024-06-27 17:53,@MES#C,5535.13,5535.5,5534.8,5535.19,279,0
2024-06-27 17:54,@MES#C,5535.76,5536.37,5535.33,5535.38,471,0
2024-06-27 17:55,@MES#C,5534.42,5534.77,5534.41,5534.46,466,0
2024-06-27 17:56,@MES#C,5533.61,5534.31,5532.72,5533.9,286,0
2024-06-27 17:57,@MES#C,5533.09,5533.71,5532.63,5533.61,217,0
2024-06-27 17:58,@MES#C,5533.83,5535.46,5533.43,5534.98,212,0
2024-06-27 17:59,@MES#C,5535.38,5536.06,5534.28,5534.34,277,0
2024-06-27 18:00,@MES#C,5534.47,5534.63,5532.94,5533.37,81,0
2024-06-27 18:01,@MES#C,5533.42,5533.94,5532.75,5533.76,287,0
2024-06-27 18:02,@MES#C,5533.04,5533.38,5532.21,5532.8,172,0
2024-06-27 18:03,@MES#C,5531.91,5532.36,5531.52,5531.78,313,0
2024-06-27 18:04,@MES#C,5532.46,5533.78,5532.39,5533.29,128,0
2024-06-27 18:05,@MES#C,5532.88,5534.46,5532.42,5534.37,324,0
2024-06-27 18:06,@MES#C,5534.08,5534.6,5533.71,5534.38,310,0
2024-06-27 18:07,@MES#C,5534.21,5535.61,5534.07,5534.88,328,0
2024-06-27 18:08,@MES#C,5535.93,5536.43,5534.74,5535.19,154,0
2024-06-27 18:09,@MES#C,5535.07,5536.45,5534.38,5536.19,305,0
2024-06-27 18:10,@MES#C,5535.07,5536.17,5534.6,5535.63,259,0
2024-06-27 18:11,@MES#C,5535.6,5536.1,5535.55,5535.78,447,0
2024-06-27 18:12,@MES#C,5534.83,5536.05,5534.65,5535.64,481,0
2024-06-27 18:13,@MES#C,5535.21,5536.4,5534.98,5534.99,200,0
2024-06-27 18:14,@MES#C,5534.33,5534.93,5534.0,5534.06,277,0
2024-06-27 18:15,@MES#C,5534.33,5535.24,5534.25,5534.87,210,0
2024-06-27 18:16,@MES#C,5535.04,5535.2,5534.36,5534.6,461,0
2024-06-27 18:17,@MES#C,5534.48,5535.24,5534.34,5535.14,186,0
2024-06-27 18:18,@MES#C,5536.29,5536.97,5535.28,5535.62,148,0
2024-06-27 18:19,@MES#C,5536.65,5537.38,5536.24,5536.25,341,0
2024-06-27 18:20,@MES#C,5536.16,5536.94,5535.59,5535.65,283,0
2024-06-27 18:21,@MES#C,5537.62,5538.17,5536.95,5537.85,207,0
2024-06-27 18:22,@MES#C,5538.35,5538.95,5538.05,5538.93,347,0
2024-06-27 18:23,@MES#C,5538.92,5539.15,5538.71,5538.99,389,0
2024-06-27 18:24,@MES#C,5539.39,5540.14,5538.59,5539.88,227,0
2024-06-27 18:25,@MES#C,5539.71,5540.55,5539.33,5539.99,211,0
2024-06-27 18:26,@MES#C,5541.6,5541.96,5541.13,5541.13,199,0
2024-06-27 18:27,@MES#C,5540.09,5541.15,5539.51,5540.63,166,0
2024-06-27 18:28,@MES#C,5541.56,5542.9,5541.16,5542.64,173,0
2024-06-27 18:29,@MES#C,5542.56,5543.43,5542.36,5543.36,463,0
2024-06-27 18:30,@MES#C,5542.36,5542.83,5541.41,5541.63,312,0
2024-06-27 18:31,@MES#C,5543.16,5544.48,5542.58,5544.3,52,0
2024-06-27 18:32,@MES#C,5544.21,5544.25,5543.34,5543.71,335,0
2024-06-27 18:33,@MES#C,5541.9,5542.92,5541.77,5542.0,150,0
2024-06-27 18:34,@MES#C,5542.56,5542.99,5542.1,5542.12,149,0
2024-06-27 18:35,@MES#C,5542.27,5542.31,5541.51,5541.65,199,0
2024-06-27 18:36,@MES#C,5541.64,5542.7,5541.44,5542.62,483,0
2024-06-27 18:37,@MES#C,5542.8,5542.81,5542.38,5542.64,463,0
2024-06-27 18:38,@MES#C,5542.24,5542.43,5541.8,5542.0,146,0
2024-06-27 18:39,@MES#C,5541.71,5543.68,5541.48,5542.61,392,0
2024-06-27 18:40,@MES#C,5542.84,5543.57,5542.44,5543.46,175,0
2024-06-27 18:41,@MES#C,5544.01,5544.78,5543.71,5544.2,102,0
2024-06-27 18:42,@MES#C,5544.17,5544.36,5543.1,5543.58,298,0
2024-06-27 18:43,@MES#C,5543.43,5544.55,5543.04,5544.49,152,0
2024-06-27 18:44,@MES#C,5544.67,5546.13,5544.65,5545.83,412,0
2024-06-27 18:45,@MES#C,5545.81,5546.36,5545.26,5545.38,58,0
2024-06-27 18:46,@MES#C,5544.95,5544.99,5544.61,5544.63,494,0
2024-06-27 18:47,@MES#C,5546.02,5547.26,5545.85,5546.42,388,0
2024-06-27 18:48,@MES#C,5547.05,5547.27,5545.96,5546.82,149,0
2024-06-27 18:49,@MES#C,5545.03,5545.83,5544.22,5544.61,348,0
2024-06-27 18:50,@MES#C,5543.92,5544.76,5543.44,5543.94,459,0
2024-06-27 18:51,@MES#C,5543.84,5544.17,5543.5,5543.64,322,0
2024-06-27 18:52,@MES#C,5544.59,5544.78,5544.21,5544.38,441,0
2024-06-27 18:53,@MES#C,5545.04,5545.32,5545.02,5545.23,375,0
2024-06-27 18:54,@MES#C,5545.56,5546.87,5545.41,5546.78,476,0
2024-06-27 18:55,@MES#C,5547.09,5547.14,5545.46,5545.82,128,0
2024-06-27 18:56,@MES#C,5545.39,5546.35,5545.26,5545.51,358,0
2024-06-27 18:57,@MES#C,5544.38,5544.7,5544.19,5544.23,96,0
2024-06-27 18:58,@MES#C,5543.99,5545.13,5543.91,5544.69,251,0
2024-06-27 18:59,@MES#C,5544.97,5546.02,5544.93,5545.05,235,0
2024-06-27 19:00,@MES#C,5544.93,5545.74,5544.84,5545.45,283,0
2024-06-27 19:01,@MES#C,5546.53,5547.33,5545.68,5547.22,61,0
2024-06-27 19:02,@MES#C,5546.72,5546.73,5545.86,5546.01,120,0
2024-06-27 19:03,@MES#C,5545.49,5545.72,5545.18,5545.69,197,0
2024-06-27 19:04,@MES#C,5545.73,5546.09,5545.47,5545.8,302,0
2024-06-27 19:05,@MES#C,5544.93,5545.61,5544.22,5544.63,410,0
2024-06-27 19:06,@MES#C,5544.1,5544.43,5543.29,5543.35,68,0
2024-06-27 19:07,@MES#C,5543.33,5543.83,5542.85,5543.14,236,0
2024-06-27 19:08,@MES#C,5541.9,5542.67,5541.89,5542.34,304,0
2024-06-27 19:09,@MES#C,5543.04,5543.66,5542.63,5543.11,431,0
2024-06-27 19:10,@MES#C,5542.83,5543.09,5541.97,5542.55,65,0
2024-06-27 19:11,@MES#C,5543.0,5544.06,5542.77,5544.05,154,0
2024-06-27 19:12,@MES#C,5544.57,5545.47,5543.77,5545.19,230,0
2024-06-27 19:13,@MES#C,5545.4,5546.84,5545.29,5546.32,143,0
2024-06-27 19:14,@MES#C,5546.04,5548.1,5545.87,5547.2,381,0
2024-06-27 19:15,@MES#C,5547.89,5548.17,5546.72,5547.12,316,0
2024-06-27 19:16,@MES#C,5546.99,5547.7,5546.55,5547.67,421,0
2024-06-27 19:17,@MES#C,5546.27,5546.73,5544.48,5544.96,479,0
2024-06-27 19:18,@MES#C,5545.16,5545.76,5544.81,5545.4,244,0
2024-06-27 19:19,@MES#C,5546.16,5546.26,5545.88,5545.96,235,0
2024-06-27 19:20,@MES#C,5545.27,5546.16,5544.47,5544.82,499,0
2024-06-27 19:21,@MES#C,5545.29,5545.55,5545.12,5545.25,310,0
2024-06-27 19:22,@MES#C,5544.56,5545.1,5543.86,5544.88,305,0
2024-06-27 19:23,@MES#C,5544.32,5544.89,5544.22,5544.52,62,0
2024-06-27 19:24,@MES#C,5544.34,5544.68,5542.87,5543.85,292,0
2024-06-27 19:25,@MES#C,5543.5,5543.69,5542.88,5543.14,285,0
2024-06-27 19:26,@MES#C,5542.26,5542.28,5542.08,5542.24,145,0
2024-06-27 19:27,@MES#C,5541.93,5542.18,5541.54,5541.65,363,0
2024-06-27 19:28,@MES#C,5543.43,5545.01,5543.2,5544.23,169,0
2024-06-27 19:29,@MES#C,5544.41,5545.19,5544.27,5545.0,479,0
2024-06-27 19:30,@MES#C,5545.58,5546.58,5545.53,5545.87,275,0
2024-06-27 19:31,@MES#C,5546.09,5546.67,5545.99,5546.37,465,0
2024-06-27 19:32,@MES#C,5546.3,5546.57,5545.81,5546.17,391,0
2024-06-27 19:33,@MES#C,5546.37,5547.79,5545.89,5547.6,409,0
2024-06-27 19:34,@MES#C,5547.82,5548.24,5547.51,5547.61,314,0
2024-06-27 19:35,@MES#C,5547.83,5548.1,5547.79,5548.01,103,0
2024-06-27 19:36,@MES#C,5547.01,5547.98,5546.62,5547.85,211,0
2024-06-27 19:37,@MES#C,5547.93,5548.12,5547.72,5547.72,480,0
2024-06-27 19:38,@MES#C,5548.8,5549.09,5548.45,5549.08,392,0
2024-06-27 19:39,@MES#C,5549.4,5549.72,5549.22,5549.49,107,0
2024-06-27 19:40,@MES#C,5548.58,5549.72,5548.14,5549.12,452,0
2024-06-27 19:41,@MES#C,5548.76,5549.39,5547.43,5549.29,346,0
2024-06-27 19:42,@MES#C,5549.05,5550.63,5548.84,5549.97,298,0
2024-06-27 19:43,@MES#C,5550.05,5550.51,5549.7,5550.06,164,0
2024-06-27 19:44,@MES#C,5549.93,5550.62,5549.41,5549.76,140,0
2024-06-27 19:45,@MES#C,5549.25,5550.5,5549.24,5549.87,78,0
2024-06-27 19:46,@MES#C,5549.77,5549.85,5549.74,5549.82,347,0
2024-06-27 19:47,@MES#C,5549.73,5550.78,5548.83,5550.55,406,0
2024-06-27 19:48,@MES#C,5550.04,5550.42,5549.93,5550.19,267,0
2024-06-27 19:49,@MES#C,5550.62,5551.17,5550.09,5550.5,364,0
2024-06-27 19:50,@MES#C,5550.05,5550.71,5549.92,5550.39,355,0
2024-06-27 19:51,@MES#C,5550.18,5550.96,5549.84,5550.86,229,0
2024-06-27 19:52,@MES#C,5550.12,5551.31,5550.01,5551.03,481,0
2024-06-27 19:53,@MES#C,5551.46,5551.87,5550.26,5551.01,153,0
2024-06-27 19:54,@MES#C,5550.17,5550.32,5549.75,5549.84,202,0
2024-06-27 19:55,@MES#C,5548.67,5548.94,5548.27,5548.54,468,0
2024-06-27 19:56,@MES#C,5548.08,5548.17,5546.94,5547.47,432,0
2024-06-27 19:57,@MES#C,5547.6,5548.02,5546.92,5547.18,368,0
2024-06-27 19:58,@MES#C,5545.93,5546.55,5545.77,5546.23,85,0
2024-06-27 19:59,@MES#C,5547.0,5547.6,5546.44,5547.15,252,0
2024-06-27 20:00,@MES#C,5547.36,5547.77,5546.96,5547.55,488,0
2024-06-27 20:01,@MES#C,5548.03,5548.68,5547.38,5548.44,385,0
2024-06-27 20:02,@MES#C,5548.26,5548.49,5547.15,5547.78,371,0
2024-06-27 20:03,@MES#C,5547.18,5549.29,5546.89,5548.92,429,0
2024-06-27 20:04,@MES#C,5548.05,5548.09,5546.76,5547.05,57,0
2024-06-27 20:05,@MES#C,5545.53,5545.58,5543.62,5544.74,385,0
2024-06-27 20:06,@MES#C,5545.45,5546.16,5544.6,5545.67,264,0
2024-06-27 20:07,@MES#C,5545.59,5545.74,5545.13,5545.43,220,0
2024-06-27 20:08,@MES#C,5544.65,5545.84,5544.54,5545.48,134,0
2024-06-27 20:09,@MES#C,5546.05,5546.44,5545.3,5545.54,392,0
2024-06-27 20:10,@MES#C,5545.41,5546.78,5545.12,5546.39,88,0
2024-06-27 20:11,@MES#C,5546.64,5547.49,5546.56,5546.57,426,0
2024-06-27 20:12,@MES#C,5546.73,5546.79,5546.15,5546.53,87,0
2024-06-27 20:13,@MES#C,5544.84,5545.58,5544.55,5545.15,226,0
2024-06-27 20:14,@MES#C,5545.15,5546.1,5544.94,5545.72,425,0
2024-06-27 20:15,@MES#C,5544.53,5545.85,5544.09,5545.2,170,0
2024-06-27 20:16,@MES#C,5545.54,5545.68,5545.29,5545.42,318,0
2024-06-27 20:17,@MES#C,5545.66,5546.47,5545.52,5546.1,458,0
2024-06-27 20:18,@MES#C,5543.99,5544.22,5542.67,5542.84,162,0
2024-06-27 20:19,@MES#C,5542.79,5543.19,5541.9,5542.56,489,0
2024-06-27 20:20,@MES#C,5540.98,5541.59,5540.59,5541.43,373,0
2024-06-27 20:21,@MES#C,5541.71,5541.73,5541.6,5541.63,347,0
2024-06-27 20:22,@MES#C,5541.28,5541.58,5539.9,5540.54,168,0
2024-06-27 20:23,@MES#C,5540.1,5540.32,5539.59,5539.66,218,0
2024-06-27 20:24,@MES#C,5539.62,5540.21,5539.0,5539.02,221,0
2024-06-27 20:25,@MES#C,5538.74,5539.11,5538.36,5538.68,498,0
2024-06-27 20:26,@MES#C,5539.51,5540.3,5539.06,5540.16,341,0
2024-06-27 20:27,@MES#C,5540.39,5540.94,5539.27,5539.4,352,0
2024-06-27 20:28,@MES#C,5539.8,5540.17,5537.97,5538.73,445,0
2024-06-27 20:29,@MES#C,5538.6,5538.97,5538.42,5538.95,103,0
2024-06-27 20:30,@MES#C,5538.68,5538.71,5538.39,5538.55,356,0
2024-06-27 20:31,@MES#C,5540.8,5542.52,5540.75,5541.81,178,0
2024-06-27 20:32,@MES#C,5541.49,5542.38,5541.3,5542.26,83,0
2024-06-27 20:33,@MES#C,5541.04,5542.32,5540.64,5542.3,155,0
2024-06-27 20:34,@MES#C,5542.49,5542.61,5541.28,5541.86,454,0
2024-06-27 20:35,@MES#C,5541.53,5542.39,5541.27,5542.2,432,0
2024-06-27 20:36,@MES#C,5542.18,5543.02,5541.89,5542.67,378,0
2024-06-27 20:37,@MES#C,5542.45,5542.52,5541.94,5542.44,191,0
2024-06-27 20:38,@MES#C,5543.49,5544.19,5542.83,5543.11,107,0
2024-06-27 20:39,@MES#C,5543.78,5544.74,5543.48,5544.33,490,0
2024-06-27 20:40,@MES#C,5543.15,5543.24,5542.83,5543.23,171,0
2024-06-27 20:41,@MES#C,5543.71,5543.97,5542.41,5542.79,190,0
2024-06-27 20:42,@MES#C,5542.36,5542.68,5541.15,5541.38,186,0
2024-06-27 20:43,@MES#C,5541.37,5541.91,5540.68,5541.2,258,0
2024-06-27 20:44,@MES#C,5542.35,5542.41,5541.9,5541.97,276,0
2024-06-27 20:45,@MES#C,5541.36,5541.76,5540.35,5541.13,80,0
2024-06-27 20:46,@MES#C,5540.75,5541.85,5540.6,5541.44,423,0
2024-06-27 20:47,@MES#C,5541.6,5541.98,5540.97,5541.94,292,0
2024-06-27 20:48,@MES#C,5540.49,5542.45,5540.41,5541.39,251,0
2024-06-27 20:49,@MES#C,5541.52,5541.66,5540.76,5540.84,341,0
2024-06-27 20:50,@MES#C,5543.05,5543.66,5542.45,5543.12,89,0
2024-06-27 20:51,@MES#C,5543.31,5543.58,5542.62,5543.47,423,0
2024-06-27 20:52,@MES#C,5543.67,5543.92,5542.87,5543.2,68,0
2024-06-27 20:53,@MES#C,5541.98,5542.72,5541.8,5542.29,231,0
2024-06-27 20:54,@MES#C,5541.64,5541.86,5540.86,5541.47,291,0
2024-06-27 20:55,@MES#C,5542.48,5544.24,5541.88,5544.22,121,0
2024-06-27 20:56,@MES#C,5543.66,5544.73,5543.65,5544.41,241,0
2024-06-27 20:57,@MES#C,5544.97,5545.31,5543.96,5544.2,430,0
2024-06-27 20:58,@MES#C,5543.91,5543.94,5543.02,5543.07,383,0
2024-06-27 20:59,@MES#C,5543.49,5544.08,5543.33,5543.77,181,0
2024-06-27 21:00,@MES#C,5544.52,5544.67,5543.59,5544.19,365,0
2024-06-27 21:01,@MES#C,5544.47,5544.89,5542.71,5543.28,275,0
2024-06-27 21:02,@MES#C,5543.91,5543.94,5542.48,5542.76,476,0
2024-06-27 21:03,@MES#C,5542.41,5543.03,5542.37,5542.62,186,0
2024-06-27 21:04,@MES#C,5540.83,5541.68,5540.82,5541.52,153,0
2024-06-27 21:05,@MES#C,5541.28,5541.77,5540.7,5540.75,487,0
2024-06-27 21:06,@MES#C,5540.32,5540.62,5539.94,5540.04,212,0
2024-06-27 21:07,@MES#C,5539.54,5539.64,5539.04,5539.27,130,0
2024-06-27 21:08,@MES#C,5538.44,5539.55,5537.34,5539.31,249,0
2024-06-27 21:09,@MES#C,5540.15,5540.54,5540.12,5540.38,391,0
2024-06-27 21:10,@MES#C,5540.52,5541.55,5540.28,5540.98,127,0
2024-06-27 21:11,@MES#C,5541.01,5543.12,5540.81,5541.93,485,0
2024-06-27 21:12,@MES#C,5540.97,5541.41,5540.31,5540.81,412,0
2024-06-27 21:13,@MES#C,5540.78,5541.36,5539.78,5541.07,213,0
2024-06-27 21:14,@MES#C,5541.04,5541.3,5539.6,5540.35,134,0
2024-06-27 21:15,@MES#C,5540.56,5540.8,5539.82,5540.79,473,0
2024-06-27 21:16,@MES#C,5542.04,5542.69,5540.93,5541.63,308,0
2024-06-27 21:17,@MES#C,5541.67,5541.93,5541.42,5541.64,165,0
2024-06-27 21:18,@MES#C,5542.69,5543.18,5542.32,5542.95,444,0
2024-06-27 21:19,@MES#C,5542.82,5543.72,5542.46,5543.37,187,0
2024-06-27 21:20,@MES#C,5543.53,5544.03,5543.19,5543.61,380,0
2024-06-27 21:21,@MES#C,5542.75,5542.89,5542.06,5542.61,161,0
2024-06-27 21:22,@MES#C,5542.66,5543.97,5542.45,5543.68,284,0
2024-06-27 21:23,@MES#C,5543.03,5544.83,5542.83,5543.73,464,0
2024-06-27 21:24,@MES#C,5544.64,5545.07,5543.58,5544.46,211,0
2024-06-27 21:25,@MES#C,5545.39,5547.0,5545.37,5546.84,220,0
2024-06-27 21:26,@MES#C,5547.57,5548.29,5547.37,5548.28,424,0
2024-06-27 21:27,@MES#C,5548.06,5548.88,5547.33,5548.78,196,0
2024-06-27 21:28,@MES#C,5548.1,5548.44,5547.13,5547.59,380,0
2024-06-27 21:29,@MES#C,5548.82,5548.99,5547.27,5547.75,450,0
2024-06-27 21:30,@MES#C,5547.73,5547.84,5546.84,5547.18,179,0
2024-06-27 21:31,@MES#C,5546.96,5547.14,5546.02,5546.65,445,0
2024-06-27 21:32,@MES#C,5546.91,5548.35,5546.68,5547.72,83,0
2024-06-27 21:33,@MES#C,5547.38,5547.52,5546.07,5546.49,451,0
2024-06-27 21:34,@MES#C,5546.87,5546.94,5545.31,5545.94,404,0
2024-06-27 21:35,@MES#C,5545.63,5546.08,5545.2,5545.33,78,0
2024-06-27 21:36,@MES#C,5545.42,5545.62,5544.88,5545.3,217,0
2024-06-27 21:37,@MES#C,5544.93,5546.02,5544.63,5545.65,215,0
2024-06-27 21:38,@MES#C,5545.55,5546.65,5545.2,5546.18,135,0
2024-06-27 21:39,@MES#C,5545.83,5546.81,5544.92,5546.49,53,0
2024-06-27 21:40,@MES#C,5546.35,5547.06,5546.28,5546.44,145,0
2024-06-27 21:41,@MES#C,5544.88,5545.04,5544.18,5544.61,99,0
2024-06-27 21:42,@MES#C,5545.23,5546.06,5545.04,5545.63,64,0
2024-06-27 21:43,@MES#C,5546.79,5546.91,5546.21,5546.28,380,0
2024-06-27 21:44,@MES#C,5546.32,5547.1,5545.26,5545.66,409,0
2024-06-27 21:45,@MES#C,5544.5,5544.67,5543.56,5543.97,261,0
2024-06-27 21:46,@MES#C,5543.54,5543.7,5543.12,5543.59,160,0
2024-06-27 21:47,@MES#C,5543.91,5543.99,5542.86,5543.14,122,0
2024-06-27 21:48,@MES#C,5543.24,5543.75,5542.88,5543.68,307,0
2024-06-27 21:49,@MES#C,5544.4,5545.08,5544.25,5544.64,377,0
2024-06-27 21:50,@MES#C,5543.31,5543.39,5542.8,5542.84,407,0
2024-06-27 21:51,@MES#C,5542.19,5543.44,5542.19,5543.39,228,0
2024-06-27 21:52,@MES#C,5542.86,5542.91,5542.25,5542.26,281,0
2024-06-27 21:53,@MES#C,5543.58,5543.61,5543.18,5543.5,279,0
2024-06-27 21:54,@MES#C,5543.37,5544.2,5542.86,5543.69,492,0
2024-06-27 21:55,@MES#C,5543.51,5543.55,5542.94,5543.02,226,0
2024-06-27 21:56,@MES#C,5542.45,5542.54,5541.73,5542.14,285,0
2024-06-27 21:57,@MES#C,5541.58,5541.8,5541.21,5541.22,495,0
2024-06-27 21:58,@MES#C,5540.84,5541.24,5540.24,5540.3,182,0
2024-06-27 21:59,@MES#C,5540.75,5541.03,5539.65,5539.95,149,0
2024-06-27 23:00,@MES#C,5539.95,5540.75,5539.14,5539.59,76,0
2024-06-27 23:01,@MES#C,5539.04,5539.6,5538.54,5539.49,404,0
2024-06-27 23:02,@MES#C,5540.06,5541.23,5539.42,5539.65,450,0
2024-06-27 23:03,@MES#C,5539.81,5540.43,5539.61,5540.19,177,0
2024-06-27 23:04,@MES#C,5540.96,5541.82,5540.12,5541.48,340,0
2024-06-27 23:05,@MES#C,5542.12,5542.17,5541.99,5542.15,437,0
2024-06-27 23:06,@MES#C,5541.99,5542.6,5540.21,5540.68,370,0
2024-06-27 23:07,@MES#C,5541.39,5541.47,5541.19,5541.39,98,0
2024-06-27 23:08,@MES#C,5539.99,5540.02,5539.95,5539.99,412,0
2024-06-27 23:09,@MES#C,5540.34,5541.14,5540.25,5540.98,473,0
2024-06-27 23:10,@MES#C,5543.13,5543.44,5542.48,5542.57,447,0
2024-06-27 23:11,@MES#C,5542.88,5543.45,5542.46,5543.25,375,0
2024-06-27 23:12,@MES#C,5542.55,5542.93,5542.29,5542.38,301,0
2024-06-27 23:13,@MES#C,5543.48,5544.0,5541.29,5542.29,291,0
2024-06-27 23:14,@MES#C,5543.26,5543.65,5543.16,5543.2,262,0
2024-06-27 23:15,@MES#C,5543.1,5543.45,5542.96,5543.35,319,0
2024-06-27 23:16,@MES#C,5544.69,5544.72,5543.64,5543.72,246,0
2024-06-27 23:17,@MES#C,5543.4,5544.01,5543.05,5543.08,52,0
2024-06-27 23:18,@MES#C,5545.03,5545.46,5544.81,5545.35,289,0
2024-06-27 23:19,@MES#C,5546.42,5547.14,5545.58,5545.72,278,0
2024-06-27 23:20,@MES#C,5546.39,5546.83,5546.18,5546.56,394,0
2024-06-27 23:21,@MES#C,5546.79,5547.64,5546.26,5547.58,253,0
2024-06-27 23:22,@MES#C,5547.31,5548.36,5546.53,5547.64,94,0
2024-06-27 23:23,@MES#C,5546.9,5547.44,5546.8,5547.2,171,0
2024-06-27 23:24,@MES#C,5547.71,5548.46,5547.17,5548.39,205,0
2024-06-27 23:25,@MES#C,5548.7,5549.88,5548.47,5549.55,274,0
2024-06-27 23:26,@MES#C,5549.0,5550.41,5548.95,5549.59,147,0
2024-06-27 23:27,@MES#C,5548.74,5549.17,5548.25,5548.31,389,0
2024-06-27 23:28,@MES#C,5548.03,5548.61,5547.97,5548.26,228,0
2024-06-27 23:29,@MES#C,5548.41,5548.47,5547.32,5547.43,140,0
2024-06-27 23:30,@MES#C,5547.57,5547.83,5546.46,5546.58,118,0
2024-06-27 23:31,@MES#C,5545.08,5545.24,5543.79,5544.34,110,0
2024-06-27 23:32,@MES#C,5544.76,5545.21,5544.32,5544.84,87,0
2024-06-27 23:33,@MES#C,5545.4,5546.21,5545.13,5545.52,454,0
2024-06-27 23:34,@MES#C,5545.67,5545.75,5544.06,5544.65,491,0
2024-06-27 23:35,@MES#C,5545.33,5546.47,5545.14,5546.19,492,0
2024-06-27 23:36,@MES#C,5547.45,5547.91,5546.74,5547.59,160,0
2024-06-27 23:37,@MES#C,5548.01,5548.39,5546.97,5547.21,65,0
2024-06-27 23:38,@MES#C,5546.97,5547.76,5546.95,5547.64,251,0
2024-06-27 23:39,@MES#C,5547.87,5548.56,5547.7,5548.35,59,0
2024-06-27 23:40,@MES#C,5549.34,5549.89,5549.31,5549.74,270,0
2024-06-27 23:41,@MES#C,5548.27,5549.07,5548.18,5548.42,90,0
2024-06-27 23:42,@MES#C,5548.48,5548.68,5548.05,5548.13,62,0
2024-06-27 23:43,@MES#C,5547.44,5547.68,5546.43,5547.16,104,0
2024-06-27 23:44,@MES#C,5547.01,5547.85,5546.32,5546.68,66,0
2024-06-27 23:45,@MES#C,5547.1,5547.34,5545.97,5546.71,122,0
2024-06-27 23:46,@MES#C,5548.87,5550.18,5548.16,5549.56,358,0
2024-06-27 23:47,@MES#C,5549.32,5550.05,5548.4,5548.79,439,0
2024-06-27 23:48,@MES#C,5547.97,5548.02,5546.57,5547.36,158,0
2024-06-27 23:49,@MES#C,5546.87,5547.29,5546.15,5546.15,93,0
2024-06-27 23:50,@MES#C,5546.61,5546.97,5546.21,5546.89,349,0
2024-06-27 23:51,@MES#C,5546.64,5546.84,5545.12,5545.63,400,0
2024-06-27 23:52,@MES#C,5545.93,5546.52,5545.83,5545.98,83,0
2024-06-27 23:53,@MES#C,5546.13,5546.48,5545.9,5546.22,119,0
2024-06-27 23:54,@MES#C,5545.67,5545.94,5544.65,5545.03,268,0
2024-06-27 23:55,@MES#C,5544.86,5545.45,5542.91,5543.7,233,0
